"from","to","anchor","context"
"/","/","본문으로 건너뛰기","content"
"/","/","OONURIM오누림","navigation"
"/","/health","질환 알아보기","navigation"
"/","/health/guides/danger-signals","몸이 보내는 신호","navigation"
"/","/health/guides/reading-health-results","검사·건강수치","navigation"
"/","/health/guides/family-medication-support","가족 건강","navigation"
"/","/health","건강 도구","navigation"
"/","/health/trust/about","오누림 소개","navigation"
"/","/health/hypertension","고혈압 안내 보기","content"
"/","/health/allergic-rhinitis","알레르기 비염 안내 보기","content"
"/","/health/hypertension","심장·혈관고혈압, 숫자에 놀라기 전에 기록부터혈압 숫자, 안정된 측정, 7일 기록과 진료 질문안내 열기 →","content"
"/","/health/type-2-diabetes","대사·혈당제2형 당뇨병, 한 번의 숫자보다 흐름 보기혈당과 인슐린, 검사 용어, 관찰 기록과 가족 지원안내 열기 →","content"
"/","/health/allergic-rhinitis","호흡·알레르기알레르기 비염, 원인을 단정하기보다 흐름을 살펴요증상·환경 관찰, 진료 질문과 가족의 준비안내 열기 →","content"
"/","/health/gastroesophageal-reflux-disease","소화위식도역류질환, 음식 하나보다 시간과 변화를 기록해요속쓰림 흐름, 시간 기록과 위험 신호 질문안내 열기 →","content"
"/","/health/osteoarthritis","뼈·관절골관절염, 아픈 정도보다 생활의 변화를 함께 적어요관절의 일상 변화, 활동 기록과 진료 준비안내 열기 →","content"
"/","/health/osteoporosis","뼈·관절골다공증, 증상이 없을 때도 질문을 준비해요골밀도 질문, 낙상 환경 점검과 진료 준비안내 열기 →","content"
"/","/health/dyslipidemia","심장·혈관이상지질혈증겉으로 느껴지는 증상이 없어도 혈액검사에 나타날 수 있는 지질 수치를, 한 항목만 떼어 보지 않고 진료 질문으로 바꿉니다.안내 열기 →","content"
"/","/health/obesity","대사·내분비비만체중을 의지나 외모의 문제로 몰아가지 않고, 건강 상태와 생활 환경을 함께 살피는 질문을 준비합니다.안내 열기 →","content"
"/","/health/metabolic-dysfunction-associated-steatotic-liver-disease","위장·간지방간(MASLD)건강검진에서 지방간 이야기를 들었을 때, 증상이 없다는 말과 관리가 필요 없다는 말을 구분해 봅니다.안내 열기 →","content"
"/","/health/irritable-bowel-syndrome","위장·간과민성장증후군배 아픔과 배변 변화의 흐름을 살피되, 모든 복통을 과민성장증후군으로 부르지 않도록 경계를 세웁니다.안내 열기 →","content"
"/","/health/asthma","호흡기·알레르기천식기도가 예민해져 좁아질 때 나타날 수 있는 변화를 이해하고, 평소 증상과 응급 호흡곤란을 분리합니다.안내 열기 →","content"
"/","/health/sleep-apnea","호흡기·알레르기수면무호흡증함께 사는 사람이 먼저 알아채는 코골이와 숨 멎음, 낮 졸림의 단서를 비난 없이 진료 정보로 바꿉니다.안내 열기 →","content"
"/","/health/gout","뼈·관절통풍통풍을 음식 하나의 벌처럼 설명하지 않고, 갑작스러운 관절 변화와 요산 검사의 한계를 함께 봅니다.안내 열기 →","content"
"/","/health/migraine","뇌·마음편두통편두통을 단순히 한쪽 머리가 아픈 병으로 줄이지 않고, 반복되는 두통과 동반 변화를 시간표로 살핍니다.안내 열기 →","content"
"/","/health/kidney-stones","신장·비뇨기신장결석소변 속 물질이 작은 돌처럼 뭉치는 과정을 이해하고, 통증 위치와 소변 변화를 정확히 설명하도록 돕습니다.안내 열기 →","content"
"/","/health/urinary-tract-infection","신장·비뇨기요로감염소변 볼 때 불편하면 모두 같은 감염인지, 언제 콩팥 쪽 감염을 의심해 빨리 진료받아야 하는지 설명합니다.안내 열기 →","content"
"/","/health/depression","뇌·마음우울증우울증을 의지 부족으로 보지 않고, 오래 이어지는 기분·흥미·생활 변화와 위기 신호를 존중하며 살핍니다.안내 열기 →","content"
"/","/health/anxiety-disorder","뇌·마음불안장애누구나 느끼는 걱정과 일상을 오래 방해하는 불안의 차이를 살피되, 스스로 병명을 확정하지 않습니다.안내 열기 →","content"
"/","/health/stroke","뇌·마음뇌졸중갑작스러운 한쪽 마비와 말·시야 변화를 알아보고, 증상이 잠깐 좋아져도 기다리지 않아야 하는 이유를 설명합니다.안내 열기 →","content"
"/","/health/acute-myocardial-infarction","심장·혈관급성심근경색가슴 통증이 어느 정도여야 119를 불러야 하는지 망설이지 않도록, 다양한 심근경색 의심 신호와 행동을 정리합니다.안내 열기 →","content"
"/","/health/guides/danger-signals","생활 건강병원에 빨리 가야 하는 위험 신호온라인 글을 더 읽기보다 119 또는 신속한 의료 평가를 먼저 생각해야 하는 변화를 짧게 정리합니다.가이드 열기 →","content"
"/","/health/guides/measuring-blood-pressure","생활 건강혈압 제대로 재는 방법한 번의 숫자에 놀라기 전에 같은 조건에서 잴 수 있도록 준비·자세·기록을 나눕니다.가이드 열기 →","content"
"/","/health/guides/understanding-hba1c","생활 건강당화혈색소 HbA1c 쉽게 이해하기HbA1c가 무엇을 보여 주고 무엇은 말해 주지 못하는지, 진료 질문으로 연결합니다.가이드 열기 →","content"
"/","/health/guides/reading-health-results","생활 건강건강검진 결과지 처음 보는 법빨간 숫자를 곧바로 병명으로 바꾸지 않고, 검사명·기준·추적 계획을 차례로 확인합니다.가이드 열기 →","content"
"/","/health/guides/family-medication-support","생활 건강가족의 복약 관리를 도울 때 확인할 것감시하거나 약을 대신 정하지 않고, 당사자의 동의 아래 정확한 목록과 문의 경로를 준비합니다.가이드 열기 →","content"
"/","/health/guides/symptom-journal","생활 건강아픈 증상을 기록하는 방법통증 점수 하나보다 시작 시각, 변화, 함께 나타난 신호와 일상 영향을 짧게 남깁니다.가이드 열기 →","content"
"/","/health/guides/appointment-questions","생활 건강진료 전에 준비하면 좋은 질문진료시간에 가장 중요한 내용을 놓치지 않도록 질문을 세 묶음으로 정리합니다.가이드 열기 →","content"
"/","/health/guides/medication-list","생활 건강약 이름과 복용 정보를 정리하는 법처방약·일반약·보충제를 한 목록에 적어 진료와 약국에서 정확히 보여 줍니다.가이드 열기 →","content"
"/","/health/guides/older-parent-health-organizer","생활 건강고령 부모님 건강정보를 정리하는 방법가족이 대신 결정하기보다 당사자의 동의 아래 응급·진료 정보를 찾기 쉽게 정리합니다.가이드 열기 →","content"
"/","/health/tools/blood-pressure-log","고혈압, 숫자에 놀라기 전에 기록부터7일 혈압 기록표결론을 계산하지 않고 측정 환경과 원래 값을 함께 남기는 개인 기록지입니다.","content"
"/","/health/tools/blood-pressure-questions","고혈압, 숫자에 놀라기 전에 기록부터고혈압 진료 질문 카드기록을 진료 대화로 연결하는 질문을 골라 적습니다.","content"
"/","/health/tools/blood-pressure-prep","고혈압, 숫자에 놀라기 전에 기록부터혈압 측정 준비 체크리스트같은 조건에서 더 안정적으로 측정하기 위한 준비표입니다.","content"
"/","/health/tools/blood-pressure-warning","고혈압, 숫자에 놀라기 전에 기록부터기록보다 119가 먼저인 경고 카드혈압 숫자를 다시 재며 기다리지 않아야 할 동반 신호를 기억합니다.","content"
"/","/health/tools/glucose-observation-log","제2형 당뇨병, 한 번의 숫자보다 흐름 보기혈당 관찰 기록표이미 측정 중인 사람이 숫자와 생활 맥락을 함께 적는 기록지입니다.","content"
"/","/health/tools/diabetes-questions","제2형 당뇨병, 한 번의 숫자보다 흐름 보기제2형 당뇨병 진료 질문지검사 의미와 다음 행동을 의료진에게 확인하기 위한 질문지입니다.","content"
"/","/health/tools/family-support-checklist","제2형 당뇨병, 한 번의 숫자보다 흐름 보기가족 지원 체크리스트감시와 비난을 줄이고 당사자가 원하는 도움을 확인합니다.","content"
"/","/health/tools/diabetes-test-terms","제2형 당뇨병, 한 번의 숫자보다 흐름 보기혈당 검사 용어 한 장공복혈당과 HbA1c가 보는 시간 범위를 구분합니다.","content"
"/","/health/tools/allergy-trigger-observation","알레르기 비염, 원인을 단정하기보다 흐름을 살펴요알레르기 비염 관찰표증상·장소·시간을 적되 원인을 판정하지 않는 기록지입니다.","content"
"/","/health/tools/allergy-environment-check","알레르기 비염, 원인을 단정하기보다 흐름을 살펴요환경 변화 관찰 체크환경을 바꾼 뒤의 흐름을 살피고 개인 효과를 단정하지 않습니다.","content"
"/","/health/tools/allergy-appointment-questions","알레르기 비염, 원인을 단정하기보다 흐름을 살펴요알레르기 비염 진료 질문 카드증상 흐름과 검사 필요 여부를 묻기 위한 질문 카드입니다.","content"
"/","/health/tools/gerd-symptom-timing-log","위식도역류질환, 음식 하나보다 시간과 변화를 기록해요역류 증상·시간 기록표식사·자세·수면과 불편의 흐름을 적는 관찰표입니다.","content"
"/","/health/tools/gerd-everyday-patterns","위식도역류질환, 음식 하나보다 시간과 변화를 기록해요일상 패턴 관찰 체크음식 금지표가 아니라 개인의 흐름을 기록하는 체크리스트입니다.","content"
"/","/health/tools/gerd-appointment-prep","위식도역류질환, 음식 하나보다 시간과 변화를 기록해요위식도역류 진료 준비 카드증상·약·검사 필요 여부를 묻기 위한 질문 카드입니다.","content"
"/","/health/tools/oa-daily-activity-log","골관절염, 아픈 정도보다 생활의 변화를 함께 적어요관절 일상 변화 기록표활동 전후의 관절 변화와 일상 영향을 적는 관찰표입니다.","content"
"/","/health/tools/oa-visit-questions","골관절염, 아픈 정도보다 생활의 변화를 함께 적어요골관절염 진료 질문 카드원인 확인과 개인별 활동·치료 선택을 묻기 위한 질문 카드입니다.","content"
"/","/health/tools/oa-family-support","골관절염, 아픈 정도보다 생활의 변화를 함께 적어요관절 불편 가족 지원 체크속도를 재촉하지 않고 일상 지원과 질문 준비를 돕는 체크리스트입니다.","content"
"/","/health/tools/osteoporosis-appointment-prep","골다공증, 증상이 없을 때도 질문을 준비해요골다공증 진료 준비표골절·낙상·복용 약과 검사 질문을 정리하는 준비표입니다.","content"
"/","/health/tools/osteoporosis-home-check","골다공증, 증상이 없을 때도 질문을 준비해요낙상 위험 집안 점검표통로와 조명을 점검하되 골절 예방을 보장하지 않는 체크리스트입니다.","content"
"/","/health/tools/osteoporosis-terms","골다공증, 증상이 없을 때도 질문을 준비해요골밀도 검사 용어 한 장골밀도 검사와 결과 해석의 경계를 구분하는 안내입니다.","content"
"/","/health/tools/dyslipidemia-visit-card","이상지질혈증이상지질혈증 관찰·진료 질문 카드개인 진단 대신 증상 흐름과 의료진에게 물을 내용을 한 장에 정리합니다.","content"
"/","/health/tools/obesity-visit-card","비만비만 관찰·진료 질문 카드개인 진단 대신 증상 흐름과 의료진에게 물을 내용을 한 장에 정리합니다.","content"
"/","/health/tools/metabolic-dysfunction-associated-steatotic-liver-disease-visit-card","지방간(MASLD)지방간(MASLD) 관찰·진료 질문 카드개인 진단 대신 증상 흐름과 의료진에게 물을 내용을 한 장에 정리합니다.","content"
"/","/health/tools/irritable-bowel-syndrome-visit-card","과민성장증후군과민성장증후군 관찰·진료 질문 카드개인 진단 대신 증상 흐름과 의료진에게 물을 내용을 한 장에 정리합니다.","content"
"/","/health/tools/asthma-visit-card","천식천식 관찰·진료 질문 카드개인 진단 대신 증상 흐름과 의료진에게 물을 내용을 한 장에 정리합니다.","content"
"/","/health/tools/sleep-apnea-visit-card","수면무호흡증수면무호흡증 관찰·진료 질문 카드개인 진단 대신 증상 흐름과 의료진에게 물을 내용을 한 장에 정리합니다.","content"
"/","/health/tools/gout-visit-card","통풍통풍 관찰·진료 질문 카드개인 진단 대신 증상 흐름과 의료진에게 물을 내용을 한 장에 정리합니다.","content"
"/","/health/tools/migraine-visit-card","편두통편두통 관찰·진료 질문 카드개인 진단 대신 증상 흐름과 의료진에게 물을 내용을 한 장에 정리합니다.","content"
"/","/health/tools/kidney-stones-visit-card","신장결석신장결석 관찰·진료 질문 카드개인 진단 대신 증상 흐름과 의료진에게 물을 내용을 한 장에 정리합니다.","content"
"/","/health/tools/urinary-tract-infection-visit-card","요로감염요로감염 관찰·진료 질문 카드개인 진단 대신 증상 흐름과 의료진에게 물을 내용을 한 장에 정리합니다.","content"
"/","/health/tools/depression-visit-card","우울증우울증 관찰·진료 질문 카드개인 진단 대신 증상 흐름과 의료진에게 물을 내용을 한 장에 정리합니다.","content"
"/","/health/tools/anxiety-disorder-visit-card","불안장애불안장애 관찰·진료 질문 카드개인 진단 대신 증상 흐름과 의료진에게 물을 내용을 한 장에 정리합니다.","content"
"/","/health/tools/stroke-visit-card","뇌졸중뇌졸중 관찰·진료 질문 카드개인 진단 대신 증상 흐름과 의료진에게 물을 내용을 한 장에 정리합니다.","content"
"/","/health/tools/acute-myocardial-infarction-visit-card","급성심근경색급성심근경색 관찰·진료 질문 카드개인 진단 대신 증상 흐름과 의료진에게 물을 내용을 한 장에 정리합니다.","content"
"/","/health/trust/corrections-policy","정정 제보 방법 보기","content"
"/","/health","20개 질환 안내","navigation"
"/","/health/guides/danger-signals","위험 신호","navigation"
"/","/health/guides/appointment-questions","진료 질문 준비","navigation"
"/","/health","건강 기록 도구","navigation"
"/","/health/trust/author","작성자","navigation"
"/","/health/trust/sources-policy","출처 원칙","navigation"
"/","/health/trust/corrections-policy","정정·문의","navigation"
"/","/health/trust/ai-disclosure","AI 활용 공개","navigation"
"/","/health/trust/advertising","광고 정책","navigation"
"/","/health/trust/disclaimer","면책 안내","navigation"
"/","/health/trust/privacy","개인정보","navigation"
"/","/health/trust/terms","이용약관","navigation"
"/health","/health","본문으로 건너뛰기","content"
"/health","/","OONURIM오누림","navigation"
"/health","/health","질환 알아보기","navigation"
"/health","/health/guides/danger-signals","몸이 보내는 신호","navigation"
"/health","/health/guides/reading-health-results","검사·건강수치","navigation"
"/health","/health/guides/family-medication-support","가족 건강","navigation"
"/health","/health","건강 도구","navigation"
"/health","/health/trust/about","오누림 소개","navigation"
"/health","/health/hypertension","고혈압 안내 보기","content"
"/health","/health/allergic-rhinitis","알레르기 비염 안내 보기","content"
"/health","/health/hypertension","심장·혈관고혈압, 숫자에 놀라기 전에 기록부터혈압 숫자, 안정된 측정, 7일 기록과 진료 질문안내 열기 →","content"
"/health","/health/type-2-diabetes","대사·혈당제2형 당뇨병, 한 번의 숫자보다 흐름 보기혈당과 인슐린, 검사 용어, 관찰 기록과 가족 지원안내 열기 →","content"
"/health","/health/allergic-rhinitis","호흡·알레르기알레르기 비염, 원인을 단정하기보다 흐름을 살펴요증상·환경 관찰, 진료 질문과 가족의 준비안내 열기 →","content"
"/health","/health/gastroesophageal-reflux-disease","소화위식도역류질환, 음식 하나보다 시간과 변화를 기록해요속쓰림 흐름, 시간 기록과 위험 신호 질문안내 열기 →","content"
"/health","/health/osteoarthritis","뼈·관절골관절염, 아픈 정도보다 생활의 변화를 함께 적어요관절의 일상 변화, 활동 기록과 진료 준비안내 열기 →","content"
"/health","/health/osteoporosis","뼈·관절골다공증, 증상이 없을 때도 질문을 준비해요골밀도 질문, 낙상 환경 점검과 진료 준비안내 열기 →","content"
"/health","/health/dyslipidemia","심장·혈관이상지질혈증겉으로 느껴지는 증상이 없어도 혈액검사에 나타날 수 있는 지질 수치를, 한 항목만 떼어 보지 않고 진료 질문으로 바꿉니다.안내 열기 →","content"
"/health","/health/obesity","대사·내분비비만체중을 의지나 외모의 문제로 몰아가지 않고, 건강 상태와 생활 환경을 함께 살피는 질문을 준비합니다.안내 열기 →","content"
"/health","/health/metabolic-dysfunction-associated-steatotic-liver-disease","위장·간지방간(MASLD)건강검진에서 지방간 이야기를 들었을 때, 증상이 없다는 말과 관리가 필요 없다는 말을 구분해 봅니다.안내 열기 →","content"
"/health","/health/irritable-bowel-syndrome","위장·간과민성장증후군배 아픔과 배변 변화의 흐름을 살피되, 모든 복통을 과민성장증후군으로 부르지 않도록 경계를 세웁니다.안내 열기 →","content"
"/health","/health/asthma","호흡기·알레르기천식기도가 예민해져 좁아질 때 나타날 수 있는 변화를 이해하고, 평소 증상과 응급 호흡곤란을 분리합니다.안내 열기 →","content"
"/health","/health/sleep-apnea","호흡기·알레르기수면무호흡증함께 사는 사람이 먼저 알아채는 코골이와 숨 멎음, 낮 졸림의 단서를 비난 없이 진료 정보로 바꿉니다.안내 열기 →","content"
"/health","/health/gout","뼈·관절통풍통풍을 음식 하나의 벌처럼 설명하지 않고, 갑작스러운 관절 변화와 요산 검사의 한계를 함께 봅니다.안내 열기 →","content"
"/health","/health/migraine","뇌·마음편두통편두통을 단순히 한쪽 머리가 아픈 병으로 줄이지 않고, 반복되는 두통과 동반 변화를 시간표로 살핍니다.안내 열기 →","content"
"/health","/health/kidney-stones","신장·비뇨기신장결석소변 속 물질이 작은 돌처럼 뭉치는 과정을 이해하고, 통증 위치와 소변 변화를 정확히 설명하도록 돕습니다.안내 열기 →","content"
"/health","/health/urinary-tract-infection","신장·비뇨기요로감염소변 볼 때 불편하면 모두 같은 감염인지, 언제 콩팥 쪽 감염을 의심해 빨리 진료받아야 하는지 설명합니다.안내 열기 →","content"
"/health","/health/depression","뇌·마음우울증우울증을 의지 부족으로 보지 않고, 오래 이어지는 기분·흥미·생활 변화와 위기 신호를 존중하며 살핍니다.안내 열기 →","content"
"/health","/health/anxiety-disorder","뇌·마음불안장애누구나 느끼는 걱정과 일상을 오래 방해하는 불안의 차이를 살피되, 스스로 병명을 확정하지 않습니다.안내 열기 →","content"
"/health","/health/stroke","뇌·마음뇌졸중갑작스러운 한쪽 마비와 말·시야 변화를 알아보고, 증상이 잠깐 좋아져도 기다리지 않아야 하는 이유를 설명합니다.안내 열기 →","content"
"/health","/health/acute-myocardial-infarction","심장·혈관급성심근경색가슴 통증이 어느 정도여야 119를 불러야 하는지 망설이지 않도록, 다양한 심근경색 의심 신호와 행동을 정리합니다.안내 열기 →","content"
"/health","/health/guides/danger-signals","생활 건강병원에 빨리 가야 하는 위험 신호온라인 글을 더 읽기보다 119 또는 신속한 의료 평가를 먼저 생각해야 하는 변화를 짧게 정리합니다.가이드 열기 →","content"
"/health","/health/guides/measuring-blood-pressure","생활 건강혈압 제대로 재는 방법한 번의 숫자에 놀라기 전에 같은 조건에서 잴 수 있도록 준비·자세·기록을 나눕니다.가이드 열기 →","content"
"/health","/health/guides/understanding-hba1c","생활 건강당화혈색소 HbA1c 쉽게 이해하기HbA1c가 무엇을 보여 주고 무엇은 말해 주지 못하는지, 진료 질문으로 연결합니다.가이드 열기 →","content"
"/health","/health/guides/reading-health-results","생활 건강건강검진 결과지 처음 보는 법빨간 숫자를 곧바로 병명으로 바꾸지 않고, 검사명·기준·추적 계획을 차례로 확인합니다.가이드 열기 →","content"
"/health","/health/guides/family-medication-support","생활 건강가족의 복약 관리를 도울 때 확인할 것감시하거나 약을 대신 정하지 않고, 당사자의 동의 아래 정확한 목록과 문의 경로를 준비합니다.가이드 열기 →","content"
"/health","/health/guides/symptom-journal","생활 건강아픈 증상을 기록하는 방법통증 점수 하나보다 시작 시각, 변화, 함께 나타난 신호와 일상 영향을 짧게 남깁니다.가이드 열기 →","content"
"/health","/health/guides/appointment-questions","생활 건강진료 전에 준비하면 좋은 질문진료시간에 가장 중요한 내용을 놓치지 않도록 질문을 세 묶음으로 정리합니다.가이드 열기 →","content"
"/health","/health/guides/medication-list","생활 건강약 이름과 복용 정보를 정리하는 법처방약·일반약·보충제를 한 목록에 적어 진료와 약국에서 정확히 보여 줍니다.가이드 열기 →","content"
"/health","/health/guides/older-parent-health-organizer","생활 건강고령 부모님 건강정보를 정리하는 방법가족이 대신 결정하기보다 당사자의 동의 아래 응급·진료 정보를 찾기 쉽게 정리합니다.가이드 열기 →","content"
"/health","/health/tools/blood-pressure-log","고혈압, 숫자에 놀라기 전에 기록부터7일 혈압 기록표결론을 계산하지 않고 측정 환경과 원래 값을 함께 남기는 개인 기록지입니다.","content"
"/health","/health/tools/blood-pressure-questions","고혈압, 숫자에 놀라기 전에 기록부터고혈압 진료 질문 카드기록을 진료 대화로 연결하는 질문을 골라 적습니다.","content"
"/health","/health/tools/blood-pressure-prep","고혈압, 숫자에 놀라기 전에 기록부터혈압 측정 준비 체크리스트같은 조건에서 더 안정적으로 측정하기 위한 준비표입니다.","content"
"/health","/health/tools/blood-pressure-warning","고혈압, 숫자에 놀라기 전에 기록부터기록보다 119가 먼저인 경고 카드혈압 숫자를 다시 재며 기다리지 않아야 할 동반 신호를 기억합니다.","content"
"/health","/health/tools/glucose-observation-log","제2형 당뇨병, 한 번의 숫자보다 흐름 보기혈당 관찰 기록표이미 측정 중인 사람이 숫자와 생활 맥락을 함께 적는 기록지입니다.","content"
"/health","/health/tools/diabetes-questions","제2형 당뇨병, 한 번의 숫자보다 흐름 보기제2형 당뇨병 진료 질문지검사 의미와 다음 행동을 의료진에게 확인하기 위한 질문지입니다.","content"
"/health","/health/tools/family-support-checklist","제2형 당뇨병, 한 번의 숫자보다 흐름 보기가족 지원 체크리스트감시와 비난을 줄이고 당사자가 원하는 도움을 확인합니다.","content"
"/health","/health/tools/diabetes-test-terms","제2형 당뇨병, 한 번의 숫자보다 흐름 보기혈당 검사 용어 한 장공복혈당과 HbA1c가 보는 시간 범위를 구분합니다.","content"
"/health","/health/tools/allergy-trigger-observation","알레르기 비염, 원인을 단정하기보다 흐름을 살펴요알레르기 비염 관찰표증상·장소·시간을 적되 원인을 판정하지 않는 기록지입니다.","content"
"/health","/health/tools/allergy-environment-check","알레르기 비염, 원인을 단정하기보다 흐름을 살펴요환경 변화 관찰 체크환경을 바꾼 뒤의 흐름을 살피고 개인 효과를 단정하지 않습니다.","content"
"/health","/health/tools/allergy-appointment-questions","알레르기 비염, 원인을 단정하기보다 흐름을 살펴요알레르기 비염 진료 질문 카드증상 흐름과 검사 필요 여부를 묻기 위한 질문 카드입니다.","content"
"/health","/health/tools/gerd-symptom-timing-log","위식도역류질환, 음식 하나보다 시간과 변화를 기록해요역류 증상·시간 기록표식사·자세·수면과 불편의 흐름을 적는 관찰표입니다.","content"
"/health","/health/tools/gerd-everyday-patterns","위식도역류질환, 음식 하나보다 시간과 변화를 기록해요일상 패턴 관찰 체크음식 금지표가 아니라 개인의 흐름을 기록하는 체크리스트입니다.","content"
"/health","/health/tools/gerd-appointment-prep","위식도역류질환, 음식 하나보다 시간과 변화를 기록해요위식도역류 진료 준비 카드증상·약·검사 필요 여부를 묻기 위한 질문 카드입니다.","content"
"/health","/health/tools/oa-daily-activity-log","골관절염, 아픈 정도보다 생활의 변화를 함께 적어요관절 일상 변화 기록표활동 전후의 관절 변화와 일상 영향을 적는 관찰표입니다.","content"
"/health","/health/tools/oa-visit-questions","골관절염, 아픈 정도보다 생활의 변화를 함께 적어요골관절염 진료 질문 카드원인 확인과 개인별 활동·치료 선택을 묻기 위한 질문 카드입니다.","content"
"/health","/health/tools/oa-family-support","골관절염, 아픈 정도보다 생활의 변화를 함께 적어요관절 불편 가족 지원 체크속도를 재촉하지 않고 일상 지원과 질문 준비를 돕는 체크리스트입니다.","content"
"/health","/health/tools/osteoporosis-appointment-prep","골다공증, 증상이 없을 때도 질문을 준비해요골다공증 진료 준비표골절·낙상·복용 약과 검사 질문을 정리하는 준비표입니다.","content"
"/health","/health/tools/osteoporosis-home-check","골다공증, 증상이 없을 때도 질문을 준비해요낙상 위험 집안 점검표통로와 조명을 점검하되 골절 예방을 보장하지 않는 체크리스트입니다.","content"
"/health","/health/tools/osteoporosis-terms","골다공증, 증상이 없을 때도 질문을 준비해요골밀도 검사 용어 한 장골밀도 검사와 결과 해석의 경계를 구분하는 안내입니다.","content"
"/health","/health/tools/dyslipidemia-visit-card","이상지질혈증이상지질혈증 관찰·진료 질문 카드개인 진단 대신 증상 흐름과 의료진에게 물을 내용을 한 장에 정리합니다.","content"
"/health","/health/tools/obesity-visit-card","비만비만 관찰·진료 질문 카드개인 진단 대신 증상 흐름과 의료진에게 물을 내용을 한 장에 정리합니다.","content"
"/health","/health/tools/metabolic-dysfunction-associated-steatotic-liver-disease-visit-card","지방간(MASLD)지방간(MASLD) 관찰·진료 질문 카드개인 진단 대신 증상 흐름과 의료진에게 물을 내용을 한 장에 정리합니다.","content"
"/health","/health/tools/irritable-bowel-syndrome-visit-card","과민성장증후군과민성장증후군 관찰·진료 질문 카드개인 진단 대신 증상 흐름과 의료진에게 물을 내용을 한 장에 정리합니다.","content"
"/health","/health/tools/asthma-visit-card","천식천식 관찰·진료 질문 카드개인 진단 대신 증상 흐름과 의료진에게 물을 내용을 한 장에 정리합니다.","content"
"/health","/health/tools/sleep-apnea-visit-card","수면무호흡증수면무호흡증 관찰·진료 질문 카드개인 진단 대신 증상 흐름과 의료진에게 물을 내용을 한 장에 정리합니다.","content"
"/health","/health/tools/gout-visit-card","통풍통풍 관찰·진료 질문 카드개인 진단 대신 증상 흐름과 의료진에게 물을 내용을 한 장에 정리합니다.","content"
"/health","/health/tools/migraine-visit-card","편두통편두통 관찰·진료 질문 카드개인 진단 대신 증상 흐름과 의료진에게 물을 내용을 한 장에 정리합니다.","content"
"/health","/health/tools/kidney-stones-visit-card","신장결석신장결석 관찰·진료 질문 카드개인 진단 대신 증상 흐름과 의료진에게 물을 내용을 한 장에 정리합니다.","content"
"/health","/health/tools/urinary-tract-infection-visit-card","요로감염요로감염 관찰·진료 질문 카드개인 진단 대신 증상 흐름과 의료진에게 물을 내용을 한 장에 정리합니다.","content"
"/health","/health/tools/depression-visit-card","우울증우울증 관찰·진료 질문 카드개인 진단 대신 증상 흐름과 의료진에게 물을 내용을 한 장에 정리합니다.","content"
"/health","/health/tools/anxiety-disorder-visit-card","불안장애불안장애 관찰·진료 질문 카드개인 진단 대신 증상 흐름과 의료진에게 물을 내용을 한 장에 정리합니다.","content"
"/health","/health/tools/stroke-visit-card","뇌졸중뇌졸중 관찰·진료 질문 카드개인 진단 대신 증상 흐름과 의료진에게 물을 내용을 한 장에 정리합니다.","content"
"/health","/health/tools/acute-myocardial-infarction-visit-card","급성심근경색급성심근경색 관찰·진료 질문 카드개인 진단 대신 증상 흐름과 의료진에게 물을 내용을 한 장에 정리합니다.","content"
"/health","/health/trust/corrections-policy","정정 제보 방법 보기","content"
"/health","/health","20개 질환 안내","navigation"
"/health","/health/guides/danger-signals","위험 신호","navigation"
"/health","/health/guides/appointment-questions","진료 질문 준비","navigation"
"/health","/health","건강 기록 도구","navigation"
"/health","/health/trust/author","작성자","navigation"
"/health","/health/trust/sources-policy","출처 원칙","navigation"
"/health","/health/trust/corrections-policy","정정·문의","navigation"
"/health","/health/trust/ai-disclosure","AI 활용 공개","navigation"
"/health","/health/trust/advertising","광고 정책","navigation"
"/health","/health/trust/disclaimer","면책 안내","navigation"
"/health","/health/trust/privacy","개인정보","navigation"
"/health","/health/trust/terms","이용약관","navigation"
"/health/acute-myocardial-infarction","/health/acute-myocardial-infarction","본문으로 건너뛰기","content"
"/health/acute-myocardial-infarction","/","OONURIM오누림","navigation"
"/health/acute-myocardial-infarction","/health","질환 알아보기","navigation"
"/health/acute-myocardial-infarction","/health/guides/danger-signals","몸이 보내는 신호","navigation"
"/health/acute-myocardial-infarction","/health/guides/reading-health-results","검사·건강수치","navigation"
"/health/acute-myocardial-infarction","/health/guides/family-medication-support","가족 건강","navigation"
"/health/acute-myocardial-infarction","/health","건강 도구","navigation"
"/health/acute-myocardial-infarction","/health/trust/about","오누림 소개","navigation"
"/health/acute-myocardial-infarction","/health/trust/author","박영훈 · 비의료인 건강정보 편집자","navigation"
"/health/acute-myocardial-infarction","/health/acute-myocardial-infarction","응급 신호와 119 안내 바로 보기","content"
"/health/acute-myocardial-infarction","/health/tools/acute-myocardial-infarction-visit-card","급성심근경색 관찰·진료 질문 카드개인 진단 대신 증상 흐름과 의료진에게 물을 내용을 한 장에 정리합니다.","content"
"/health/acute-myocardial-infarction","/health","20개 질환 안내","navigation"
"/health/acute-myocardial-infarction","/health/guides/danger-signals","위험 신호","navigation"
"/health/acute-myocardial-infarction","/health/guides/appointment-questions","진료 질문 준비","navigation"
"/health/acute-myocardial-infarction","/health","건강 기록 도구","navigation"
"/health/acute-myocardial-infarction","/health/trust/author","작성자","navigation"
"/health/acute-myocardial-infarction","/health/trust/sources-policy","출처 원칙","navigation"
"/health/acute-myocardial-infarction","/health/trust/corrections-policy","정정·문의","navigation"
"/health/acute-myocardial-infarction","/health/trust/ai-disclosure","AI 활용 공개","navigation"
"/health/acute-myocardial-infarction","/health/trust/advertising","광고 정책","navigation"
"/health/acute-myocardial-infarction","/health/trust/disclaimer","면책 안내","navigation"
"/health/acute-myocardial-infarction","/health/trust/privacy","개인정보","navigation"
"/health/acute-myocardial-infarction","/health/trust/terms","이용약관","navigation"
"/health/allergic-rhinitis","/health/allergic-rhinitis","본문으로 건너뛰기","content"
"/health/allergic-rhinitis","/","OONURIM오누림","navigation"
"/health/allergic-rhinitis","/health","질환 알아보기","navigation"
"/health/allergic-rhinitis","/health/guides/danger-signals","몸이 보내는 신호","navigation"
"/health/allergic-rhinitis","/health/guides/reading-health-results","검사·건강수치","navigation"
"/health/allergic-rhinitis","/health/guides/family-medication-support","가족 건강","navigation"
"/health/allergic-rhinitis","/health","건강 도구","navigation"
"/health/allergic-rhinitis","/health/trust/about","오누림 소개","navigation"
"/health/allergic-rhinitis","/health/trust/author","박영훈 · 비의료인 건강정보 편집자","navigation"
"/health/allergic-rhinitis","/health/allergic-rhinitis","응급 신호와 119 안내 바로 보기","content"
"/health/allergic-rhinitis","/health/tools/allergy-trigger-observation","알레르기 비염 관찰표증상·장소·시간을 적되 원인을 판정하지 않는 기록지입니다.","content"
"/health/allergic-rhinitis","/health/tools/allergy-environment-check","환경 변화 관찰 체크환경을 바꾼 뒤의 흐름을 살피고 개인 효과를 단정하지 않습니다.","content"
"/health/allergic-rhinitis","/health/tools/allergy-appointment-questions","알레르기 비염 진료 질문 카드증상 흐름과 검사 필요 여부를 묻기 위한 질문 카드입니다.","content"
"/health/allergic-rhinitis","/health","20개 질환 안내","navigation"
"/health/allergic-rhinitis","/health/guides/danger-signals","위험 신호","navigation"
"/health/allergic-rhinitis","/health/guides/appointment-questions","진료 질문 준비","navigation"
"/health/allergic-rhinitis","/health","건강 기록 도구","navigation"
"/health/allergic-rhinitis","/health/trust/author","작성자","navigation"
"/health/allergic-rhinitis","/health/trust/sources-policy","출처 원칙","navigation"
"/health/allergic-rhinitis","/health/trust/corrections-policy","정정·문의","navigation"
"/health/allergic-rhinitis","/health/trust/ai-disclosure","AI 활용 공개","navigation"
"/health/allergic-rhinitis","/health/trust/advertising","광고 정책","navigation"
"/health/allergic-rhinitis","/health/trust/disclaimer","면책 안내","navigation"
"/health/allergic-rhinitis","/health/trust/privacy","개인정보","navigation"
"/health/allergic-rhinitis","/health/trust/terms","이용약관","navigation"
"/health/anxiety-disorder","/health/anxiety-disorder","본문으로 건너뛰기","content"
"/health/anxiety-disorder","/","OONURIM오누림","navigation"
"/health/anxiety-disorder","/health","질환 알아보기","navigation"
"/health/anxiety-disorder","/health/guides/danger-signals","몸이 보내는 신호","navigation"
"/health/anxiety-disorder","/health/guides/reading-health-results","검사·건강수치","navigation"
"/health/anxiety-disorder","/health/guides/family-medication-support","가족 건강","navigation"
"/health/anxiety-disorder","/health","건강 도구","navigation"
"/health/anxiety-disorder","/health/trust/about","오누림 소개","navigation"
"/health/anxiety-disorder","/health/trust/author","박영훈 · 비의료인 건강정보 편집자","navigation"
"/health/anxiety-disorder","/health/anxiety-disorder","응급 신호와 119 안내 바로 보기","content"
"/health/anxiety-disorder","/health/tools/anxiety-disorder-visit-card","불안장애 관찰·진료 질문 카드개인 진단 대신 증상 흐름과 의료진에게 물을 내용을 한 장에 정리합니다.","content"
"/health/anxiety-disorder","/health","20개 질환 안내","navigation"
"/health/anxiety-disorder","/health/guides/danger-signals","위험 신호","navigation"
"/health/anxiety-disorder","/health/guides/appointment-questions","진료 질문 준비","navigation"
"/health/anxiety-disorder","/health","건강 기록 도구","navigation"
"/health/anxiety-disorder","/health/trust/author","작성자","navigation"
"/health/anxiety-disorder","/health/trust/sources-policy","출처 원칙","navigation"
"/health/anxiety-disorder","/health/trust/corrections-policy","정정·문의","navigation"
"/health/anxiety-disorder","/health/trust/ai-disclosure","AI 활용 공개","navigation"
"/health/anxiety-disorder","/health/trust/advertising","광고 정책","navigation"
"/health/anxiety-disorder","/health/trust/disclaimer","면책 안내","navigation"
"/health/anxiety-disorder","/health/trust/privacy","개인정보","navigation"
"/health/anxiety-disorder","/health/trust/terms","이용약관","navigation"
"/health/asthma","/health/asthma","본문으로 건너뛰기","content"
"/health/asthma","/","OONURIM오누림","navigation"
"/health/asthma","/health","질환 알아보기","navigation"
"/health/asthma","/health/guides/danger-signals","몸이 보내는 신호","navigation"
"/health/asthma","/health/guides/reading-health-results","검사·건강수치","navigation"
"/health/asthma","/health/guides/family-medication-support","가족 건강","navigation"
"/health/asthma","/health","건강 도구","navigation"
"/health/asthma","/health/trust/about","오누림 소개","navigation"
"/health/asthma","/health/trust/author","박영훈 · 비의료인 건강정보 편집자","navigation"
"/health/asthma","/health/asthma","응급 신호와 119 안내 바로 보기","content"
"/health/asthma","/health/tools/asthma-visit-card","천식 관찰·진료 질문 카드개인 진단 대신 증상 흐름과 의료진에게 물을 내용을 한 장에 정리합니다.","content"
"/health/asthma","/health","20개 질환 안내","navigation"
"/health/asthma","/health/guides/danger-signals","위험 신호","navigation"
"/health/asthma","/health/guides/appointment-questions","진료 질문 준비","navigation"
"/health/asthma","/health","건강 기록 도구","navigation"
"/health/asthma","/health/trust/author","작성자","navigation"
"/health/asthma","/health/trust/sources-policy","출처 원칙","navigation"
"/health/asthma","/health/trust/corrections-policy","정정·문의","navigation"
"/health/asthma","/health/trust/ai-disclosure","AI 활용 공개","navigation"
"/health/asthma","/health/trust/advertising","광고 정책","navigation"
"/health/asthma","/health/trust/disclaimer","면책 안내","navigation"
"/health/asthma","/health/trust/privacy","개인정보","navigation"
"/health/asthma","/health/trust/terms","이용약관","navigation"
"/health/depression","/health/depression","본문으로 건너뛰기","content"
"/health/depression","/","OONURIM오누림","navigation"
"/health/depression","/health","질환 알아보기","navigation"
"/health/depression","/health/guides/danger-signals","몸이 보내는 신호","navigation"
"/health/depression","/health/guides/reading-health-results","검사·건강수치","navigation"
"/health/depression","/health/guides/family-medication-support","가족 건강","navigation"
"/health/depression","/health","건강 도구","navigation"
"/health/depression","/health/trust/about","오누림 소개","navigation"
"/health/depression","/health/trust/author","박영훈 · 비의료인 건강정보 편집자","navigation"
"/health/depression","/health/depression","응급 신호와 119 안내 바로 보기","content"
"/health/depression","/health/tools/depression-visit-card","우울증 관찰·진료 질문 카드개인 진단 대신 증상 흐름과 의료진에게 물을 내용을 한 장에 정리합니다.","content"
"/health/depression","/health","20개 질환 안내","navigation"
"/health/depression","/health/guides/danger-signals","위험 신호","navigation"
"/health/depression","/health/guides/appointment-questions","진료 질문 준비","navigation"
"/health/depression","/health","건강 기록 도구","navigation"
"/health/depression","/health/trust/author","작성자","navigation"
"/health/depression","/health/trust/sources-policy","출처 원칙","navigation"
"/health/depression","/health/trust/corrections-policy","정정·문의","navigation"
"/health/depression","/health/trust/ai-disclosure","AI 활용 공개","navigation"
"/health/depression","/health/trust/advertising","광고 정책","navigation"
"/health/depression","/health/trust/disclaimer","면책 안내","navigation"
"/health/depression","/health/trust/privacy","개인정보","navigation"
"/health/depression","/health/trust/terms","이용약관","navigation"
"/health/dyslipidemia","/health/dyslipidemia","본문으로 건너뛰기","content"
"/health/dyslipidemia","/","OONURIM오누림","navigation"
"/health/dyslipidemia","/health","질환 알아보기","navigation"
"/health/dyslipidemia","/health/guides/danger-signals","몸이 보내는 신호","navigation"
"/health/dyslipidemia","/health/guides/reading-health-results","검사·건강수치","navigation"
"/health/dyslipidemia","/health/guides/family-medication-support","가족 건강","navigation"
"/health/dyslipidemia","/health","건강 도구","navigation"
"/health/dyslipidemia","/health/trust/about","오누림 소개","navigation"
"/health/dyslipidemia","/health/trust/author","박영훈 · 비의료인 건강정보 편집자","navigation"
"/health/dyslipidemia","/health/dyslipidemia","응급 신호와 119 안내 바로 보기","content"
"/health/dyslipidemia","/health/tools/dyslipidemia-visit-card","이상지질혈증 관찰·진료 질문 카드개인 진단 대신 증상 흐름과 의료진에게 물을 내용을 한 장에 정리합니다.","content"
"/health/dyslipidemia","/health","20개 질환 안내","navigation"
"/health/dyslipidemia","/health/guides/danger-signals","위험 신호","navigation"
"/health/dyslipidemia","/health/guides/appointment-questions","진료 질문 준비","navigation"
"/health/dyslipidemia","/health","건강 기록 도구","navigation"
"/health/dyslipidemia","/health/trust/author","작성자","navigation"
"/health/dyslipidemia","/health/trust/sources-policy","출처 원칙","navigation"
"/health/dyslipidemia","/health/trust/corrections-policy","정정·문의","navigation"
"/health/dyslipidemia","/health/trust/ai-disclosure","AI 활용 공개","navigation"
"/health/dyslipidemia","/health/trust/advertising","광고 정책","navigation"
"/health/dyslipidemia","/health/trust/disclaimer","면책 안내","navigation"
"/health/dyslipidemia","/health/trust/privacy","개인정보","navigation"
"/health/dyslipidemia","/health/trust/terms","이용약관","navigation"
"/health/gastroesophageal-reflux-disease","/health/gastroesophageal-reflux-disease","본문으로 건너뛰기","content"
"/health/gastroesophageal-reflux-disease","/","OONURIM오누림","navigation"
"/health/gastroesophageal-reflux-disease","/health","질환 알아보기","navigation"
"/health/gastroesophageal-reflux-disease","/health/guides/danger-signals","몸이 보내는 신호","navigation"
"/health/gastroesophageal-reflux-disease","/health/guides/reading-health-results","검사·건강수치","navigation"
"/health/gastroesophageal-reflux-disease","/health/guides/family-medication-support","가족 건강","navigation"
"/health/gastroesophageal-reflux-disease","/health","건강 도구","navigation"
"/health/gastroesophageal-reflux-disease","/health/trust/about","오누림 소개","navigation"
"/health/gastroesophageal-reflux-disease","/health/trust/author","박영훈 · 비의료인 건강정보 편집자","navigation"
"/health/gastroesophageal-reflux-disease","/health/gastroesophageal-reflux-disease","응급 신호와 119 안내 바로 보기","content"
"/health/gastroesophageal-reflux-disease","/health/tools/gerd-symptom-timing-log","역류 증상·시간 기록표식사·자세·수면과 불편의 흐름을 적는 관찰표입니다.","content"
"/health/gastroesophageal-reflux-disease","/health/tools/gerd-everyday-patterns","일상 패턴 관찰 체크음식 금지표가 아니라 개인의 흐름을 기록하는 체크리스트입니다.","content"
"/health/gastroesophageal-reflux-disease","/health/tools/gerd-appointment-prep","위식도역류 진료 준비 카드증상·약·검사 필요 여부를 묻기 위한 질문 카드입니다.","content"
"/health/gastroesophageal-reflux-disease","/health","20개 질환 안내","navigation"
"/health/gastroesophageal-reflux-disease","/health/guides/danger-signals","위험 신호","navigation"
"/health/gastroesophageal-reflux-disease","/health/guides/appointment-questions","진료 질문 준비","navigation"
"/health/gastroesophageal-reflux-disease","/health","건강 기록 도구","navigation"
"/health/gastroesophageal-reflux-disease","/health/trust/author","작성자","navigation"
"/health/gastroesophageal-reflux-disease","/health/trust/sources-policy","출처 원칙","navigation"
"/health/gastroesophageal-reflux-disease","/health/trust/corrections-policy","정정·문의","navigation"
"/health/gastroesophageal-reflux-disease","/health/trust/ai-disclosure","AI 활용 공개","navigation"
"/health/gastroesophageal-reflux-disease","/health/trust/advertising","광고 정책","navigation"
"/health/gastroesophageal-reflux-disease","/health/trust/disclaimer","면책 안내","navigation"
"/health/gastroesophageal-reflux-disease","/health/trust/privacy","개인정보","navigation"
"/health/gastroesophageal-reflux-disease","/health/trust/terms","이용약관","navigation"
"/health/gout","/health/gout","본문으로 건너뛰기","content"
"/health/gout","/","OONURIM오누림","navigation"
"/health/gout","/health","질환 알아보기","navigation"
"/health/gout","/health/guides/danger-signals","몸이 보내는 신호","navigation"
"/health/gout","/health/guides/reading-health-results","검사·건강수치","navigation"
"/health/gout","/health/guides/family-medication-support","가족 건강","navigation"
"/health/gout","/health","건강 도구","navigation"
"/health/gout","/health/trust/about","오누림 소개","navigation"
"/health/gout","/health/trust/author","박영훈 · 비의료인 건강정보 편집자","navigation"
"/health/gout","/health/gout","응급 신호와 119 안내 바로 보기","content"
"/health/gout","/health/tools/gout-visit-card","통풍 관찰·진료 질문 카드개인 진단 대신 증상 흐름과 의료진에게 물을 내용을 한 장에 정리합니다.","content"
"/health/gout","/health","20개 질환 안내","navigation"
"/health/gout","/health/guides/danger-signals","위험 신호","navigation"
"/health/gout","/health/guides/appointment-questions","진료 질문 준비","navigation"
"/health/gout","/health","건강 기록 도구","navigation"
"/health/gout","/health/trust/author","작성자","navigation"
"/health/gout","/health/trust/sources-policy","출처 원칙","navigation"
"/health/gout","/health/trust/corrections-policy","정정·문의","navigation"
"/health/gout","/health/trust/ai-disclosure","AI 활용 공개","navigation"
"/health/gout","/health/trust/advertising","광고 정책","navigation"
"/health/gout","/health/trust/disclaimer","면책 안내","navigation"
"/health/gout","/health/trust/privacy","개인정보","navigation"
"/health/gout","/health/trust/terms","이용약관","navigation"
"/health/guides/appointment-questions","/health/guides/appointment-questions","본문으로 건너뛰기","content"
"/health/guides/appointment-questions","/","OONURIM오누림","navigation"
"/health/guides/appointment-questions","/health","질환 알아보기","navigation"
"/health/guides/appointment-questions","/health/guides/danger-signals","몸이 보내는 신호","navigation"
"/health/guides/appointment-questions","/health/guides/reading-health-results","검사·건강수치","navigation"
"/health/guides/appointment-questions","/health/guides/family-medication-support","가족 건강","navigation"
"/health/guides/appointment-questions","/health","건강 도구","navigation"
"/health/guides/appointment-questions","/health/trust/about","오누림 소개","navigation"
"/health/guides/appointment-questions","/health","20개 질환 안내","navigation"
"/health/guides/appointment-questions","/health/guides/danger-signals","위험 신호","navigation"
"/health/guides/appointment-questions","/health/guides/appointment-questions","진료 질문 준비","navigation"
"/health/guides/appointment-questions","/health","건강 기록 도구","navigation"
"/health/guides/appointment-questions","/health/trust/author","작성자","navigation"
"/health/guides/appointment-questions","/health/trust/sources-policy","출처 원칙","navigation"
"/health/guides/appointment-questions","/health/trust/corrections-policy","정정·문의","navigation"
"/health/guides/appointment-questions","/health/trust/ai-disclosure","AI 활용 공개","navigation"
"/health/guides/appointment-questions","/health/trust/advertising","광고 정책","navigation"
"/health/guides/appointment-questions","/health/trust/disclaimer","면책 안내","navigation"
"/health/guides/appointment-questions","/health/trust/privacy","개인정보","navigation"
"/health/guides/appointment-questions","/health/trust/terms","이용약관","navigation"
"/health/guides/danger-signals","/health/guides/danger-signals","본문으로 건너뛰기","content"
"/health/guides/danger-signals","/","OONURIM오누림","navigation"
"/health/guides/danger-signals","/health","질환 알아보기","navigation"
"/health/guides/danger-signals","/health/guides/danger-signals","몸이 보내는 신호","navigation"
"/health/guides/danger-signals","/health/guides/reading-health-results","검사·건강수치","navigation"
"/health/guides/danger-signals","/health/guides/family-medication-support","가족 건강","navigation"
"/health/guides/danger-signals","/health","건강 도구","navigation"
"/health/guides/danger-signals","/health/trust/about","오누림 소개","navigation"
"/health/guides/danger-signals","/health","20개 질환 안내","navigation"
"/health/guides/danger-signals","/health/guides/danger-signals","위험 신호","navigation"
"/health/guides/danger-signals","/health/guides/appointment-questions","진료 질문 준비","navigation"
"/health/guides/danger-signals","/health","건강 기록 도구","navigation"
"/health/guides/danger-signals","/health/trust/author","작성자","navigation"
"/health/guides/danger-signals","/health/trust/sources-policy","출처 원칙","navigation"
"/health/guides/danger-signals","/health/trust/corrections-policy","정정·문의","navigation"
"/health/guides/danger-signals","/health/trust/ai-disclosure","AI 활용 공개","navigation"
"/health/guides/danger-signals","/health/trust/advertising","광고 정책","navigation"
"/health/guides/danger-signals","/health/trust/disclaimer","면책 안내","navigation"
"/health/guides/danger-signals","/health/trust/privacy","개인정보","navigation"
"/health/guides/danger-signals","/health/trust/terms","이용약관","navigation"
"/health/guides/family-medication-support","/health/guides/family-medication-support","본문으로 건너뛰기","content"
"/health/guides/family-medication-support","/","OONURIM오누림","navigation"
"/health/guides/family-medication-support","/health","질환 알아보기","navigation"
"/health/guides/family-medication-support","/health/guides/danger-signals","몸이 보내는 신호","navigation"
"/health/guides/family-medication-support","/health/guides/reading-health-results","검사·건강수치","navigation"
"/health/guides/family-medication-support","/health/guides/family-medication-support","가족 건강","navigation"
"/health/guides/family-medication-support","/health","건강 도구","navigation"
"/health/guides/family-medication-support","/health/trust/about","오누림 소개","navigation"
"/health/guides/family-medication-support","/health","20개 질환 안내","navigation"
"/health/guides/family-medication-support","/health/guides/danger-signals","위험 신호","navigation"
"/health/guides/family-medication-support","/health/guides/appointment-questions","진료 질문 준비","navigation"
"/health/guides/family-medication-support","/health","건강 기록 도구","navigation"
"/health/guides/family-medication-support","/health/trust/author","작성자","navigation"
"/health/guides/family-medication-support","/health/trust/sources-policy","출처 원칙","navigation"
"/health/guides/family-medication-support","/health/trust/corrections-policy","정정·문의","navigation"
"/health/guides/family-medication-support","/health/trust/ai-disclosure","AI 활용 공개","navigation"
"/health/guides/family-medication-support","/health/trust/advertising","광고 정책","navigation"
"/health/guides/family-medication-support","/health/trust/disclaimer","면책 안내","navigation"
"/health/guides/family-medication-support","/health/trust/privacy","개인정보","navigation"
"/health/guides/family-medication-support","/health/trust/terms","이용약관","navigation"
"/health/guides/measuring-blood-pressure","/health/guides/measuring-blood-pressure","본문으로 건너뛰기","content"
"/health/guides/measuring-blood-pressure","/","OONURIM오누림","navigation"
"/health/guides/measuring-blood-pressure","/health","질환 알아보기","navigation"
"/health/guides/measuring-blood-pressure","/health/guides/danger-signals","몸이 보내는 신호","navigation"
"/health/guides/measuring-blood-pressure","/health/guides/reading-health-results","검사·건강수치","navigation"
"/health/guides/measuring-blood-pressure","/health/guides/family-medication-support","가족 건강","navigation"
"/health/guides/measuring-blood-pressure","/health","건강 도구","navigation"
"/health/guides/measuring-blood-pressure","/health/trust/about","오누림 소개","navigation"
"/health/guides/measuring-blood-pressure","/health","20개 질환 안내","navigation"
"/health/guides/measuring-blood-pressure","/health/guides/danger-signals","위험 신호","navigation"
"/health/guides/measuring-blood-pressure","/health/guides/appointment-questions","진료 질문 준비","navigation"
"/health/guides/measuring-blood-pressure","/health","건강 기록 도구","navigation"
"/health/guides/measuring-blood-pressure","/health/trust/author","작성자","navigation"
"/health/guides/measuring-blood-pressure","/health/trust/sources-policy","출처 원칙","navigation"
"/health/guides/measuring-blood-pressure","/health/trust/corrections-policy","정정·문의","navigation"
"/health/guides/measuring-blood-pressure","/health/trust/ai-disclosure","AI 활용 공개","navigation"
"/health/guides/measuring-blood-pressure","/health/trust/advertising","광고 정책","navigation"
"/health/guides/measuring-blood-pressure","/health/trust/disclaimer","면책 안내","navigation"
"/health/guides/measuring-blood-pressure","/health/trust/privacy","개인정보","navigation"
"/health/guides/measuring-blood-pressure","/health/trust/terms","이용약관","navigation"
"/health/guides/medication-list","/health/guides/medication-list","본문으로 건너뛰기","content"
"/health/guides/medication-list","/","OONURIM오누림","navigation"
"/health/guides/medication-list","/health","질환 알아보기","navigation"
"/health/guides/medication-list","/health/guides/danger-signals","몸이 보내는 신호","navigation"
"/health/guides/medication-list","/health/guides/reading-health-results","검사·건강수치","navigation"
"/health/guides/medication-list","/health/guides/family-medication-support","가족 건강","navigation"
"/health/guides/medication-list","/health","건강 도구","navigation"
"/health/guides/medication-list","/health/trust/about","오누림 소개","navigation"
"/health/guides/medication-list","/health","20개 질환 안내","navigation"
"/health/guides/medication-list","/health/guides/danger-signals","위험 신호","navigation"
"/health/guides/medication-list","/health/guides/appointment-questions","진료 질문 준비","navigation"
"/health/guides/medication-list","/health","건강 기록 도구","navigation"
"/health/guides/medication-list","/health/trust/author","작성자","navigation"
"/health/guides/medication-list","/health/trust/sources-policy","출처 원칙","navigation"
"/health/guides/medication-list","/health/trust/corrections-policy","정정·문의","navigation"
"/health/guides/medication-list","/health/trust/ai-disclosure","AI 활용 공개","navigation"
"/health/guides/medication-list","/health/trust/advertising","광고 정책","navigation"
"/health/guides/medication-list","/health/trust/disclaimer","면책 안내","navigation"
"/health/guides/medication-list","/health/trust/privacy","개인정보","navigation"
"/health/guides/medication-list","/health/trust/terms","이용약관","navigation"
"/health/guides/older-parent-health-organizer","/health/guides/older-parent-health-organizer","본문으로 건너뛰기","content"
"/health/guides/older-parent-health-organizer","/","OONURIM오누림","navigation"
"/health/guides/older-parent-health-organizer","/health","질환 알아보기","navigation"
"/health/guides/older-parent-health-organizer","/health/guides/danger-signals","몸이 보내는 신호","navigation"
"/health/guides/older-parent-health-organizer","/health/guides/reading-health-results","검사·건강수치","navigation"
"/health/guides/older-parent-health-organizer","/health/guides/family-medication-support","가족 건강","navigation"
"/health/guides/older-parent-health-organizer","/health","건강 도구","navigation"
"/health/guides/older-parent-health-organizer","/health/trust/about","오누림 소개","navigation"
"/health/guides/older-parent-health-organizer","/health","20개 질환 안내","navigation"
"/health/guides/older-parent-health-organizer","/health/guides/danger-signals","위험 신호","navigation"
"/health/guides/older-parent-health-organizer","/health/guides/appointment-questions","진료 질문 준비","navigation"
"/health/guides/older-parent-health-organizer","/health","건강 기록 도구","navigation"
"/health/guides/older-parent-health-organizer","/health/trust/author","작성자","navigation"
"/health/guides/older-parent-health-organizer","/health/trust/sources-policy","출처 원칙","navigation"
"/health/guides/older-parent-health-organizer","/health/trust/corrections-policy","정정·문의","navigation"
"/health/guides/older-parent-health-organizer","/health/trust/ai-disclosure","AI 활용 공개","navigation"
"/health/guides/older-parent-health-organizer","/health/trust/advertising","광고 정책","navigation"
"/health/guides/older-parent-health-organizer","/health/trust/disclaimer","면책 안내","navigation"
"/health/guides/older-parent-health-organizer","/health/trust/privacy","개인정보","navigation"
"/health/guides/older-parent-health-organizer","/health/trust/terms","이용약관","navigation"
"/health/guides/reading-health-results","/health/guides/reading-health-results","본문으로 건너뛰기","content"
"/health/guides/reading-health-results","/","OONURIM오누림","navigation"
"/health/guides/reading-health-results","/health","질환 알아보기","navigation"
"/health/guides/reading-health-results","/health/guides/danger-signals","몸이 보내는 신호","navigation"
"/health/guides/reading-health-results","/health/guides/reading-health-results","검사·건강수치","navigation"
"/health/guides/reading-health-results","/health/guides/family-medication-support","가족 건강","navigation"
"/health/guides/reading-health-results","/health","건강 도구","navigation"
"/health/guides/reading-health-results","/health/trust/about","오누림 소개","navigation"
"/health/guides/reading-health-results","/health","20개 질환 안내","navigation"
"/health/guides/reading-health-results","/health/guides/danger-signals","위험 신호","navigation"
"/health/guides/reading-health-results","/health/guides/appointment-questions","진료 질문 준비","navigation"
"/health/guides/reading-health-results","/health","건강 기록 도구","navigation"
"/health/guides/reading-health-results","/health/trust/author","작성자","navigation"
"/health/guides/reading-health-results","/health/trust/sources-policy","출처 원칙","navigation"
"/health/guides/reading-health-results","/health/trust/corrections-policy","정정·문의","navigation"
"/health/guides/reading-health-results","/health/trust/ai-disclosure","AI 활용 공개","navigation"
"/health/guides/reading-health-results","/health/trust/advertising","광고 정책","navigation"
"/health/guides/reading-health-results","/health/trust/disclaimer","면책 안내","navigation"
"/health/guides/reading-health-results","/health/trust/privacy","개인정보","navigation"
"/health/guides/reading-health-results","/health/trust/terms","이용약관","navigation"
"/health/guides/symptom-journal","/health/guides/symptom-journal","본문으로 건너뛰기","content"
"/health/guides/symptom-journal","/","OONURIM오누림","navigation"
"/health/guides/symptom-journal","/health","질환 알아보기","navigation"
"/health/guides/symptom-journal","/health/guides/danger-signals","몸이 보내는 신호","navigation"
"/health/guides/symptom-journal","/health/guides/reading-health-results","검사·건강수치","navigation"
"/health/guides/symptom-journal","/health/guides/family-medication-support","가족 건강","navigation"
"/health/guides/symptom-journal","/health","건강 도구","navigation"
"/health/guides/symptom-journal","/health/trust/about","오누림 소개","navigation"
"/health/guides/symptom-journal","/health","20개 질환 안내","navigation"
"/health/guides/symptom-journal","/health/guides/danger-signals","위험 신호","navigation"
"/health/guides/symptom-journal","/health/guides/appointment-questions","진료 질문 준비","navigation"
"/health/guides/symptom-journal","/health","건강 기록 도구","navigation"
"/health/guides/symptom-journal","/health/trust/author","작성자","navigation"
"/health/guides/symptom-journal","/health/trust/sources-policy","출처 원칙","navigation"
"/health/guides/symptom-journal","/health/trust/corrections-policy","정정·문의","navigation"
"/health/guides/symptom-journal","/health/trust/ai-disclosure","AI 활용 공개","navigation"
"/health/guides/symptom-journal","/health/trust/advertising","광고 정책","navigation"
"/health/guides/symptom-journal","/health/trust/disclaimer","면책 안내","navigation"
"/health/guides/symptom-journal","/health/trust/privacy","개인정보","navigation"
"/health/guides/symptom-journal","/health/trust/terms","이용약관","navigation"
"/health/guides/understanding-hba1c","/health/guides/understanding-hba1c","본문으로 건너뛰기","content"
"/health/guides/understanding-hba1c","/","OONURIM오누림","navigation"
"/health/guides/understanding-hba1c","/health","질환 알아보기","navigation"
"/health/guides/understanding-hba1c","/health/guides/danger-signals","몸이 보내는 신호","navigation"
"/health/guides/understanding-hba1c","/health/guides/reading-health-results","검사·건강수치","navigation"
"/health/guides/understanding-hba1c","/health/guides/family-medication-support","가족 건강","navigation"
"/health/guides/understanding-hba1c","/health","건강 도구","navigation"
"/health/guides/understanding-hba1c","/health/trust/about","오누림 소개","navigation"
"/health/guides/understanding-hba1c","/health","20개 질환 안내","navigation"
"/health/guides/understanding-hba1c","/health/guides/danger-signals","위험 신호","navigation"
"/health/guides/understanding-hba1c","/health/guides/appointment-questions","진료 질문 준비","navigation"
"/health/guides/understanding-hba1c","/health","건강 기록 도구","navigation"
"/health/guides/understanding-hba1c","/health/trust/author","작성자","navigation"
"/health/guides/understanding-hba1c","/health/trust/sources-policy","출처 원칙","navigation"
"/health/guides/understanding-hba1c","/health/trust/corrections-policy","정정·문의","navigation"
"/health/guides/understanding-hba1c","/health/trust/ai-disclosure","AI 활용 공개","navigation"
"/health/guides/understanding-hba1c","/health/trust/advertising","광고 정책","navigation"
"/health/guides/understanding-hba1c","/health/trust/disclaimer","면책 안내","navigation"
"/health/guides/understanding-hba1c","/health/trust/privacy","개인정보","navigation"
"/health/guides/understanding-hba1c","/health/trust/terms","이용약관","navigation"
"/health/hypertension","/health/hypertension","본문으로 건너뛰기","content"
"/health/hypertension","/","OONURIM오누림","navigation"
"/health/hypertension","/health","질환 알아보기","navigation"
"/health/hypertension","/health/guides/danger-signals","몸이 보내는 신호","navigation"
"/health/hypertension","/health/guides/reading-health-results","검사·건강수치","navigation"
"/health/hypertension","/health/guides/family-medication-support","가족 건강","navigation"
"/health/hypertension","/health","건강 도구","navigation"
"/health/hypertension","/health/trust/about","오누림 소개","navigation"
"/health/hypertension","/health/trust/author","박영훈 · 비의료인 건강정보 편집자","navigation"
"/health/hypertension","/health/hypertension","응급 신호와 119 안내 바로 보기","content"
"/health/hypertension","/health/tools/blood-pressure-log","7일 혈압 기록표결론을 계산하지 않고 측정 환경과 원래 값을 함께 남기는 개인 기록지입니다.","content"
"/health/hypertension","/health/tools/blood-pressure-questions","고혈압 진료 질문 카드기록을 진료 대화로 연결하는 질문을 골라 적습니다.","content"
"/health/hypertension","/health/tools/blood-pressure-prep","혈압 측정 준비 체크리스트같은 조건에서 더 안정적으로 측정하기 위한 준비표입니다.","content"
"/health/hypertension","/health/tools/blood-pressure-warning","기록보다 119가 먼저인 경고 카드혈압 숫자를 다시 재며 기다리지 않아야 할 동반 신호를 기억합니다.","content"
"/health/hypertension","/health","20개 질환 안내","navigation"
"/health/hypertension","/health/guides/danger-signals","위험 신호","navigation"
"/health/hypertension","/health/guides/appointment-questions","진료 질문 준비","navigation"
"/health/hypertension","/health","건강 기록 도구","navigation"
"/health/hypertension","/health/trust/author","작성자","navigation"
"/health/hypertension","/health/trust/sources-policy","출처 원칙","navigation"
"/health/hypertension","/health/trust/corrections-policy","정정·문의","navigation"
"/health/hypertension","/health/trust/ai-disclosure","AI 활용 공개","navigation"
"/health/hypertension","/health/trust/advertising","광고 정책","navigation"
"/health/hypertension","/health/trust/disclaimer","면책 안내","navigation"
"/health/hypertension","/health/trust/privacy","개인정보","navigation"
"/health/hypertension","/health/trust/terms","이용약관","navigation"
"/health/irritable-bowel-syndrome","/health/irritable-bowel-syndrome","본문으로 건너뛰기","content"
"/health/irritable-bowel-syndrome","/","OONURIM오누림","navigation"
"/health/irritable-bowel-syndrome","/health","질환 알아보기","navigation"
"/health/irritable-bowel-syndrome","/health/guides/danger-signals","몸이 보내는 신호","navigation"
"/health/irritable-bowel-syndrome","/health/guides/reading-health-results","검사·건강수치","navigation"
"/health/irritable-bowel-syndrome","/health/guides/family-medication-support","가족 건강","navigation"
"/health/irritable-bowel-syndrome","/health","건강 도구","navigation"
"/health/irritable-bowel-syndrome","/health/trust/about","오누림 소개","navigation"
"/health/irritable-bowel-syndrome","/health/trust/author","박영훈 · 비의료인 건강정보 편집자","navigation"
"/health/irritable-bowel-syndrome","/health/irritable-bowel-syndrome","응급 신호와 119 안내 바로 보기","content"
"/health/irritable-bowel-syndrome","/health/tools/irritable-bowel-syndrome-visit-card","과민성장증후군 관찰·진료 질문 카드개인 진단 대신 증상 흐름과 의료진에게 물을 내용을 한 장에 정리합니다.","content"
"/health/irritable-bowel-syndrome","/health","20개 질환 안내","navigation"
"/health/irritable-bowel-syndrome","/health/guides/danger-signals","위험 신호","navigation"
"/health/irritable-bowel-syndrome","/health/guides/appointment-questions","진료 질문 준비","navigation"
"/health/irritable-bowel-syndrome","/health","건강 기록 도구","navigation"
"/health/irritable-bowel-syndrome","/health/trust/author","작성자","navigation"
"/health/irritable-bowel-syndrome","/health/trust/sources-policy","출처 원칙","navigation"
"/health/irritable-bowel-syndrome","/health/trust/corrections-policy","정정·문의","navigation"
"/health/irritable-bowel-syndrome","/health/trust/ai-disclosure","AI 활용 공개","navigation"
"/health/irritable-bowel-syndrome","/health/trust/advertising","광고 정책","navigation"
"/health/irritable-bowel-syndrome","/health/trust/disclaimer","면책 안내","navigation"
"/health/irritable-bowel-syndrome","/health/trust/privacy","개인정보","navigation"
"/health/irritable-bowel-syndrome","/health/trust/terms","이용약관","navigation"
"/health/kidney-stones","/health/kidney-stones","본문으로 건너뛰기","content"
"/health/kidney-stones","/","OONURIM오누림","navigation"
"/health/kidney-stones","/health","질환 알아보기","navigation"
"/health/kidney-stones","/health/guides/danger-signals","몸이 보내는 신호","navigation"
"/health/kidney-stones","/health/guides/reading-health-results","검사·건강수치","navigation"
"/health/kidney-stones","/health/guides/family-medication-support","가족 건강","navigation"
"/health/kidney-stones","/health","건강 도구","navigation"
"/health/kidney-stones","/health/trust/about","오누림 소개","navigation"
"/health/kidney-stones","/health/trust/author","박영훈 · 비의료인 건강정보 편집자","navigation"
"/health/kidney-stones","/health/kidney-stones","응급 신호와 119 안내 바로 보기","content"
"/health/kidney-stones","/health/tools/kidney-stones-visit-card","신장결석 관찰·진료 질문 카드개인 진단 대신 증상 흐름과 의료진에게 물을 내용을 한 장에 정리합니다.","content"
"/health/kidney-stones","/health","20개 질환 안내","navigation"
"/health/kidney-stones","/health/guides/danger-signals","위험 신호","navigation"
"/health/kidney-stones","/health/guides/appointment-questions","진료 질문 준비","navigation"
"/health/kidney-stones","/health","건강 기록 도구","navigation"
"/health/kidney-stones","/health/trust/author","작성자","navigation"
"/health/kidney-stones","/health/trust/sources-policy","출처 원칙","navigation"
"/health/kidney-stones","/health/trust/corrections-policy","정정·문의","navigation"
"/health/kidney-stones","/health/trust/ai-disclosure","AI 활용 공개","navigation"
"/health/kidney-stones","/health/trust/advertising","광고 정책","navigation"
"/health/kidney-stones","/health/trust/disclaimer","면책 안내","navigation"
"/health/kidney-stones","/health/trust/privacy","개인정보","navigation"
"/health/kidney-stones","/health/trust/terms","이용약관","navigation"
"/health/metabolic-dysfunction-associated-steatotic-liver-disease","/health/metabolic-dysfunction-associated-steatotic-liver-disease","본문으로 건너뛰기","content"
"/health/metabolic-dysfunction-associated-steatotic-liver-disease","/","OONURIM오누림","navigation"
"/health/metabolic-dysfunction-associated-steatotic-liver-disease","/health","질환 알아보기","navigation"
"/health/metabolic-dysfunction-associated-steatotic-liver-disease","/health/guides/danger-signals","몸이 보내는 신호","navigation"
"/health/metabolic-dysfunction-associated-steatotic-liver-disease","/health/guides/reading-health-results","검사·건강수치","navigation"
"/health/metabolic-dysfunction-associated-steatotic-liver-disease","/health/guides/family-medication-support","가족 건강","navigation"
"/health/metabolic-dysfunction-associated-steatotic-liver-disease","/health","건강 도구","navigation"
"/health/metabolic-dysfunction-associated-steatotic-liver-disease","/health/trust/about","오누림 소개","navigation"
"/health/metabolic-dysfunction-associated-steatotic-liver-disease","/health/trust/author","박영훈 · 비의료인 건강정보 편집자","navigation"
"/health/metabolic-dysfunction-associated-steatotic-liver-disease","/health/metabolic-dysfunction-associated-steatotic-liver-disease","응급 신호와 119 안내 바로 보기","content"
"/health/metabolic-dysfunction-associated-steatotic-liver-disease","/health/tools/metabolic-dysfunction-associated-steatotic-liver-disease-visit-card","지방간(MASLD) 관찰·진료 질문 카드개인 진단 대신 증상 흐름과 의료진에게 물을 내용을 한 장에 정리합니다.","content"
"/health/metabolic-dysfunction-associated-steatotic-liver-disease","/health","20개 질환 안내","navigation"
"/health/metabolic-dysfunction-associated-steatotic-liver-disease","/health/guides/danger-signals","위험 신호","navigation"
"/health/metabolic-dysfunction-associated-steatotic-liver-disease","/health/guides/appointment-questions","진료 질문 준비","navigation"
"/health/metabolic-dysfunction-associated-steatotic-liver-disease","/health","건강 기록 도구","navigation"
"/health/metabolic-dysfunction-associated-steatotic-liver-disease","/health/trust/author","작성자","navigation"
"/health/metabolic-dysfunction-associated-steatotic-liver-disease","/health/trust/sources-policy","출처 원칙","navigation"
"/health/metabolic-dysfunction-associated-steatotic-liver-disease","/health/trust/corrections-policy","정정·문의","navigation"
"/health/metabolic-dysfunction-associated-steatotic-liver-disease","/health/trust/ai-disclosure","AI 활용 공개","navigation"
"/health/metabolic-dysfunction-associated-steatotic-liver-disease","/health/trust/advertising","광고 정책","navigation"
"/health/metabolic-dysfunction-associated-steatotic-liver-disease","/health/trust/disclaimer","면책 안내","navigation"
"/health/metabolic-dysfunction-associated-steatotic-liver-disease","/health/trust/privacy","개인정보","navigation"
"/health/metabolic-dysfunction-associated-steatotic-liver-disease","/health/trust/terms","이용약관","navigation"
"/health/migraine","/health/migraine","본문으로 건너뛰기","content"
"/health/migraine","/","OONURIM오누림","navigation"
"/health/migraine","/health","질환 알아보기","navigation"
"/health/migraine","/health/guides/danger-signals","몸이 보내는 신호","navigation"
"/health/migraine","/health/guides/reading-health-results","검사·건강수치","navigation"
"/health/migraine","/health/guides/family-medication-support","가족 건강","navigation"
"/health/migraine","/health","건강 도구","navigation"
"/health/migraine","/health/trust/about","오누림 소개","navigation"
"/health/migraine","/health/trust/author","박영훈 · 비의료인 건강정보 편집자","navigation"
"/health/migraine","/health/migraine","응급 신호와 119 안내 바로 보기","content"
"/health/migraine","/health/tools/migraine-visit-card","편두통 관찰·진료 질문 카드개인 진단 대신 증상 흐름과 의료진에게 물을 내용을 한 장에 정리합니다.","content"
"/health/migraine","/health","20개 질환 안내","navigation"
"/health/migraine","/health/guides/danger-signals","위험 신호","navigation"
"/health/migraine","/health/guides/appointment-questions","진료 질문 준비","navigation"
"/health/migraine","/health","건강 기록 도구","navigation"
"/health/migraine","/health/trust/author","작성자","navigation"
"/health/migraine","/health/trust/sources-policy","출처 원칙","navigation"
"/health/migraine","/health/trust/corrections-policy","정정·문의","navigation"
"/health/migraine","/health/trust/ai-disclosure","AI 활용 공개","navigation"
"/health/migraine","/health/trust/advertising","광고 정책","navigation"
"/health/migraine","/health/trust/disclaimer","면책 안내","navigation"
"/health/migraine","/health/trust/privacy","개인정보","navigation"
"/health/migraine","/health/trust/terms","이용약관","navigation"
"/health/obesity","/health/obesity","본문으로 건너뛰기","content"
"/health/obesity","/","OONURIM오누림","navigation"
"/health/obesity","/health","질환 알아보기","navigation"
"/health/obesity","/health/guides/danger-signals","몸이 보내는 신호","navigation"
"/health/obesity","/health/guides/reading-health-results","검사·건강수치","navigation"
"/health/obesity","/health/guides/family-medication-support","가족 건강","navigation"
"/health/obesity","/health","건강 도구","navigation"
"/health/obesity","/health/trust/about","오누림 소개","navigation"
"/health/obesity","/health/trust/author","박영훈 · 비의료인 건강정보 편집자","navigation"
"/health/obesity","/health/obesity","응급 신호와 119 안내 바로 보기","content"
"/health/obesity","/health/tools/obesity-visit-card","비만 관찰·진료 질문 카드개인 진단 대신 증상 흐름과 의료진에게 물을 내용을 한 장에 정리합니다.","content"
"/health/obesity","/health","20개 질환 안내","navigation"
"/health/obesity","/health/guides/danger-signals","위험 신호","navigation"
"/health/obesity","/health/guides/appointment-questions","진료 질문 준비","navigation"
"/health/obesity","/health","건강 기록 도구","navigation"
"/health/obesity","/health/trust/author","작성자","navigation"
"/health/obesity","/health/trust/sources-policy","출처 원칙","navigation"
"/health/obesity","/health/trust/corrections-policy","정정·문의","navigation"
"/health/obesity","/health/trust/ai-disclosure","AI 활용 공개","navigation"
"/health/obesity","/health/trust/advertising","광고 정책","navigation"
"/health/obesity","/health/trust/disclaimer","면책 안내","navigation"
"/health/obesity","/health/trust/privacy","개인정보","navigation"
"/health/obesity","/health/trust/terms","이용약관","navigation"
"/health/osteoarthritis","/health/osteoarthritis","본문으로 건너뛰기","content"
"/health/osteoarthritis","/","OONURIM오누림","navigation"
"/health/osteoarthritis","/health","질환 알아보기","navigation"
"/health/osteoarthritis","/health/guides/danger-signals","몸이 보내는 신호","navigation"
"/health/osteoarthritis","/health/guides/reading-health-results","검사·건강수치","navigation"
"/health/osteoarthritis","/health/guides/family-medication-support","가족 건강","navigation"
"/health/osteoarthritis","/health","건강 도구","navigation"
"/health/osteoarthritis","/health/trust/about","오누림 소개","navigation"
"/health/osteoarthritis","/health/trust/author","박영훈 · 비의료인 건강정보 편집자","navigation"
"/health/osteoarthritis","/health/osteoarthritis","응급 신호와 119 안내 바로 보기","content"
"/health/osteoarthritis","/health/tools/oa-daily-activity-log","관절 일상 변화 기록표활동 전후의 관절 변화와 일상 영향을 적는 관찰표입니다.","content"
"/health/osteoarthritis","/health/tools/oa-visit-questions","골관절염 진료 질문 카드원인 확인과 개인별 활동·치료 선택을 묻기 위한 질문 카드입니다.","content"
"/health/osteoarthritis","/health/tools/oa-family-support","관절 불편 가족 지원 체크속도를 재촉하지 않고 일상 지원과 질문 준비를 돕는 체크리스트입니다.","content"
"/health/osteoarthritis","/health","20개 질환 안내","navigation"
"/health/osteoarthritis","/health/guides/danger-signals","위험 신호","navigation"
"/health/osteoarthritis","/health/guides/appointment-questions","진료 질문 준비","navigation"
"/health/osteoarthritis","/health","건강 기록 도구","navigation"
"/health/osteoarthritis","/health/trust/author","작성자","navigation"
"/health/osteoarthritis","/health/trust/sources-policy","출처 원칙","navigation"
"/health/osteoarthritis","/health/trust/corrections-policy","정정·문의","navigation"
"/health/osteoarthritis","/health/trust/ai-disclosure","AI 활용 공개","navigation"
"/health/osteoarthritis","/health/trust/advertising","광고 정책","navigation"
"/health/osteoarthritis","/health/trust/disclaimer","면책 안내","navigation"
"/health/osteoarthritis","/health/trust/privacy","개인정보","navigation"
"/health/osteoarthritis","/health/trust/terms","이용약관","navigation"
"/health/osteoporosis","/health/osteoporosis","본문으로 건너뛰기","content"
"/health/osteoporosis","/","OONURIM오누림","navigation"
"/health/osteoporosis","/health","질환 알아보기","navigation"
"/health/osteoporosis","/health/guides/danger-signals","몸이 보내는 신호","navigation"
"/health/osteoporosis","/health/guides/reading-health-results","검사·건강수치","navigation"
"/health/osteoporosis","/health/guides/family-medication-support","가족 건강","navigation"
"/health/osteoporosis","/health","건강 도구","navigation"
"/health/osteoporosis","/health/trust/about","오누림 소개","navigation"
"/health/osteoporosis","/health/trust/author","박영훈 · 비의료인 건강정보 편집자","navigation"
"/health/osteoporosis","/health/osteoporosis","응급 신호와 119 안내 바로 보기","content"
"/health/osteoporosis","/health/tools/osteoporosis-appointment-prep","골다공증 진료 준비표골절·낙상·복용 약과 검사 질문을 정리하는 준비표입니다.","content"
"/health/osteoporosis","/health/tools/osteoporosis-home-check","낙상 위험 집안 점검표통로와 조명을 점검하되 골절 예방을 보장하지 않는 체크리스트입니다.","content"
"/health/osteoporosis","/health/tools/osteoporosis-terms","골밀도 검사 용어 한 장골밀도 검사와 결과 해석의 경계를 구분하는 안내입니다.","content"
"/health/osteoporosis","/health","20개 질환 안내","navigation"
"/health/osteoporosis","/health/guides/danger-signals","위험 신호","navigation"
"/health/osteoporosis","/health/guides/appointment-questions","진료 질문 준비","navigation"
"/health/osteoporosis","/health","건강 기록 도구","navigation"
"/health/osteoporosis","/health/trust/author","작성자","navigation"
"/health/osteoporosis","/health/trust/sources-policy","출처 원칙","navigation"
"/health/osteoporosis","/health/trust/corrections-policy","정정·문의","navigation"
"/health/osteoporosis","/health/trust/ai-disclosure","AI 활용 공개","navigation"
"/health/osteoporosis","/health/trust/advertising","광고 정책","navigation"
"/health/osteoporosis","/health/trust/disclaimer","면책 안내","navigation"
"/health/osteoporosis","/health/trust/privacy","개인정보","navigation"
"/health/osteoporosis","/health/trust/terms","이용약관","navigation"
"/health/sleep-apnea","/health/sleep-apnea","본문으로 건너뛰기","content"
"/health/sleep-apnea","/","OONURIM오누림","navigation"
"/health/sleep-apnea","/health","질환 알아보기","navigation"
"/health/sleep-apnea","/health/guides/danger-signals","몸이 보내는 신호","navigation"
"/health/sleep-apnea","/health/guides/reading-health-results","검사·건강수치","navigation"
"/health/sleep-apnea","/health/guides/family-medication-support","가족 건강","navigation"
"/health/sleep-apnea","/health","건강 도구","navigation"
"/health/sleep-apnea","/health/trust/about","오누림 소개","navigation"
"/health/sleep-apnea","/health/trust/author","박영훈 · 비의료인 건강정보 편집자","navigation"
"/health/sleep-apnea","/health/sleep-apnea","응급 신호와 119 안내 바로 보기","content"
"/health/sleep-apnea","/health/tools/sleep-apnea-visit-card","수면무호흡증 관찰·진료 질문 카드개인 진단 대신 증상 흐름과 의료진에게 물을 내용을 한 장에 정리합니다.","content"
"/health/sleep-apnea","/health","20개 질환 안내","navigation"
"/health/sleep-apnea","/health/guides/danger-signals","위험 신호","navigation"
"/health/sleep-apnea","/health/guides/appointment-questions","진료 질문 준비","navigation"
"/health/sleep-apnea","/health","건강 기록 도구","navigation"
"/health/sleep-apnea","/health/trust/author","작성자","navigation"
"/health/sleep-apnea","/health/trust/sources-policy","출처 원칙","navigation"
"/health/sleep-apnea","/health/trust/corrections-policy","정정·문의","navigation"
"/health/sleep-apnea","/health/trust/ai-disclosure","AI 활용 공개","navigation"
"/health/sleep-apnea","/health/trust/advertising","광고 정책","navigation"
"/health/sleep-apnea","/health/trust/disclaimer","면책 안내","navigation"
"/health/sleep-apnea","/health/trust/privacy","개인정보","navigation"
"/health/sleep-apnea","/health/trust/terms","이용약관","navigation"
"/health/stroke","/health/stroke","본문으로 건너뛰기","content"
"/health/stroke","/","OONURIM오누림","navigation"
"/health/stroke","/health","질환 알아보기","navigation"
"/health/stroke","/health/guides/danger-signals","몸이 보내는 신호","navigation"
"/health/stroke","/health/guides/reading-health-results","검사·건강수치","navigation"
"/health/stroke","/health/guides/family-medication-support","가족 건강","navigation"
"/health/stroke","/health","건강 도구","navigation"
"/health/stroke","/health/trust/about","오누림 소개","navigation"
"/health/stroke","/health/trust/author","박영훈 · 비의료인 건강정보 편집자","navigation"
"/health/stroke","/health/stroke","응급 신호와 119 안내 바로 보기","content"
"/health/stroke","/health/tools/stroke-visit-card","뇌졸중 관찰·진료 질문 카드개인 진단 대신 증상 흐름과 의료진에게 물을 내용을 한 장에 정리합니다.","content"
"/health/stroke","/health","20개 질환 안내","navigation"
"/health/stroke","/health/guides/danger-signals","위험 신호","navigation"
"/health/stroke","/health/guides/appointment-questions","진료 질문 준비","navigation"
"/health/stroke","/health","건강 기록 도구","navigation"
"/health/stroke","/health/trust/author","작성자","navigation"
"/health/stroke","/health/trust/sources-policy","출처 원칙","navigation"
"/health/stroke","/health/trust/corrections-policy","정정·문의","navigation"
"/health/stroke","/health/trust/ai-disclosure","AI 활용 공개","navigation"
"/health/stroke","/health/trust/advertising","광고 정책","navigation"
"/health/stroke","/health/trust/disclaimer","면책 안내","navigation"
"/health/stroke","/health/trust/privacy","개인정보","navigation"
"/health/stroke","/health/trust/terms","이용약관","navigation"
"/health/tools/acute-myocardial-infarction-visit-card","/health/tools/acute-myocardial-infarction-visit-card","본문으로 건너뛰기","content"
"/health/tools/acute-myocardial-infarction-visit-card","/","OONURIM오누림","navigation"
"/health/tools/acute-myocardial-infarction-visit-card","/health","질환 알아보기","navigation"
"/health/tools/acute-myocardial-infarction-visit-card","/health/guides/danger-signals","몸이 보내는 신호","navigation"
"/health/tools/acute-myocardial-infarction-visit-card","/health/guides/reading-health-results","검사·건강수치","navigation"
"/health/tools/acute-myocardial-infarction-visit-card","/health/guides/family-medication-support","가족 건강","navigation"
"/health/tools/acute-myocardial-infarction-visit-card","/health","건강 도구","navigation"
"/health/tools/acute-myocardial-infarction-visit-card","/health/trust/about","오누림 소개","navigation"
"/health/tools/acute-myocardial-infarction-visit-card","/health/acute-myocardial-infarction","안내 글로 돌아가기","navigation"
"/health/tools/acute-myocardial-infarction-visit-card","/health","20개 질환 안내","navigation"
"/health/tools/acute-myocardial-infarction-visit-card","/health/guides/danger-signals","위험 신호","navigation"
"/health/tools/acute-myocardial-infarction-visit-card","/health/guides/appointment-questions","진료 질문 준비","navigation"
"/health/tools/acute-myocardial-infarction-visit-card","/health","건강 기록 도구","navigation"
"/health/tools/acute-myocardial-infarction-visit-card","/health/trust/author","작성자","navigation"
"/health/tools/acute-myocardial-infarction-visit-card","/health/trust/sources-policy","출처 원칙","navigation"
"/health/tools/acute-myocardial-infarction-visit-card","/health/trust/corrections-policy","정정·문의","navigation"
"/health/tools/acute-myocardial-infarction-visit-card","/health/trust/ai-disclosure","AI 활용 공개","navigation"
"/health/tools/acute-myocardial-infarction-visit-card","/health/trust/advertising","광고 정책","navigation"
"/health/tools/acute-myocardial-infarction-visit-card","/health/trust/disclaimer","면책 안내","navigation"
"/health/tools/acute-myocardial-infarction-visit-card","/health/trust/privacy","개인정보","navigation"
"/health/tools/acute-myocardial-infarction-visit-card","/health/trust/terms","이용약관","navigation"
"/health/tools/allergy-appointment-questions","/health/tools/allergy-appointment-questions","본문으로 건너뛰기","content"
"/health/tools/allergy-appointment-questions","/","OONURIM오누림","navigation"
"/health/tools/allergy-appointment-questions","/health","질환 알아보기","navigation"
"/health/tools/allergy-appointment-questions","/health/guides/danger-signals","몸이 보내는 신호","navigation"
"/health/tools/allergy-appointment-questions","/health/guides/reading-health-results","검사·건강수치","navigation"
"/health/tools/allergy-appointment-questions","/health/guides/family-medication-support","가족 건강","navigation"
"/health/tools/allergy-appointment-questions","/health","건강 도구","navigation"
"/health/tools/allergy-appointment-questions","/health/trust/about","오누림 소개","navigation"
"/health/tools/allergy-appointment-questions","/health/allergic-rhinitis","안내 글로 돌아가기","navigation"
"/health/tools/allergy-appointment-questions","/health","20개 질환 안내","navigation"
"/health/tools/allergy-appointment-questions","/health/guides/danger-signals","위험 신호","navigation"
"/health/tools/allergy-appointment-questions","/health/guides/appointment-questions","진료 질문 준비","navigation"
"/health/tools/allergy-appointment-questions","/health","건강 기록 도구","navigation"
"/health/tools/allergy-appointment-questions","/health/trust/author","작성자","navigation"
"/health/tools/allergy-appointment-questions","/health/trust/sources-policy","출처 원칙","navigation"
"/health/tools/allergy-appointment-questions","/health/trust/corrections-policy","정정·문의","navigation"
"/health/tools/allergy-appointment-questions","/health/trust/ai-disclosure","AI 활용 공개","navigation"
"/health/tools/allergy-appointment-questions","/health/trust/advertising","광고 정책","navigation"
"/health/tools/allergy-appointment-questions","/health/trust/disclaimer","면책 안내","navigation"
"/health/tools/allergy-appointment-questions","/health/trust/privacy","개인정보","navigation"
"/health/tools/allergy-appointment-questions","/health/trust/terms","이용약관","navigation"
"/health/tools/allergy-environment-check","/health/tools/allergy-environment-check","본문으로 건너뛰기","content"
"/health/tools/allergy-environment-check","/","OONURIM오누림","navigation"
"/health/tools/allergy-environment-check","/health","질환 알아보기","navigation"
"/health/tools/allergy-environment-check","/health/guides/danger-signals","몸이 보내는 신호","navigation"
"/health/tools/allergy-environment-check","/health/guides/reading-health-results","검사·건강수치","navigation"
"/health/tools/allergy-environment-check","/health/guides/family-medication-support","가족 건강","navigation"
"/health/tools/allergy-environment-check","/health","건강 도구","navigation"
"/health/tools/allergy-environment-check","/health/trust/about","오누림 소개","navigation"
"/health/tools/allergy-environment-check","/health/allergic-rhinitis","안내 글로 돌아가기","navigation"
"/health/tools/allergy-environment-check","/health","20개 질환 안내","navigation"
"/health/tools/allergy-environment-check","/health/guides/danger-signals","위험 신호","navigation"
"/health/tools/allergy-environment-check","/health/guides/appointment-questions","진료 질문 준비","navigation"
"/health/tools/allergy-environment-check","/health","건강 기록 도구","navigation"
"/health/tools/allergy-environment-check","/health/trust/author","작성자","navigation"
"/health/tools/allergy-environment-check","/health/trust/sources-policy","출처 원칙","navigation"
"/health/tools/allergy-environment-check","/health/trust/corrections-policy","정정·문의","navigation"
"/health/tools/allergy-environment-check","/health/trust/ai-disclosure","AI 활용 공개","navigation"
"/health/tools/allergy-environment-check","/health/trust/advertising","광고 정책","navigation"
"/health/tools/allergy-environment-check","/health/trust/disclaimer","면책 안내","navigation"
"/health/tools/allergy-environment-check","/health/trust/privacy","개인정보","navigation"
"/health/tools/allergy-environment-check","/health/trust/terms","이용약관","navigation"
"/health/tools/allergy-trigger-observation","/health/tools/allergy-trigger-observation","본문으로 건너뛰기","content"
"/health/tools/allergy-trigger-observation","/","OONURIM오누림","navigation"
"/health/tools/allergy-trigger-observation","/health","질환 알아보기","navigation"
"/health/tools/allergy-trigger-observation","/health/guides/danger-signals","몸이 보내는 신호","navigation"
"/health/tools/allergy-trigger-observation","/health/guides/reading-health-results","검사·건강수치","navigation"
"/health/tools/allergy-trigger-observation","/health/guides/family-medication-support","가족 건강","navigation"
"/health/tools/allergy-trigger-observation","/health","건강 도구","navigation"
"/health/tools/allergy-trigger-observation","/health/trust/about","오누림 소개","navigation"
"/health/tools/allergy-trigger-observation","/health/allergic-rhinitis","안내 글로 돌아가기","navigation"
"/health/tools/allergy-trigger-observation","/health","20개 질환 안내","navigation"
"/health/tools/allergy-trigger-observation","/health/guides/danger-signals","위험 신호","navigation"
"/health/tools/allergy-trigger-observation","/health/guides/appointment-questions","진료 질문 준비","navigation"
"/health/tools/allergy-trigger-observation","/health","건강 기록 도구","navigation"
"/health/tools/allergy-trigger-observation","/health/trust/author","작성자","navigation"
"/health/tools/allergy-trigger-observation","/health/trust/sources-policy","출처 원칙","navigation"
"/health/tools/allergy-trigger-observation","/health/trust/corrections-policy","정정·문의","navigation"
"/health/tools/allergy-trigger-observation","/health/trust/ai-disclosure","AI 활용 공개","navigation"
"/health/tools/allergy-trigger-observation","/health/trust/advertising","광고 정책","navigation"
"/health/tools/allergy-trigger-observation","/health/trust/disclaimer","면책 안내","navigation"
"/health/tools/allergy-trigger-observation","/health/trust/privacy","개인정보","navigation"
"/health/tools/allergy-trigger-observation","/health/trust/terms","이용약관","navigation"
"/health/tools/anxiety-disorder-visit-card","/health/tools/anxiety-disorder-visit-card","본문으로 건너뛰기","content"
"/health/tools/anxiety-disorder-visit-card","/","OONURIM오누림","navigation"
"/health/tools/anxiety-disorder-visit-card","/health","질환 알아보기","navigation"
"/health/tools/anxiety-disorder-visit-card","/health/guides/danger-signals","몸이 보내는 신호","navigation"
"/health/tools/anxiety-disorder-visit-card","/health/guides/reading-health-results","검사·건강수치","navigation"
"/health/tools/anxiety-disorder-visit-card","/health/guides/family-medication-support","가족 건강","navigation"
"/health/tools/anxiety-disorder-visit-card","/health","건강 도구","navigation"
"/health/tools/anxiety-disorder-visit-card","/health/trust/about","오누림 소개","navigation"
"/health/tools/anxiety-disorder-visit-card","/health/anxiety-disorder","안내 글로 돌아가기","navigation"
"/health/tools/anxiety-disorder-visit-card","/health","20개 질환 안내","navigation"
"/health/tools/anxiety-disorder-visit-card","/health/guides/danger-signals","위험 신호","navigation"
"/health/tools/anxiety-disorder-visit-card","/health/guides/appointment-questions","진료 질문 준비","navigation"
"/health/tools/anxiety-disorder-visit-card","/health","건강 기록 도구","navigation"
"/health/tools/anxiety-disorder-visit-card","/health/trust/author","작성자","navigation"
"/health/tools/anxiety-disorder-visit-card","/health/trust/sources-policy","출처 원칙","navigation"
"/health/tools/anxiety-disorder-visit-card","/health/trust/corrections-policy","정정·문의","navigation"
"/health/tools/anxiety-disorder-visit-card","/health/trust/ai-disclosure","AI 활용 공개","navigation"
"/health/tools/anxiety-disorder-visit-card","/health/trust/advertising","광고 정책","navigation"
"/health/tools/anxiety-disorder-visit-card","/health/trust/disclaimer","면책 안내","navigation"
"/health/tools/anxiety-disorder-visit-card","/health/trust/privacy","개인정보","navigation"
"/health/tools/anxiety-disorder-visit-card","/health/trust/terms","이용약관","navigation"
"/health/tools/asthma-visit-card","/health/tools/asthma-visit-card","본문으로 건너뛰기","content"
"/health/tools/asthma-visit-card","/","OONURIM오누림","navigation"
"/health/tools/asthma-visit-card","/health","질환 알아보기","navigation"
"/health/tools/asthma-visit-card","/health/guides/danger-signals","몸이 보내는 신호","navigation"
"/health/tools/asthma-visit-card","/health/guides/reading-health-results","검사·건강수치","navigation"
"/health/tools/asthma-visit-card","/health/guides/family-medication-support","가족 건강","navigation"
"/health/tools/asthma-visit-card","/health","건강 도구","navigation"
"/health/tools/asthma-visit-card","/health/trust/about","오누림 소개","navigation"
"/health/tools/asthma-visit-card","/health/asthma","안내 글로 돌아가기","navigation"
"/health/tools/asthma-visit-card","/health","20개 질환 안내","navigation"
"/health/tools/asthma-visit-card","/health/guides/danger-signals","위험 신호","navigation"
"/health/tools/asthma-visit-card","/health/guides/appointment-questions","진료 질문 준비","navigation"
"/health/tools/asthma-visit-card","/health","건강 기록 도구","navigation"
"/health/tools/asthma-visit-card","/health/trust/author","작성자","navigation"
"/health/tools/asthma-visit-card","/health/trust/sources-policy","출처 원칙","navigation"
"/health/tools/asthma-visit-card","/health/trust/corrections-policy","정정·문의","navigation"
"/health/tools/asthma-visit-card","/health/trust/ai-disclosure","AI 활용 공개","navigation"
"/health/tools/asthma-visit-card","/health/trust/advertising","광고 정책","navigation"
"/health/tools/asthma-visit-card","/health/trust/disclaimer","면책 안내","navigation"
"/health/tools/asthma-visit-card","/health/trust/privacy","개인정보","navigation"
"/health/tools/asthma-visit-card","/health/trust/terms","이용약관","navigation"
"/health/tools/blood-pressure-log","/health/tools/blood-pressure-log","본문으로 건너뛰기","content"
"/health/tools/blood-pressure-log","/","OONURIM오누림","navigation"
"/health/tools/blood-pressure-log","/health","질환 알아보기","navigation"
"/health/tools/blood-pressure-log","/health/guides/danger-signals","몸이 보내는 신호","navigation"
"/health/tools/blood-pressure-log","/health/guides/reading-health-results","검사·건강수치","navigation"
"/health/tools/blood-pressure-log","/health/guides/family-medication-support","가족 건강","navigation"
"/health/tools/blood-pressure-log","/health","건강 도구","navigation"
"/health/tools/blood-pressure-log","/health/trust/about","오누림 소개","navigation"
"/health/tools/blood-pressure-log","/health/hypertension","안내 글로 돌아가기","navigation"
"/health/tools/blood-pressure-log","/health","20개 질환 안내","navigation"
"/health/tools/blood-pressure-log","/health/guides/danger-signals","위험 신호","navigation"
"/health/tools/blood-pressure-log","/health/guides/appointment-questions","진료 질문 준비","navigation"
"/health/tools/blood-pressure-log","/health","건강 기록 도구","navigation"
"/health/tools/blood-pressure-log","/health/trust/author","작성자","navigation"
"/health/tools/blood-pressure-log","/health/trust/sources-policy","출처 원칙","navigation"
"/health/tools/blood-pressure-log","/health/trust/corrections-policy","정정·문의","navigation"
"/health/tools/blood-pressure-log","/health/trust/ai-disclosure","AI 활용 공개","navigation"
"/health/tools/blood-pressure-log","/health/trust/advertising","광고 정책","navigation"
"/health/tools/blood-pressure-log","/health/trust/disclaimer","면책 안내","navigation"
"/health/tools/blood-pressure-log","/health/trust/privacy","개인정보","navigation"
"/health/tools/blood-pressure-log","/health/trust/terms","이용약관","navigation"
"/health/tools/blood-pressure-prep","/health/tools/blood-pressure-prep","본문으로 건너뛰기","content"
"/health/tools/blood-pressure-prep","/","OONURIM오누림","navigation"
"/health/tools/blood-pressure-prep","/health","질환 알아보기","navigation"
"/health/tools/blood-pressure-prep","/health/guides/danger-signals","몸이 보내는 신호","navigation"
"/health/tools/blood-pressure-prep","/health/guides/reading-health-results","검사·건강수치","navigation"
"/health/tools/blood-pressure-prep","/health/guides/family-medication-support","가족 건강","navigation"
"/health/tools/blood-pressure-prep","/health","건강 도구","navigation"
"/health/tools/blood-pressure-prep","/health/trust/about","오누림 소개","navigation"
"/health/tools/blood-pressure-prep","/health/hypertension","안내 글로 돌아가기","navigation"
"/health/tools/blood-pressure-prep","/health","20개 질환 안내","navigation"
"/health/tools/blood-pressure-prep","/health/guides/danger-signals","위험 신호","navigation"
"/health/tools/blood-pressure-prep","/health/guides/appointment-questions","진료 질문 준비","navigation"
"/health/tools/blood-pressure-prep","/health","건강 기록 도구","navigation"
"/health/tools/blood-pressure-prep","/health/trust/author","작성자","navigation"
"/health/tools/blood-pressure-prep","/health/trust/sources-policy","출처 원칙","navigation"
"/health/tools/blood-pressure-prep","/health/trust/corrections-policy","정정·문의","navigation"
"/health/tools/blood-pressure-prep","/health/trust/ai-disclosure","AI 활용 공개","navigation"
"/health/tools/blood-pressure-prep","/health/trust/advertising","광고 정책","navigation"
"/health/tools/blood-pressure-prep","/health/trust/disclaimer","면책 안내","navigation"
"/health/tools/blood-pressure-prep","/health/trust/privacy","개인정보","navigation"
"/health/tools/blood-pressure-prep","/health/trust/terms","이용약관","navigation"
"/health/tools/blood-pressure-questions","/health/tools/blood-pressure-questions","본문으로 건너뛰기","content"
"/health/tools/blood-pressure-questions","/","OONURIM오누림","navigation"
"/health/tools/blood-pressure-questions","/health","질환 알아보기","navigation"
"/health/tools/blood-pressure-questions","/health/guides/danger-signals","몸이 보내는 신호","navigation"
"/health/tools/blood-pressure-questions","/health/guides/reading-health-results","검사·건강수치","navigation"
"/health/tools/blood-pressure-questions","/health/guides/family-medication-support","가족 건강","navigation"
"/health/tools/blood-pressure-questions","/health","건강 도구","navigation"
"/health/tools/blood-pressure-questions","/health/trust/about","오누림 소개","navigation"
"/health/tools/blood-pressure-questions","/health/hypertension","안내 글로 돌아가기","navigation"
"/health/tools/blood-pressure-questions","/health","20개 질환 안내","navigation"
"/health/tools/blood-pressure-questions","/health/guides/danger-signals","위험 신호","navigation"
"/health/tools/blood-pressure-questions","/health/guides/appointment-questions","진료 질문 준비","navigation"
"/health/tools/blood-pressure-questions","/health","건강 기록 도구","navigation"
"/health/tools/blood-pressure-questions","/health/trust/author","작성자","navigation"
"/health/tools/blood-pressure-questions","/health/trust/sources-policy","출처 원칙","navigation"
"/health/tools/blood-pressure-questions","/health/trust/corrections-policy","정정·문의","navigation"
"/health/tools/blood-pressure-questions","/health/trust/ai-disclosure","AI 활용 공개","navigation"
"/health/tools/blood-pressure-questions","/health/trust/advertising","광고 정책","navigation"
"/health/tools/blood-pressure-questions","/health/trust/disclaimer","면책 안내","navigation"
"/health/tools/blood-pressure-questions","/health/trust/privacy","개인정보","navigation"
"/health/tools/blood-pressure-questions","/health/trust/terms","이용약관","navigation"
"/health/tools/blood-pressure-warning","/health/tools/blood-pressure-warning","본문으로 건너뛰기","content"
"/health/tools/blood-pressure-warning","/","OONURIM오누림","navigation"
"/health/tools/blood-pressure-warning","/health","질환 알아보기","navigation"
"/health/tools/blood-pressure-warning","/health/guides/danger-signals","몸이 보내는 신호","navigation"
"/health/tools/blood-pressure-warning","/health/guides/reading-health-results","검사·건강수치","navigation"
"/health/tools/blood-pressure-warning","/health/guides/family-medication-support","가족 건강","navigation"
"/health/tools/blood-pressure-warning","/health","건강 도구","navigation"
"/health/tools/blood-pressure-warning","/health/trust/about","오누림 소개","navigation"
"/health/tools/blood-pressure-warning","/health/hypertension","안내 글로 돌아가기","navigation"
"/health/tools/blood-pressure-warning","/health","20개 질환 안내","navigation"
"/health/tools/blood-pressure-warning","/health/guides/danger-signals","위험 신호","navigation"
"/health/tools/blood-pressure-warning","/health/guides/appointment-questions","진료 질문 준비","navigation"
"/health/tools/blood-pressure-warning","/health","건강 기록 도구","navigation"
"/health/tools/blood-pressure-warning","/health/trust/author","작성자","navigation"
"/health/tools/blood-pressure-warning","/health/trust/sources-policy","출처 원칙","navigation"
"/health/tools/blood-pressure-warning","/health/trust/corrections-policy","정정·문의","navigation"
"/health/tools/blood-pressure-warning","/health/trust/ai-disclosure","AI 활용 공개","navigation"
"/health/tools/blood-pressure-warning","/health/trust/advertising","광고 정책","navigation"
"/health/tools/blood-pressure-warning","/health/trust/disclaimer","면책 안내","navigation"
"/health/tools/blood-pressure-warning","/health/trust/privacy","개인정보","navigation"
"/health/tools/blood-pressure-warning","/health/trust/terms","이용약관","navigation"
"/health/tools/depression-visit-card","/health/tools/depression-visit-card","본문으로 건너뛰기","content"
"/health/tools/depression-visit-card","/","OONURIM오누림","navigation"
"/health/tools/depression-visit-card","/health","질환 알아보기","navigation"
"/health/tools/depression-visit-card","/health/guides/danger-signals","몸이 보내는 신호","navigation"
"/health/tools/depression-visit-card","/health/guides/reading-health-results","검사·건강수치","navigation"
"/health/tools/depression-visit-card","/health/guides/family-medication-support","가족 건강","navigation"
"/health/tools/depression-visit-card","/health","건강 도구","navigation"
"/health/tools/depression-visit-card","/health/trust/about","오누림 소개","navigation"
"/health/tools/depression-visit-card","/health/depression","안내 글로 돌아가기","navigation"
"/health/tools/depression-visit-card","/health","20개 질환 안내","navigation"
"/health/tools/depression-visit-card","/health/guides/danger-signals","위험 신호","navigation"
"/health/tools/depression-visit-card","/health/guides/appointment-questions","진료 질문 준비","navigation"
"/health/tools/depression-visit-card","/health","건강 기록 도구","navigation"
"/health/tools/depression-visit-card","/health/trust/author","작성자","navigation"
"/health/tools/depression-visit-card","/health/trust/sources-policy","출처 원칙","navigation"
"/health/tools/depression-visit-card","/health/trust/corrections-policy","정정·문의","navigation"
"/health/tools/depression-visit-card","/health/trust/ai-disclosure","AI 활용 공개","navigation"
"/health/tools/depression-visit-card","/health/trust/advertising","광고 정책","navigation"
"/health/tools/depression-visit-card","/health/trust/disclaimer","면책 안내","navigation"
"/health/tools/depression-visit-card","/health/trust/privacy","개인정보","navigation"
"/health/tools/depression-visit-card","/health/trust/terms","이용약관","navigation"
"/health/tools/diabetes-questions","/health/tools/diabetes-questions","본문으로 건너뛰기","content"
"/health/tools/diabetes-questions","/","OONURIM오누림","navigation"
"/health/tools/diabetes-questions","/health","질환 알아보기","navigation"
"/health/tools/diabetes-questions","/health/guides/danger-signals","몸이 보내는 신호","navigation"
"/health/tools/diabetes-questions","/health/guides/reading-health-results","검사·건강수치","navigation"
"/health/tools/diabetes-questions","/health/guides/family-medication-support","가족 건강","navigation"
"/health/tools/diabetes-questions","/health","건강 도구","navigation"
"/health/tools/diabetes-questions","/health/trust/about","오누림 소개","navigation"
"/health/tools/diabetes-questions","/health/type-2-diabetes","안내 글로 돌아가기","navigation"
"/health/tools/diabetes-questions","/health","20개 질환 안내","navigation"
"/health/tools/diabetes-questions","/health/guides/danger-signals","위험 신호","navigation"
"/health/tools/diabetes-questions","/health/guides/appointment-questions","진료 질문 준비","navigation"
"/health/tools/diabetes-questions","/health","건강 기록 도구","navigation"
"/health/tools/diabetes-questions","/health/trust/author","작성자","navigation"
"/health/tools/diabetes-questions","/health/trust/sources-policy","출처 원칙","navigation"
"/health/tools/diabetes-questions","/health/trust/corrections-policy","정정·문의","navigation"
"/health/tools/diabetes-questions","/health/trust/ai-disclosure","AI 활용 공개","navigation"
"/health/tools/diabetes-questions","/health/trust/advertising","광고 정책","navigation"
"/health/tools/diabetes-questions","/health/trust/disclaimer","면책 안내","navigation"
"/health/tools/diabetes-questions","/health/trust/privacy","개인정보","navigation"
"/health/tools/diabetes-questions","/health/trust/terms","이용약관","navigation"
"/health/tools/diabetes-test-terms","/health/tools/diabetes-test-terms","본문으로 건너뛰기","content"
"/health/tools/diabetes-test-terms","/","OONURIM오누림","navigation"
"/health/tools/diabetes-test-terms","/health","질환 알아보기","navigation"
"/health/tools/diabetes-test-terms","/health/guides/danger-signals","몸이 보내는 신호","navigation"
"/health/tools/diabetes-test-terms","/health/guides/reading-health-results","검사·건강수치","navigation"
"/health/tools/diabetes-test-terms","/health/guides/family-medication-support","가족 건강","navigation"
"/health/tools/diabetes-test-terms","/health","건강 도구","navigation"
"/health/tools/diabetes-test-terms","/health/trust/about","오누림 소개","navigation"
"/health/tools/diabetes-test-terms","/health/type-2-diabetes","안내 글로 돌아가기","navigation"
"/health/tools/diabetes-test-terms","/health","20개 질환 안내","navigation"
"/health/tools/diabetes-test-terms","/health/guides/danger-signals","위험 신호","navigation"
"/health/tools/diabetes-test-terms","/health/guides/appointment-questions","진료 질문 준비","navigation"
"/health/tools/diabetes-test-terms","/health","건강 기록 도구","navigation"
"/health/tools/diabetes-test-terms","/health/trust/author","작성자","navigation"
"/health/tools/diabetes-test-terms","/health/trust/sources-policy","출처 원칙","navigation"
"/health/tools/diabetes-test-terms","/health/trust/corrections-policy","정정·문의","navigation"
"/health/tools/diabetes-test-terms","/health/trust/ai-disclosure","AI 활용 공개","navigation"
"/health/tools/diabetes-test-terms","/health/trust/advertising","광고 정책","navigation"
"/health/tools/diabetes-test-terms","/health/trust/disclaimer","면책 안내","navigation"
"/health/tools/diabetes-test-terms","/health/trust/privacy","개인정보","navigation"
"/health/tools/diabetes-test-terms","/health/trust/terms","이용약관","navigation"
"/health/tools/dyslipidemia-visit-card","/health/tools/dyslipidemia-visit-card","본문으로 건너뛰기","content"
"/health/tools/dyslipidemia-visit-card","/","OONURIM오누림","navigation"
"/health/tools/dyslipidemia-visit-card","/health","질환 알아보기","navigation"
"/health/tools/dyslipidemia-visit-card","/health/guides/danger-signals","몸이 보내는 신호","navigation"
"/health/tools/dyslipidemia-visit-card","/health/guides/reading-health-results","검사·건강수치","navigation"
"/health/tools/dyslipidemia-visit-card","/health/guides/family-medication-support","가족 건강","navigation"
"/health/tools/dyslipidemia-visit-card","/health","건강 도구","navigation"
"/health/tools/dyslipidemia-visit-card","/health/trust/about","오누림 소개","navigation"
"/health/tools/dyslipidemia-visit-card","/health/dyslipidemia","안내 글로 돌아가기","navigation"
"/health/tools/dyslipidemia-visit-card","/health","20개 질환 안내","navigation"
"/health/tools/dyslipidemia-visit-card","/health/guides/danger-signals","위험 신호","navigation"
"/health/tools/dyslipidemia-visit-card","/health/guides/appointment-questions","진료 질문 준비","navigation"
"/health/tools/dyslipidemia-visit-card","/health","건강 기록 도구","navigation"
"/health/tools/dyslipidemia-visit-card","/health/trust/author","작성자","navigation"
"/health/tools/dyslipidemia-visit-card","/health/trust/sources-policy","출처 원칙","navigation"
"/health/tools/dyslipidemia-visit-card","/health/trust/corrections-policy","정정·문의","navigation"
"/health/tools/dyslipidemia-visit-card","/health/trust/ai-disclosure","AI 활용 공개","navigation"
"/health/tools/dyslipidemia-visit-card","/health/trust/advertising","광고 정책","navigation"
"/health/tools/dyslipidemia-visit-card","/health/trust/disclaimer","면책 안내","navigation"
"/health/tools/dyslipidemia-visit-card","/health/trust/privacy","개인정보","navigation"
"/health/tools/dyslipidemia-visit-card","/health/trust/terms","이용약관","navigation"
"/health/tools/family-support-checklist","/health/tools/family-support-checklist","본문으로 건너뛰기","content"
"/health/tools/family-support-checklist","/","OONURIM오누림","navigation"
"/health/tools/family-support-checklist","/health","질환 알아보기","navigation"
"/health/tools/family-support-checklist","/health/guides/danger-signals","몸이 보내는 신호","navigation"
"/health/tools/family-support-checklist","/health/guides/reading-health-results","검사·건강수치","navigation"
"/health/tools/family-support-checklist","/health/guides/family-medication-support","가족 건강","navigation"
"/health/tools/family-support-checklist","/health","건강 도구","navigation"
"/health/tools/family-support-checklist","/health/trust/about","오누림 소개","navigation"
"/health/tools/family-support-checklist","/health/type-2-diabetes","안내 글로 돌아가기","navigation"
"/health/tools/family-support-checklist","/health","20개 질환 안내","navigation"
"/health/tools/family-support-checklist","/health/guides/danger-signals","위험 신호","navigation"
"/health/tools/family-support-checklist","/health/guides/appointment-questions","진료 질문 준비","navigation"
"/health/tools/family-support-checklist","/health","건강 기록 도구","navigation"
"/health/tools/family-support-checklist","/health/trust/author","작성자","navigation"
"/health/tools/family-support-checklist","/health/trust/sources-policy","출처 원칙","navigation"
"/health/tools/family-support-checklist","/health/trust/corrections-policy","정정·문의","navigation"
"/health/tools/family-support-checklist","/health/trust/ai-disclosure","AI 활용 공개","navigation"
"/health/tools/family-support-checklist","/health/trust/advertising","광고 정책","navigation"
"/health/tools/family-support-checklist","/health/trust/disclaimer","면책 안내","navigation"
"/health/tools/family-support-checklist","/health/trust/privacy","개인정보","navigation"
"/health/tools/family-support-checklist","/health/trust/terms","이용약관","navigation"
"/health/tools/gerd-appointment-prep","/health/tools/gerd-appointment-prep","본문으로 건너뛰기","content"
"/health/tools/gerd-appointment-prep","/","OONURIM오누림","navigation"
"/health/tools/gerd-appointment-prep","/health","질환 알아보기","navigation"
"/health/tools/gerd-appointment-prep","/health/guides/danger-signals","몸이 보내는 신호","navigation"
"/health/tools/gerd-appointment-prep","/health/guides/reading-health-results","검사·건강수치","navigation"
"/health/tools/gerd-appointment-prep","/health/guides/family-medication-support","가족 건강","navigation"
"/health/tools/gerd-appointment-prep","/health","건강 도구","navigation"
"/health/tools/gerd-appointment-prep","/health/trust/about","오누림 소개","navigation"
"/health/tools/gerd-appointment-prep","/health/gastroesophageal-reflux-disease","안내 글로 돌아가기","navigation"
"/health/tools/gerd-appointment-prep","/health","20개 질환 안내","navigation"
"/health/tools/gerd-appointment-prep","/health/guides/danger-signals","위험 신호","navigation"
"/health/tools/gerd-appointment-prep","/health/guides/appointment-questions","진료 질문 준비","navigation"
"/health/tools/gerd-appointment-prep","/health","건강 기록 도구","navigation"
"/health/tools/gerd-appointment-prep","/health/trust/author","작성자","navigation"
"/health/tools/gerd-appointment-prep","/health/trust/sources-policy","출처 원칙","navigation"
"/health/tools/gerd-appointment-prep","/health/trust/corrections-policy","정정·문의","navigation"
"/health/tools/gerd-appointment-prep","/health/trust/ai-disclosure","AI 활용 공개","navigation"
"/health/tools/gerd-appointment-prep","/health/trust/advertising","광고 정책","navigation"
"/health/tools/gerd-appointment-prep","/health/trust/disclaimer","면책 안내","navigation"
"/health/tools/gerd-appointment-prep","/health/trust/privacy","개인정보","navigation"
"/health/tools/gerd-appointment-prep","/health/trust/terms","이용약관","navigation"
"/health/tools/gerd-everyday-patterns","/health/tools/gerd-everyday-patterns","본문으로 건너뛰기","content"
"/health/tools/gerd-everyday-patterns","/","OONURIM오누림","navigation"
"/health/tools/gerd-everyday-patterns","/health","질환 알아보기","navigation"
"/health/tools/gerd-everyday-patterns","/health/guides/danger-signals","몸이 보내는 신호","navigation"
"/health/tools/gerd-everyday-patterns","/health/guides/reading-health-results","검사·건강수치","navigation"
"/health/tools/gerd-everyday-patterns","/health/guides/family-medication-support","가족 건강","navigation"
"/health/tools/gerd-everyday-patterns","/health","건강 도구","navigation"
"/health/tools/gerd-everyday-patterns","/health/trust/about","오누림 소개","navigation"
"/health/tools/gerd-everyday-patterns","/health/gastroesophageal-reflux-disease","안내 글로 돌아가기","navigation"
"/health/tools/gerd-everyday-patterns","/health","20개 질환 안내","navigation"
"/health/tools/gerd-everyday-patterns","/health/guides/danger-signals","위험 신호","navigation"
"/health/tools/gerd-everyday-patterns","/health/guides/appointment-questions","진료 질문 준비","navigation"
"/health/tools/gerd-everyday-patterns","/health","건강 기록 도구","navigation"
"/health/tools/gerd-everyday-patterns","/health/trust/author","작성자","navigation"
"/health/tools/gerd-everyday-patterns","/health/trust/sources-policy","출처 원칙","navigation"
"/health/tools/gerd-everyday-patterns","/health/trust/corrections-policy","정정·문의","navigation"
"/health/tools/gerd-everyday-patterns","/health/trust/ai-disclosure","AI 활용 공개","navigation"
"/health/tools/gerd-everyday-patterns","/health/trust/advertising","광고 정책","navigation"
"/health/tools/gerd-everyday-patterns","/health/trust/disclaimer","면책 안내","navigation"
"/health/tools/gerd-everyday-patterns","/health/trust/privacy","개인정보","navigation"
"/health/tools/gerd-everyday-patterns","/health/trust/terms","이용약관","navigation"
"/health/tools/gerd-symptom-timing-log","/health/tools/gerd-symptom-timing-log","본문으로 건너뛰기","content"
"/health/tools/gerd-symptom-timing-log","/","OONURIM오누림","navigation"
"/health/tools/gerd-symptom-timing-log","/health","질환 알아보기","navigation"
"/health/tools/gerd-symptom-timing-log","/health/guides/danger-signals","몸이 보내는 신호","navigation"
"/health/tools/gerd-symptom-timing-log","/health/guides/reading-health-results","검사·건강수치","navigation"
"/health/tools/gerd-symptom-timing-log","/health/guides/family-medication-support","가족 건강","navigation"
"/health/tools/gerd-symptom-timing-log","/health","건강 도구","navigation"
"/health/tools/gerd-symptom-timing-log","/health/trust/about","오누림 소개","navigation"
"/health/tools/gerd-symptom-timing-log","/health/gastroesophageal-reflux-disease","안내 글로 돌아가기","navigation"
"/health/tools/gerd-symptom-timing-log","/health","20개 질환 안내","navigation"
"/health/tools/gerd-symptom-timing-log","/health/guides/danger-signals","위험 신호","navigation"
"/health/tools/gerd-symptom-timing-log","/health/guides/appointment-questions","진료 질문 준비","navigation"
"/health/tools/gerd-symptom-timing-log","/health","건강 기록 도구","navigation"
"/health/tools/gerd-symptom-timing-log","/health/trust/author","작성자","navigation"
"/health/tools/gerd-symptom-timing-log","/health/trust/sources-policy","출처 원칙","navigation"
"/health/tools/gerd-symptom-timing-log","/health/trust/corrections-policy","정정·문의","navigation"
"/health/tools/gerd-symptom-timing-log","/health/trust/ai-disclosure","AI 활용 공개","navigation"
"/health/tools/gerd-symptom-timing-log","/health/trust/advertising","광고 정책","navigation"
"/health/tools/gerd-symptom-timing-log","/health/trust/disclaimer","면책 안내","navigation"
"/health/tools/gerd-symptom-timing-log","/health/trust/privacy","개인정보","navigation"
"/health/tools/gerd-symptom-timing-log","/health/trust/terms","이용약관","navigation"
"/health/tools/glucose-observation-log","/health/tools/glucose-observation-log","본문으로 건너뛰기","content"
"/health/tools/glucose-observation-log","/","OONURIM오누림","navigation"
"/health/tools/glucose-observation-log","/health","질환 알아보기","navigation"
"/health/tools/glucose-observation-log","/health/guides/danger-signals","몸이 보내는 신호","navigation"
"/health/tools/glucose-observation-log","/health/guides/reading-health-results","검사·건강수치","navigation"
"/health/tools/glucose-observation-log","/health/guides/family-medication-support","가족 건강","navigation"
"/health/tools/glucose-observation-log","/health","건강 도구","navigation"
"/health/tools/glucose-observation-log","/health/trust/about","오누림 소개","navigation"
"/health/tools/glucose-observation-log","/health/type-2-diabetes","안내 글로 돌아가기","navigation"
"/health/tools/glucose-observation-log","/health","20개 질환 안내","navigation"
"/health/tools/glucose-observation-log","/health/guides/danger-signals","위험 신호","navigation"
"/health/tools/glucose-observation-log","/health/guides/appointment-questions","진료 질문 준비","navigation"
"/health/tools/glucose-observation-log","/health","건강 기록 도구","navigation"
"/health/tools/glucose-observation-log","/health/trust/author","작성자","navigation"
"/health/tools/glucose-observation-log","/health/trust/sources-policy","출처 원칙","navigation"
"/health/tools/glucose-observation-log","/health/trust/corrections-policy","정정·문의","navigation"
"/health/tools/glucose-observation-log","/health/trust/ai-disclosure","AI 활용 공개","navigation"
"/health/tools/glucose-observation-log","/health/trust/advertising","광고 정책","navigation"
"/health/tools/glucose-observation-log","/health/trust/disclaimer","면책 안내","navigation"
"/health/tools/glucose-observation-log","/health/trust/privacy","개인정보","navigation"
"/health/tools/glucose-observation-log","/health/trust/terms","이용약관","navigation"
"/health/tools/gout-visit-card","/health/tools/gout-visit-card","본문으로 건너뛰기","content"
"/health/tools/gout-visit-card","/","OONURIM오누림","navigation"
"/health/tools/gout-visit-card","/health","질환 알아보기","navigation"
"/health/tools/gout-visit-card","/health/guides/danger-signals","몸이 보내는 신호","navigation"
"/health/tools/gout-visit-card","/health/guides/reading-health-results","검사·건강수치","navigation"
"/health/tools/gout-visit-card","/health/guides/family-medication-support","가족 건강","navigation"
"/health/tools/gout-visit-card","/health","건강 도구","navigation"
"/health/tools/gout-visit-card","/health/trust/about","오누림 소개","navigation"
"/health/tools/gout-visit-card","/health/gout","안내 글로 돌아가기","navigation"
"/health/tools/gout-visit-card","/health","20개 질환 안내","navigation"
"/health/tools/gout-visit-card","/health/guides/danger-signals","위험 신호","navigation"
"/health/tools/gout-visit-card","/health/guides/appointment-questions","진료 질문 준비","navigation"
"/health/tools/gout-visit-card","/health","건강 기록 도구","navigation"
"/health/tools/gout-visit-card","/health/trust/author","작성자","navigation"
"/health/tools/gout-visit-card","/health/trust/sources-policy","출처 원칙","navigation"
"/health/tools/gout-visit-card","/health/trust/corrections-policy","정정·문의","navigation"
"/health/tools/gout-visit-card","/health/trust/ai-disclosure","AI 활용 공개","navigation"
"/health/tools/gout-visit-card","/health/trust/advertising","광고 정책","navigation"
"/health/tools/gout-visit-card","/health/trust/disclaimer","면책 안내","navigation"
"/health/tools/gout-visit-card","/health/trust/privacy","개인정보","navigation"
"/health/tools/gout-visit-card","/health/trust/terms","이용약관","navigation"
"/health/tools/irritable-bowel-syndrome-visit-card","/health/tools/irritable-bowel-syndrome-visit-card","본문으로 건너뛰기","content"
"/health/tools/irritable-bowel-syndrome-visit-card","/","OONURIM오누림","navigation"
"/health/tools/irritable-bowel-syndrome-visit-card","/health","질환 알아보기","navigation"
"/health/tools/irritable-bowel-syndrome-visit-card","/health/guides/danger-signals","몸이 보내는 신호","navigation"
"/health/tools/irritable-bowel-syndrome-visit-card","/health/guides/reading-health-results","검사·건강수치","navigation"
"/health/tools/irritable-bowel-syndrome-visit-card","/health/guides/family-medication-support","가족 건강","navigation"
"/health/tools/irritable-bowel-syndrome-visit-card","/health","건강 도구","navigation"
"/health/tools/irritable-bowel-syndrome-visit-card","/health/trust/about","오누림 소개","navigation"
"/health/tools/irritable-bowel-syndrome-visit-card","/health/irritable-bowel-syndrome","안내 글로 돌아가기","navigation"
"/health/tools/irritable-bowel-syndrome-visit-card","/health","20개 질환 안내","navigation"
"/health/tools/irritable-bowel-syndrome-visit-card","/health/guides/danger-signals","위험 신호","navigation"
"/health/tools/irritable-bowel-syndrome-visit-card","/health/guides/appointment-questions","진료 질문 준비","navigation"
"/health/tools/irritable-bowel-syndrome-visit-card","/health","건강 기록 도구","navigation"
"/health/tools/irritable-bowel-syndrome-visit-card","/health/trust/author","작성자","navigation"
"/health/tools/irritable-bowel-syndrome-visit-card","/health/trust/sources-policy","출처 원칙","navigation"
"/health/tools/irritable-bowel-syndrome-visit-card","/health/trust/corrections-policy","정정·문의","navigation"
"/health/tools/irritable-bowel-syndrome-visit-card","/health/trust/ai-disclosure","AI 활용 공개","navigation"
"/health/tools/irritable-bowel-syndrome-visit-card","/health/trust/advertising","광고 정책","navigation"
"/health/tools/irritable-bowel-syndrome-visit-card","/health/trust/disclaimer","면책 안내","navigation"
"/health/tools/irritable-bowel-syndrome-visit-card","/health/trust/privacy","개인정보","navigation"
"/health/tools/irritable-bowel-syndrome-visit-card","/health/trust/terms","이용약관","navigation"
"/health/tools/kidney-stones-visit-card","/health/tools/kidney-stones-visit-card","본문으로 건너뛰기","content"
"/health/tools/kidney-stones-visit-card","/","OONURIM오누림","navigation"
"/health/tools/kidney-stones-visit-card","/health","질환 알아보기","navigation"
"/health/tools/kidney-stones-visit-card","/health/guides/danger-signals","몸이 보내는 신호","navigation"
"/health/tools/kidney-stones-visit-card","/health/guides/reading-health-results","검사·건강수치","navigation"
"/health/tools/kidney-stones-visit-card","/health/guides/family-medication-support","가족 건강","navigation"
"/health/tools/kidney-stones-visit-card","/health","건강 도구","navigation"
"/health/tools/kidney-stones-visit-card","/health/trust/about","오누림 소개","navigation"
"/health/tools/kidney-stones-visit-card","/health/kidney-stones","안내 글로 돌아가기","navigation"
"/health/tools/kidney-stones-visit-card","/health","20개 질환 안내","navigation"
"/health/tools/kidney-stones-visit-card","/health/guides/danger-signals","위험 신호","navigation"
"/health/tools/kidney-stones-visit-card","/health/guides/appointment-questions","진료 질문 준비","navigation"
"/health/tools/kidney-stones-visit-card","/health","건강 기록 도구","navigation"
"/health/tools/kidney-stones-visit-card","/health/trust/author","작성자","navigation"
"/health/tools/kidney-stones-visit-card","/health/trust/sources-policy","출처 원칙","navigation"
"/health/tools/kidney-stones-visit-card","/health/trust/corrections-policy","정정·문의","navigation"
"/health/tools/kidney-stones-visit-card","/health/trust/ai-disclosure","AI 활용 공개","navigation"
"/health/tools/kidney-stones-visit-card","/health/trust/advertising","광고 정책","navigation"
"/health/tools/kidney-stones-visit-card","/health/trust/disclaimer","면책 안내","navigation"
"/health/tools/kidney-stones-visit-card","/health/trust/privacy","개인정보","navigation"
"/health/tools/kidney-stones-visit-card","/health/trust/terms","이용약관","navigation"
"/health/tools/metabolic-dysfunction-associated-steatotic-liver-disease-visit-card","/health/tools/metabolic-dysfunction-associated-steatotic-liver-disease-visit-card","본문으로 건너뛰기","content"
"/health/tools/metabolic-dysfunction-associated-steatotic-liver-disease-visit-card","/","OONURIM오누림","navigation"
"/health/tools/metabolic-dysfunction-associated-steatotic-liver-disease-visit-card","/health","질환 알아보기","navigation"
"/health/tools/metabolic-dysfunction-associated-steatotic-liver-disease-visit-card","/health/guides/danger-signals","몸이 보내는 신호","navigation"
"/health/tools/metabolic-dysfunction-associated-steatotic-liver-disease-visit-card","/health/guides/reading-health-results","검사·건강수치","navigation"
"/health/tools/metabolic-dysfunction-associated-steatotic-liver-disease-visit-card","/health/guides/family-medication-support","가족 건강","navigation"
"/health/tools/metabolic-dysfunction-associated-steatotic-liver-disease-visit-card","/health","건강 도구","navigation"
"/health/tools/metabolic-dysfunction-associated-steatotic-liver-disease-visit-card","/health/trust/about","오누림 소개","navigation"
"/health/tools/metabolic-dysfunction-associated-steatotic-liver-disease-visit-card","/health/metabolic-dysfunction-associated-steatotic-liver-disease","안내 글로 돌아가기","navigation"
"/health/tools/metabolic-dysfunction-associated-steatotic-liver-disease-visit-card","/health","20개 질환 안내","navigation"
"/health/tools/metabolic-dysfunction-associated-steatotic-liver-disease-visit-card","/health/guides/danger-signals","위험 신호","navigation"
"/health/tools/metabolic-dysfunction-associated-steatotic-liver-disease-visit-card","/health/guides/appointment-questions","진료 질문 준비","navigation"
"/health/tools/metabolic-dysfunction-associated-steatotic-liver-disease-visit-card","/health","건강 기록 도구","navigation"
"/health/tools/metabolic-dysfunction-associated-steatotic-liver-disease-visit-card","/health/trust/author","작성자","navigation"
"/health/tools/metabolic-dysfunction-associated-steatotic-liver-disease-visit-card","/health/trust/sources-policy","출처 원칙","navigation"
"/health/tools/metabolic-dysfunction-associated-steatotic-liver-disease-visit-card","/health/trust/corrections-policy","정정·문의","navigation"
"/health/tools/metabolic-dysfunction-associated-steatotic-liver-disease-visit-card","/health/trust/ai-disclosure","AI 활용 공개","navigation"
"/health/tools/metabolic-dysfunction-associated-steatotic-liver-disease-visit-card","/health/trust/advertising","광고 정책","navigation"
"/health/tools/metabolic-dysfunction-associated-steatotic-liver-disease-visit-card","/health/trust/disclaimer","면책 안내","navigation"
"/health/tools/metabolic-dysfunction-associated-steatotic-liver-disease-visit-card","/health/trust/privacy","개인정보","navigation"
"/health/tools/metabolic-dysfunction-associated-steatotic-liver-disease-visit-card","/health/trust/terms","이용약관","navigation"
"/health/tools/migraine-visit-card","/health/tools/migraine-visit-card","본문으로 건너뛰기","content"
"/health/tools/migraine-visit-card","/","OONURIM오누림","navigation"
"/health/tools/migraine-visit-card","/health","질환 알아보기","navigation"
"/health/tools/migraine-visit-card","/health/guides/danger-signals","몸이 보내는 신호","navigation"
"/health/tools/migraine-visit-card","/health/guides/reading-health-results","검사·건강수치","navigation"
"/health/tools/migraine-visit-card","/health/guides/family-medication-support","가족 건강","navigation"
"/health/tools/migraine-visit-card","/health","건강 도구","navigation"
"/health/tools/migraine-visit-card","/health/trust/about","오누림 소개","navigation"
"/health/tools/migraine-visit-card","/health/migraine","안내 글로 돌아가기","navigation"
"/health/tools/migraine-visit-card","/health","20개 질환 안내","navigation"
"/health/tools/migraine-visit-card","/health/guides/danger-signals","위험 신호","navigation"
"/health/tools/migraine-visit-card","/health/guides/appointment-questions","진료 질문 준비","navigation"
"/health/tools/migraine-visit-card","/health","건강 기록 도구","navigation"
"/health/tools/migraine-visit-card","/health/trust/author","작성자","navigation"
"/health/tools/migraine-visit-card","/health/trust/sources-policy","출처 원칙","navigation"
"/health/tools/migraine-visit-card","/health/trust/corrections-policy","정정·문의","navigation"
"/health/tools/migraine-visit-card","/health/trust/ai-disclosure","AI 활용 공개","navigation"
"/health/tools/migraine-visit-card","/health/trust/advertising","광고 정책","navigation"
"/health/tools/migraine-visit-card","/health/trust/disclaimer","면책 안내","navigation"
"/health/tools/migraine-visit-card","/health/trust/privacy","개인정보","navigation"
"/health/tools/migraine-visit-card","/health/trust/terms","이용약관","navigation"
"/health/tools/oa-daily-activity-log","/health/tools/oa-daily-activity-log","본문으로 건너뛰기","content"
"/health/tools/oa-daily-activity-log","/","OONURIM오누림","navigation"
"/health/tools/oa-daily-activity-log","/health","질환 알아보기","navigation"
"/health/tools/oa-daily-activity-log","/health/guides/danger-signals","몸이 보내는 신호","navigation"
"/health/tools/oa-daily-activity-log","/health/guides/reading-health-results","검사·건강수치","navigation"
"/health/tools/oa-daily-activity-log","/health/guides/family-medication-support","가족 건강","navigation"
"/health/tools/oa-daily-activity-log","/health","건강 도구","navigation"
"/health/tools/oa-daily-activity-log","/health/trust/about","오누림 소개","navigation"
"/health/tools/oa-daily-activity-log","/health/osteoarthritis","안내 글로 돌아가기","navigation"
"/health/tools/oa-daily-activity-log","/health","20개 질환 안내","navigation"
"/health/tools/oa-daily-activity-log","/health/guides/danger-signals","위험 신호","navigation"
"/health/tools/oa-daily-activity-log","/health/guides/appointment-questions","진료 질문 준비","navigation"
"/health/tools/oa-daily-activity-log","/health","건강 기록 도구","navigation"
"/health/tools/oa-daily-activity-log","/health/trust/author","작성자","navigation"
"/health/tools/oa-daily-activity-log","/health/trust/sources-policy","출처 원칙","navigation"
"/health/tools/oa-daily-activity-log","/health/trust/corrections-policy","정정·문의","navigation"
"/health/tools/oa-daily-activity-log","/health/trust/ai-disclosure","AI 활용 공개","navigation"
"/health/tools/oa-daily-activity-log","/health/trust/advertising","광고 정책","navigation"
"/health/tools/oa-daily-activity-log","/health/trust/disclaimer","면책 안내","navigation"
"/health/tools/oa-daily-activity-log","/health/trust/privacy","개인정보","navigation"
"/health/tools/oa-daily-activity-log","/health/trust/terms","이용약관","navigation"
"/health/tools/oa-family-support","/health/tools/oa-family-support","본문으로 건너뛰기","content"
"/health/tools/oa-family-support","/","OONURIM오누림","navigation"
"/health/tools/oa-family-support","/health","질환 알아보기","navigation"
"/health/tools/oa-family-support","/health/guides/danger-signals","몸이 보내는 신호","navigation"
"/health/tools/oa-family-support","/health/guides/reading-health-results","검사·건강수치","navigation"
"/health/tools/oa-family-support","/health/guides/family-medication-support","가족 건강","navigation"
"/health/tools/oa-family-support","/health","건강 도구","navigation"
"/health/tools/oa-family-support","/health/trust/about","오누림 소개","navigation"
"/health/tools/oa-family-support","/health/osteoarthritis","안내 글로 돌아가기","navigation"
"/health/tools/oa-family-support","/health","20개 질환 안내","navigation"
"/health/tools/oa-family-support","/health/guides/danger-signals","위험 신호","navigation"
"/health/tools/oa-family-support","/health/guides/appointment-questions","진료 질문 준비","navigation"
"/health/tools/oa-family-support","/health","건강 기록 도구","navigation"
"/health/tools/oa-family-support","/health/trust/author","작성자","navigation"
"/health/tools/oa-family-support","/health/trust/sources-policy","출처 원칙","navigation"
"/health/tools/oa-family-support","/health/trust/corrections-policy","정정·문의","navigation"
"/health/tools/oa-family-support","/health/trust/ai-disclosure","AI 활용 공개","navigation"
"/health/tools/oa-family-support","/health/trust/advertising","광고 정책","navigation"
"/health/tools/oa-family-support","/health/trust/disclaimer","면책 안내","navigation"
"/health/tools/oa-family-support","/health/trust/privacy","개인정보","navigation"
"/health/tools/oa-family-support","/health/trust/terms","이용약관","navigation"
"/health/tools/oa-visit-questions","/health/tools/oa-visit-questions","본문으로 건너뛰기","content"
"/health/tools/oa-visit-questions","/","OONURIM오누림","navigation"
"/health/tools/oa-visit-questions","/health","질환 알아보기","navigation"
"/health/tools/oa-visit-questions","/health/guides/danger-signals","몸이 보내는 신호","navigation"
"/health/tools/oa-visit-questions","/health/guides/reading-health-results","검사·건강수치","navigation"
"/health/tools/oa-visit-questions","/health/guides/family-medication-support","가족 건강","navigation"
"/health/tools/oa-visit-questions","/health","건강 도구","navigation"
"/health/tools/oa-visit-questions","/health/trust/about","오누림 소개","navigation"
"/health/tools/oa-visit-questions","/health/osteoarthritis","안내 글로 돌아가기","navigation"
"/health/tools/oa-visit-questions","/health","20개 질환 안내","navigation"
"/health/tools/oa-visit-questions","/health/guides/danger-signals","위험 신호","navigation"
"/health/tools/oa-visit-questions","/health/guides/appointment-questions","진료 질문 준비","navigation"
"/health/tools/oa-visit-questions","/health","건강 기록 도구","navigation"
"/health/tools/oa-visit-questions","/health/trust/author","작성자","navigation"
"/health/tools/oa-visit-questions","/health/trust/sources-policy","출처 원칙","navigation"
"/health/tools/oa-visit-questions","/health/trust/corrections-policy","정정·문의","navigation"
"/health/tools/oa-visit-questions","/health/trust/ai-disclosure","AI 활용 공개","navigation"
"/health/tools/oa-visit-questions","/health/trust/advertising","광고 정책","navigation"
"/health/tools/oa-visit-questions","/health/trust/disclaimer","면책 안내","navigation"
"/health/tools/oa-visit-questions","/health/trust/privacy","개인정보","navigation"
"/health/tools/oa-visit-questions","/health/trust/terms","이용약관","navigation"
"/health/tools/obesity-visit-card","/health/tools/obesity-visit-card","본문으로 건너뛰기","content"
"/health/tools/obesity-visit-card","/","OONURIM오누림","navigation"
"/health/tools/obesity-visit-card","/health","질환 알아보기","navigation"
"/health/tools/obesity-visit-card","/health/guides/danger-signals","몸이 보내는 신호","navigation"
"/health/tools/obesity-visit-card","/health/guides/reading-health-results","검사·건강수치","navigation"
"/health/tools/obesity-visit-card","/health/guides/family-medication-support","가족 건강","navigation"
"/health/tools/obesity-visit-card","/health","건강 도구","navigation"
"/health/tools/obesity-visit-card","/health/trust/about","오누림 소개","navigation"
"/health/tools/obesity-visit-card","/health/obesity","안내 글로 돌아가기","navigation"
"/health/tools/obesity-visit-card","/health","20개 질환 안내","navigation"
"/health/tools/obesity-visit-card","/health/guides/danger-signals","위험 신호","navigation"
"/health/tools/obesity-visit-card","/health/guides/appointment-questions","진료 질문 준비","navigation"
"/health/tools/obesity-visit-card","/health","건강 기록 도구","navigation"
"/health/tools/obesity-visit-card","/health/trust/author","작성자","navigation"
"/health/tools/obesity-visit-card","/health/trust/sources-policy","출처 원칙","navigation"
"/health/tools/obesity-visit-card","/health/trust/corrections-policy","정정·문의","navigation"
"/health/tools/obesity-visit-card","/health/trust/ai-disclosure","AI 활용 공개","navigation"
"/health/tools/obesity-visit-card","/health/trust/advertising","광고 정책","navigation"
"/health/tools/obesity-visit-card","/health/trust/disclaimer","면책 안내","navigation"
"/health/tools/obesity-visit-card","/health/trust/privacy","개인정보","navigation"
"/health/tools/obesity-visit-card","/health/trust/terms","이용약관","navigation"
"/health/tools/osteoporosis-appointment-prep","/health/tools/osteoporosis-appointment-prep","본문으로 건너뛰기","content"
"/health/tools/osteoporosis-appointment-prep","/","OONURIM오누림","navigation"
"/health/tools/osteoporosis-appointment-prep","/health","질환 알아보기","navigation"
"/health/tools/osteoporosis-appointment-prep","/health/guides/danger-signals","몸이 보내는 신호","navigation"
"/health/tools/osteoporosis-appointment-prep","/health/guides/reading-health-results","검사·건강수치","navigation"
"/health/tools/osteoporosis-appointment-prep","/health/guides/family-medication-support","가족 건강","navigation"
"/health/tools/osteoporosis-appointment-prep","/health","건강 도구","navigation"
"/health/tools/osteoporosis-appointment-prep","/health/trust/about","오누림 소개","navigation"
"/health/tools/osteoporosis-appointment-prep","/health/osteoporosis","안내 글로 돌아가기","navigation"
"/health/tools/osteoporosis-appointment-prep","/health","20개 질환 안내","navigation"
"/health/tools/osteoporosis-appointment-prep","/health/guides/danger-signals","위험 신호","navigation"
"/health/tools/osteoporosis-appointment-prep","/health/guides/appointment-questions","진료 질문 준비","navigation"
"/health/tools/osteoporosis-appointment-prep","/health","건강 기록 도구","navigation"
"/health/tools/osteoporosis-appointment-prep","/health/trust/author","작성자","navigation"
"/health/tools/osteoporosis-appointment-prep","/health/trust/sources-policy","출처 원칙","navigation"
"/health/tools/osteoporosis-appointment-prep","/health/trust/corrections-policy","정정·문의","navigation"
"/health/tools/osteoporosis-appointment-prep","/health/trust/ai-disclosure","AI 활용 공개","navigation"
"/health/tools/osteoporosis-appointment-prep","/health/trust/advertising","광고 정책","navigation"
"/health/tools/osteoporosis-appointment-prep","/health/trust/disclaimer","면책 안내","navigation"
"/health/tools/osteoporosis-appointment-prep","/health/trust/privacy","개인정보","navigation"
"/health/tools/osteoporosis-appointment-prep","/health/trust/terms","이용약관","navigation"
"/health/tools/osteoporosis-home-check","/health/tools/osteoporosis-home-check","본문으로 건너뛰기","content"
"/health/tools/osteoporosis-home-check","/","OONURIM오누림","navigation"
"/health/tools/osteoporosis-home-check","/health","질환 알아보기","navigation"
"/health/tools/osteoporosis-home-check","/health/guides/danger-signals","몸이 보내는 신호","navigation"
"/health/tools/osteoporosis-home-check","/health/guides/reading-health-results","검사·건강수치","navigation"
"/health/tools/osteoporosis-home-check","/health/guides/family-medication-support","가족 건강","navigation"
"/health/tools/osteoporosis-home-check","/health","건강 도구","navigation"
"/health/tools/osteoporosis-home-check","/health/trust/about","오누림 소개","navigation"
"/health/tools/osteoporosis-home-check","/health/osteoporosis","안내 글로 돌아가기","navigation"
"/health/tools/osteoporosis-home-check","/health","20개 질환 안내","navigation"
"/health/tools/osteoporosis-home-check","/health/guides/danger-signals","위험 신호","navigation"
"/health/tools/osteoporosis-home-check","/health/guides/appointment-questions","진료 질문 준비","navigation"
"/health/tools/osteoporosis-home-check","/health","건강 기록 도구","navigation"
"/health/tools/osteoporosis-home-check","/health/trust/author","작성자","navigation"
"/health/tools/osteoporosis-home-check","/health/trust/sources-policy","출처 원칙","navigation"
"/health/tools/osteoporosis-home-check","/health/trust/corrections-policy","정정·문의","navigation"
"/health/tools/osteoporosis-home-check","/health/trust/ai-disclosure","AI 활용 공개","navigation"
"/health/tools/osteoporosis-home-check","/health/trust/advertising","광고 정책","navigation"
"/health/tools/osteoporosis-home-check","/health/trust/disclaimer","면책 안내","navigation"
"/health/tools/osteoporosis-home-check","/health/trust/privacy","개인정보","navigation"
"/health/tools/osteoporosis-home-check","/health/trust/terms","이용약관","navigation"
"/health/tools/osteoporosis-terms","/health/tools/osteoporosis-terms","본문으로 건너뛰기","content"
"/health/tools/osteoporosis-terms","/","OONURIM오누림","navigation"
"/health/tools/osteoporosis-terms","/health","질환 알아보기","navigation"
"/health/tools/osteoporosis-terms","/health/guides/danger-signals","몸이 보내는 신호","navigation"
"/health/tools/osteoporosis-terms","/health/guides/reading-health-results","검사·건강수치","navigation"
"/health/tools/osteoporosis-terms","/health/guides/family-medication-support","가족 건강","navigation"
"/health/tools/osteoporosis-terms","/health","건강 도구","navigation"
"/health/tools/osteoporosis-terms","/health/trust/about","오누림 소개","navigation"
"/health/tools/osteoporosis-terms","/health/osteoporosis","안내 글로 돌아가기","navigation"
"/health/tools/osteoporosis-terms","/health","20개 질환 안내","navigation"
"/health/tools/osteoporosis-terms","/health/guides/danger-signals","위험 신호","navigation"
"/health/tools/osteoporosis-terms","/health/guides/appointment-questions","진료 질문 준비","navigation"
"/health/tools/osteoporosis-terms","/health","건강 기록 도구","navigation"
"/health/tools/osteoporosis-terms","/health/trust/author","작성자","navigation"
"/health/tools/osteoporosis-terms","/health/trust/sources-policy","출처 원칙","navigation"
"/health/tools/osteoporosis-terms","/health/trust/corrections-policy","정정·문의","navigation"
"/health/tools/osteoporosis-terms","/health/trust/ai-disclosure","AI 활용 공개","navigation"
"/health/tools/osteoporosis-terms","/health/trust/advertising","광고 정책","navigation"
"/health/tools/osteoporosis-terms","/health/trust/disclaimer","면책 안내","navigation"
"/health/tools/osteoporosis-terms","/health/trust/privacy","개인정보","navigation"
"/health/tools/osteoporosis-terms","/health/trust/terms","이용약관","navigation"
"/health/tools/sleep-apnea-visit-card","/health/tools/sleep-apnea-visit-card","본문으로 건너뛰기","content"
"/health/tools/sleep-apnea-visit-card","/","OONURIM오누림","navigation"
"/health/tools/sleep-apnea-visit-card","/health","질환 알아보기","navigation"
"/health/tools/sleep-apnea-visit-card","/health/guides/danger-signals","몸이 보내는 신호","navigation"
"/health/tools/sleep-apnea-visit-card","/health/guides/reading-health-results","검사·건강수치","navigation"
"/health/tools/sleep-apnea-visit-card","/health/guides/family-medication-support","가족 건강","navigation"
"/health/tools/sleep-apnea-visit-card","/health","건강 도구","navigation"
"/health/tools/sleep-apnea-visit-card","/health/trust/about","오누림 소개","navigation"
"/health/tools/sleep-apnea-visit-card","/health/sleep-apnea","안내 글로 돌아가기","navigation"
"/health/tools/sleep-apnea-visit-card","/health","20개 질환 안내","navigation"
"/health/tools/sleep-apnea-visit-card","/health/guides/danger-signals","위험 신호","navigation"
"/health/tools/sleep-apnea-visit-card","/health/guides/appointment-questions","진료 질문 준비","navigation"
"/health/tools/sleep-apnea-visit-card","/health","건강 기록 도구","navigation"
"/health/tools/sleep-apnea-visit-card","/health/trust/author","작성자","navigation"
"/health/tools/sleep-apnea-visit-card","/health/trust/sources-policy","출처 원칙","navigation"
"/health/tools/sleep-apnea-visit-card","/health/trust/corrections-policy","정정·문의","navigation"
"/health/tools/sleep-apnea-visit-card","/health/trust/ai-disclosure","AI 활용 공개","navigation"
"/health/tools/sleep-apnea-visit-card","/health/trust/advertising","광고 정책","navigation"
"/health/tools/sleep-apnea-visit-card","/health/trust/disclaimer","면책 안내","navigation"
"/health/tools/sleep-apnea-visit-card","/health/trust/privacy","개인정보","navigation"
"/health/tools/sleep-apnea-visit-card","/health/trust/terms","이용약관","navigation"
"/health/tools/stroke-visit-card","/health/tools/stroke-visit-card","본문으로 건너뛰기","content"
"/health/tools/stroke-visit-card","/","OONURIM오누림","navigation"
"/health/tools/stroke-visit-card","/health","질환 알아보기","navigation"
"/health/tools/stroke-visit-card","/health/guides/danger-signals","몸이 보내는 신호","navigation"
"/health/tools/stroke-visit-card","/health/guides/reading-health-results","검사·건강수치","navigation"
"/health/tools/stroke-visit-card","/health/guides/family-medication-support","가족 건강","navigation"
"/health/tools/stroke-visit-card","/health","건강 도구","navigation"
"/health/tools/stroke-visit-card","/health/trust/about","오누림 소개","navigation"
"/health/tools/stroke-visit-card","/health/stroke","안내 글로 돌아가기","navigation"
"/health/tools/stroke-visit-card","/health","20개 질환 안내","navigation"
"/health/tools/stroke-visit-card","/health/guides/danger-signals","위험 신호","navigation"
"/health/tools/stroke-visit-card","/health/guides/appointment-questions","진료 질문 준비","navigation"
"/health/tools/stroke-visit-card","/health","건강 기록 도구","navigation"
"/health/tools/stroke-visit-card","/health/trust/author","작성자","navigation"
"/health/tools/stroke-visit-card","/health/trust/sources-policy","출처 원칙","navigation"
"/health/tools/stroke-visit-card","/health/trust/corrections-policy","정정·문의","navigation"
"/health/tools/stroke-visit-card","/health/trust/ai-disclosure","AI 활용 공개","navigation"
"/health/tools/stroke-visit-card","/health/trust/advertising","광고 정책","navigation"
"/health/tools/stroke-visit-card","/health/trust/disclaimer","면책 안내","navigation"
"/health/tools/stroke-visit-card","/health/trust/privacy","개인정보","navigation"
"/health/tools/stroke-visit-card","/health/trust/terms","이용약관","navigation"
"/health/tools/urinary-tract-infection-visit-card","/health/tools/urinary-tract-infection-visit-card","본문으로 건너뛰기","content"
"/health/tools/urinary-tract-infection-visit-card","/","OONURIM오누림","navigation"
"/health/tools/urinary-tract-infection-visit-card","/health","질환 알아보기","navigation"
"/health/tools/urinary-tract-infection-visit-card","/health/guides/danger-signals","몸이 보내는 신호","navigation"
"/health/tools/urinary-tract-infection-visit-card","/health/guides/reading-health-results","검사·건강수치","navigation"
"/health/tools/urinary-tract-infection-visit-card","/health/guides/family-medication-support","가족 건강","navigation"
"/health/tools/urinary-tract-infection-visit-card","/health","건강 도구","navigation"
"/health/tools/urinary-tract-infection-visit-card","/health/trust/about","오누림 소개","navigation"
"/health/tools/urinary-tract-infection-visit-card","/health/urinary-tract-infection","안내 글로 돌아가기","navigation"
"/health/tools/urinary-tract-infection-visit-card","/health","20개 질환 안내","navigation"
"/health/tools/urinary-tract-infection-visit-card","/health/guides/danger-signals","위험 신호","navigation"
"/health/tools/urinary-tract-infection-visit-card","/health/guides/appointment-questions","진료 질문 준비","navigation"
"/health/tools/urinary-tract-infection-visit-card","/health","건강 기록 도구","navigation"
"/health/tools/urinary-tract-infection-visit-card","/health/trust/author","작성자","navigation"
"/health/tools/urinary-tract-infection-visit-card","/health/trust/sources-policy","출처 원칙","navigation"
"/health/tools/urinary-tract-infection-visit-card","/health/trust/corrections-policy","정정·문의","navigation"
"/health/tools/urinary-tract-infection-visit-card","/health/trust/ai-disclosure","AI 활용 공개","navigation"
"/health/tools/urinary-tract-infection-visit-card","/health/trust/advertising","광고 정책","navigation"
"/health/tools/urinary-tract-infection-visit-card","/health/trust/disclaimer","면책 안내","navigation"
"/health/tools/urinary-tract-infection-visit-card","/health/trust/privacy","개인정보","navigation"
"/health/tools/urinary-tract-infection-visit-card","/health/trust/terms","이용약관","navigation"
"/health/trust/about","/health/trust/about","본문으로 건너뛰기","content"
"/health/trust/about","/","OONURIM오누림","navigation"
"/health/trust/about","/health","질환 알아보기","navigation"
"/health/trust/about","/health/guides/danger-signals","몸이 보내는 신호","navigation"
"/health/trust/about","/health/guides/reading-health-results","검사·건강수치","navigation"
"/health/trust/about","/health/guides/family-medication-support","가족 건강","navigation"
"/health/trust/about","/health","건강 도구","navigation"
"/health/trust/about","/health/trust/about","오누림 소개","navigation"
"/health/trust/about","/health","20개 질환 안내","navigation"
"/health/trust/about","/health/guides/danger-signals","위험 신호","navigation"
"/health/trust/about","/health/guides/appointment-questions","진료 질문 준비","navigation"
"/health/trust/about","/health","건강 기록 도구","navigation"
"/health/trust/about","/health/trust/author","작성자","navigation"
"/health/trust/about","/health/trust/sources-policy","출처 원칙","navigation"
"/health/trust/about","/health/trust/corrections-policy","정정·문의","navigation"
"/health/trust/about","/health/trust/ai-disclosure","AI 활용 공개","navigation"
"/health/trust/about","/health/trust/advertising","광고 정책","navigation"
"/health/trust/about","/health/trust/disclaimer","면책 안내","navigation"
"/health/trust/about","/health/trust/privacy","개인정보","navigation"
"/health/trust/about","/health/trust/terms","이용약관","navigation"
"/health/trust/advertising","/health/trust/advertising","본문으로 건너뛰기","content"
"/health/trust/advertising","/","OONURIM오누림","navigation"
"/health/trust/advertising","/health","질환 알아보기","navigation"
"/health/trust/advertising","/health/guides/danger-signals","몸이 보내는 신호","navigation"
"/health/trust/advertising","/health/guides/reading-health-results","검사·건강수치","navigation"
"/health/trust/advertising","/health/guides/family-medication-support","가족 건강","navigation"
"/health/trust/advertising","/health","건강 도구","navigation"
"/health/trust/advertising","/health/trust/about","오누림 소개","navigation"
"/health/trust/advertising","/health","20개 질환 안내","navigation"
"/health/trust/advertising","/health/guides/danger-signals","위험 신호","navigation"
"/health/trust/advertising","/health/guides/appointment-questions","진료 질문 준비","navigation"
"/health/trust/advertising","/health","건강 기록 도구","navigation"
"/health/trust/advertising","/health/trust/author","작성자","navigation"
"/health/trust/advertising","/health/trust/sources-policy","출처 원칙","navigation"
"/health/trust/advertising","/health/trust/corrections-policy","정정·문의","navigation"
"/health/trust/advertising","/health/trust/ai-disclosure","AI 활용 공개","navigation"
"/health/trust/advertising","/health/trust/advertising","광고 정책","navigation"
"/health/trust/advertising","/health/trust/disclaimer","면책 안내","navigation"
"/health/trust/advertising","/health/trust/privacy","개인정보","navigation"
"/health/trust/advertising","/health/trust/terms","이용약관","navigation"
"/health/trust/ai-disclosure","/health/trust/ai-disclosure","본문으로 건너뛰기","content"
"/health/trust/ai-disclosure","/","OONURIM오누림","navigation"
"/health/trust/ai-disclosure","/health","질환 알아보기","navigation"
"/health/trust/ai-disclosure","/health/guides/danger-signals","몸이 보내는 신호","navigation"
"/health/trust/ai-disclosure","/health/guides/reading-health-results","검사·건강수치","navigation"
"/health/trust/ai-disclosure","/health/guides/family-medication-support","가족 건강","navigation"
"/health/trust/ai-disclosure","/health","건강 도구","navigation"
"/health/trust/ai-disclosure","/health/trust/about","오누림 소개","navigation"
"/health/trust/ai-disclosure","/health","20개 질환 안내","navigation"
"/health/trust/ai-disclosure","/health/guides/danger-signals","위험 신호","navigation"
"/health/trust/ai-disclosure","/health/guides/appointment-questions","진료 질문 준비","navigation"
"/health/trust/ai-disclosure","/health","건강 기록 도구","navigation"
"/health/trust/ai-disclosure","/health/trust/author","작성자","navigation"
"/health/trust/ai-disclosure","/health/trust/sources-policy","출처 원칙","navigation"
"/health/trust/ai-disclosure","/health/trust/corrections-policy","정정·문의","navigation"
"/health/trust/ai-disclosure","/health/trust/ai-disclosure","AI 활용 공개","navigation"
"/health/trust/ai-disclosure","/health/trust/advertising","광고 정책","navigation"
"/health/trust/ai-disclosure","/health/trust/disclaimer","면책 안내","navigation"
"/health/trust/ai-disclosure","/health/trust/privacy","개인정보","navigation"
"/health/trust/ai-disclosure","/health/trust/terms","이용약관","navigation"
"/health/trust/author","/health/trust/author","본문으로 건너뛰기","content"
"/health/trust/author","/","OONURIM오누림","navigation"
"/health/trust/author","/health","질환 알아보기","navigation"
"/health/trust/author","/health/guides/danger-signals","몸이 보내는 신호","navigation"
"/health/trust/author","/health/guides/reading-health-results","검사·건강수치","navigation"
"/health/trust/author","/health/guides/family-medication-support","가족 건강","navigation"
"/health/trust/author","/health","건강 도구","navigation"
"/health/trust/author","/health/trust/about","오누림 소개","navigation"
"/health/trust/author","/health","20개 질환 안내","navigation"
"/health/trust/author","/health/guides/danger-signals","위험 신호","navigation"
"/health/trust/author","/health/guides/appointment-questions","진료 질문 준비","navigation"
"/health/trust/author","/health","건강 기록 도구","navigation"
"/health/trust/author","/health/trust/author","작성자","navigation"
"/health/trust/author","/health/trust/sources-policy","출처 원칙","navigation"
"/health/trust/author","/health/trust/corrections-policy","정정·문의","navigation"
"/health/trust/author","/health/trust/ai-disclosure","AI 활용 공개","navigation"
"/health/trust/author","/health/trust/advertising","광고 정책","navigation"
"/health/trust/author","/health/trust/disclaimer","면책 안내","navigation"
"/health/trust/author","/health/trust/privacy","개인정보","navigation"
"/health/trust/author","/health/trust/terms","이용약관","navigation"
"/health/trust/contact","/health/trust/contact","본문으로 건너뛰기","content"
"/health/trust/contact","/","OONURIM오누림","navigation"
"/health/trust/contact","/health","질환 알아보기","navigation"
"/health/trust/contact","/health/guides/danger-signals","몸이 보내는 신호","navigation"
"/health/trust/contact","/health/guides/reading-health-results","검사·건강수치","navigation"
"/health/trust/contact","/health/guides/family-medication-support","가족 건강","navigation"
"/health/trust/contact","/health","건강 도구","navigation"
"/health/trust/contact","/health/trust/about","오누림 소개","navigation"
"/health/trust/contact","/health","20개 질환 안내","navigation"
"/health/trust/contact","/health/guides/danger-signals","위험 신호","navigation"
"/health/trust/contact","/health/guides/appointment-questions","진료 질문 준비","navigation"
"/health/trust/contact","/health","건강 기록 도구","navigation"
"/health/trust/contact","/health/trust/author","작성자","navigation"
"/health/trust/contact","/health/trust/sources-policy","출처 원칙","navigation"
"/health/trust/contact","/health/trust/corrections-policy","정정·문의","navigation"
"/health/trust/contact","/health/trust/ai-disclosure","AI 활용 공개","navigation"
"/health/trust/contact","/health/trust/advertising","광고 정책","navigation"
"/health/trust/contact","/health/trust/disclaimer","면책 안내","navigation"
"/health/trust/contact","/health/trust/privacy","개인정보","navigation"
"/health/trust/contact","/health/trust/terms","이용약관","navigation"
"/health/trust/corrections-policy","/health/trust/corrections-policy","본문으로 건너뛰기","content"
"/health/trust/corrections-policy","/","OONURIM오누림","navigation"
"/health/trust/corrections-policy","/health","질환 알아보기","navigation"
"/health/trust/corrections-policy","/health/guides/danger-signals","몸이 보내는 신호","navigation"
"/health/trust/corrections-policy","/health/guides/reading-health-results","검사·건강수치","navigation"
"/health/trust/corrections-policy","/health/guides/family-medication-support","가족 건강","navigation"
"/health/trust/corrections-policy","/health","건강 도구","navigation"
"/health/trust/corrections-policy","/health/trust/about","오누림 소개","navigation"
"/health/trust/corrections-policy","/health","20개 질환 안내","navigation"
"/health/trust/corrections-policy","/health/guides/danger-signals","위험 신호","navigation"
"/health/trust/corrections-policy","/health/guides/appointment-questions","진료 질문 준비","navigation"
"/health/trust/corrections-policy","/health","건강 기록 도구","navigation"
"/health/trust/corrections-policy","/health/trust/author","작성자","navigation"
"/health/trust/corrections-policy","/health/trust/sources-policy","출처 원칙","navigation"
"/health/trust/corrections-policy","/health/trust/corrections-policy","정정·문의","navigation"
"/health/trust/corrections-policy","/health/trust/ai-disclosure","AI 활용 공개","navigation"
"/health/trust/corrections-policy","/health/trust/advertising","광고 정책","navigation"
"/health/trust/corrections-policy","/health/trust/disclaimer","면책 안내","navigation"
"/health/trust/corrections-policy","/health/trust/privacy","개인정보","navigation"
"/health/trust/corrections-policy","/health/trust/terms","이용약관","navigation"
"/health/trust/disclaimer","/health/trust/disclaimer","본문으로 건너뛰기","content"
"/health/trust/disclaimer","/","OONURIM오누림","navigation"
"/health/trust/disclaimer","/health","질환 알아보기","navigation"
"/health/trust/disclaimer","/health/guides/danger-signals","몸이 보내는 신호","navigation"
"/health/trust/disclaimer","/health/guides/reading-health-results","검사·건강수치","navigation"
"/health/trust/disclaimer","/health/guides/family-medication-support","가족 건강","navigation"
"/health/trust/disclaimer","/health","건강 도구","navigation"
"/health/trust/disclaimer","/health/trust/about","오누림 소개","navigation"
"/health/trust/disclaimer","/health","20개 질환 안내","navigation"
"/health/trust/disclaimer","/health/guides/danger-signals","위험 신호","navigation"
"/health/trust/disclaimer","/health/guides/appointment-questions","진료 질문 준비","navigation"
"/health/trust/disclaimer","/health","건강 기록 도구","navigation"
"/health/trust/disclaimer","/health/trust/author","작성자","navigation"
"/health/trust/disclaimer","/health/trust/sources-policy","출처 원칙","navigation"
"/health/trust/disclaimer","/health/trust/corrections-policy","정정·문의","navigation"
"/health/trust/disclaimer","/health/trust/ai-disclosure","AI 활용 공개","navigation"
"/health/trust/disclaimer","/health/trust/advertising","광고 정책","navigation"
"/health/trust/disclaimer","/health/trust/disclaimer","면책 안내","navigation"
"/health/trust/disclaimer","/health/trust/privacy","개인정보","navigation"
"/health/trust/disclaimer","/health/trust/terms","이용약관","navigation"
"/health/trust/editorial-policy","/health/trust/editorial-policy","본문으로 건너뛰기","content"
"/health/trust/editorial-policy","/","OONURIM오누림","navigation"
"/health/trust/editorial-policy","/health","질환 알아보기","navigation"
"/health/trust/editorial-policy","/health/guides/danger-signals","몸이 보내는 신호","navigation"
"/health/trust/editorial-policy","/health/guides/reading-health-results","검사·건강수치","navigation"
"/health/trust/editorial-policy","/health/guides/family-medication-support","가족 건강","navigation"
"/health/trust/editorial-policy","/health","건강 도구","navigation"
"/health/trust/editorial-policy","/health/trust/about","오누림 소개","navigation"
"/health/trust/editorial-policy","/health","20개 질환 안내","navigation"
"/health/trust/editorial-policy","/health/guides/danger-signals","위험 신호","navigation"
"/health/trust/editorial-policy","/health/guides/appointment-questions","진료 질문 준비","navigation"
"/health/trust/editorial-policy","/health","건강 기록 도구","navigation"
"/health/trust/editorial-policy","/health/trust/author","작성자","navigation"
"/health/trust/editorial-policy","/health/trust/sources-policy","출처 원칙","navigation"
"/health/trust/editorial-policy","/health/trust/corrections-policy","정정·문의","navigation"
"/health/trust/editorial-policy","/health/trust/ai-disclosure","AI 활용 공개","navigation"
"/health/trust/editorial-policy","/health/trust/advertising","광고 정책","navigation"
"/health/trust/editorial-policy","/health/trust/disclaimer","면책 안내","navigation"
"/health/trust/editorial-policy","/health/trust/privacy","개인정보","navigation"
"/health/trust/editorial-policy","/health/trust/terms","이용약관","navigation"
"/health/trust/medical-review-policy","/health/trust/medical-review-policy","본문으로 건너뛰기","content"
"/health/trust/medical-review-policy","/","OONURIM오누림","navigation"
"/health/trust/medical-review-policy","/health","질환 알아보기","navigation"
"/health/trust/medical-review-policy","/health/guides/danger-signals","몸이 보내는 신호","navigation"
"/health/trust/medical-review-policy","/health/guides/reading-health-results","검사·건강수치","navigation"
"/health/trust/medical-review-policy","/health/guides/family-medication-support","가족 건강","navigation"
"/health/trust/medical-review-policy","/health","건강 도구","navigation"
"/health/trust/medical-review-policy","/health/trust/about","오누림 소개","navigation"
"/health/trust/medical-review-policy","/health","20개 질환 안내","navigation"
"/health/trust/medical-review-policy","/health/guides/danger-signals","위험 신호","navigation"
"/health/trust/medical-review-policy","/health/guides/appointment-questions","진료 질문 준비","navigation"
"/health/trust/medical-review-policy","/health","건강 기록 도구","navigation"
"/health/trust/medical-review-policy","/health/trust/author","작성자","navigation"
"/health/trust/medical-review-policy","/health/trust/sources-policy","출처 원칙","navigation"
"/health/trust/medical-review-policy","/health/trust/corrections-policy","정정·문의","navigation"
"/health/trust/medical-review-policy","/health/trust/ai-disclosure","AI 활용 공개","navigation"
"/health/trust/medical-review-policy","/health/trust/advertising","광고 정책","navigation"
"/health/trust/medical-review-policy","/health/trust/disclaimer","면책 안내","navigation"
"/health/trust/medical-review-policy","/health/trust/privacy","개인정보","navigation"
"/health/trust/medical-review-policy","/health/trust/terms","이용약관","navigation"
"/health/trust/privacy","/health/trust/privacy","본문으로 건너뛰기","content"
"/health/trust/privacy","/","OONURIM오누림","navigation"
"/health/trust/privacy","/health","질환 알아보기","navigation"
"/health/trust/privacy","/health/guides/danger-signals","몸이 보내는 신호","navigation"
"/health/trust/privacy","/health/guides/reading-health-results","검사·건강수치","navigation"
"/health/trust/privacy","/health/guides/family-medication-support","가족 건강","navigation"
"/health/trust/privacy","/health","건강 도구","navigation"
"/health/trust/privacy","/health/trust/about","오누림 소개","navigation"
"/health/trust/privacy","/health","20개 질환 안내","navigation"
"/health/trust/privacy","/health/guides/danger-signals","위험 신호","navigation"
"/health/trust/privacy","/health/guides/appointment-questions","진료 질문 준비","navigation"
"/health/trust/privacy","/health","건강 기록 도구","navigation"
"/health/trust/privacy","/health/trust/author","작성자","navigation"
"/health/trust/privacy","/health/trust/sources-policy","출처 원칙","navigation"
"/health/trust/privacy","/health/trust/corrections-policy","정정·문의","navigation"
"/health/trust/privacy","/health/trust/ai-disclosure","AI 활용 공개","navigation"
"/health/trust/privacy","/health/trust/advertising","광고 정책","navigation"
"/health/trust/privacy","/health/trust/disclaimer","면책 안내","navigation"
"/health/trust/privacy","/health/trust/privacy","개인정보","navigation"
"/health/trust/privacy","/health/trust/terms","이용약관","navigation"
"/health/trust/sources-policy","/health/trust/sources-policy","본문으로 건너뛰기","content"
"/health/trust/sources-policy","/","OONURIM오누림","navigation"
"/health/trust/sources-policy","/health","질환 알아보기","navigation"
"/health/trust/sources-policy","/health/guides/danger-signals","몸이 보내는 신호","navigation"
"/health/trust/sources-policy","/health/guides/reading-health-results","검사·건강수치","navigation"
"/health/trust/sources-policy","/health/guides/family-medication-support","가족 건강","navigation"
"/health/trust/sources-policy","/health","건강 도구","navigation"
"/health/trust/sources-policy","/health/trust/about","오누림 소개","navigation"
"/health/trust/sources-policy","/health","20개 질환 안내","navigation"
"/health/trust/sources-policy","/health/guides/danger-signals","위험 신호","navigation"
"/health/trust/sources-policy","/health/guides/appointment-questions","진료 질문 준비","navigation"
"/health/trust/sources-policy","/health","건강 기록 도구","navigation"
"/health/trust/sources-policy","/health/trust/author","작성자","navigation"
"/health/trust/sources-policy","/health/trust/sources-policy","출처 원칙","navigation"
"/health/trust/sources-policy","/health/trust/corrections-policy","정정·문의","navigation"
"/health/trust/sources-policy","/health/trust/ai-disclosure","AI 활용 공개","navigation"
"/health/trust/sources-policy","/health/trust/advertising","광고 정책","navigation"
"/health/trust/sources-policy","/health/trust/disclaimer","면책 안내","navigation"
"/health/trust/sources-policy","/health/trust/privacy","개인정보","navigation"
"/health/trust/sources-policy","/health/trust/terms","이용약관","navigation"
"/health/trust/terms","/health/trust/terms","본문으로 건너뛰기","content"
"/health/trust/terms","/","OONURIM오누림","navigation"
"/health/trust/terms","/health","질환 알아보기","navigation"
"/health/trust/terms","/health/guides/danger-signals","몸이 보내는 신호","navigation"
"/health/trust/terms","/health/guides/reading-health-results","검사·건강수치","navigation"
"/health/trust/terms","/health/guides/family-medication-support","가족 건강","navigation"
"/health/trust/terms","/health","건강 도구","navigation"
"/health/trust/terms","/health/trust/about","오누림 소개","navigation"
"/health/trust/terms","/health","20개 질환 안내","navigation"
"/health/trust/terms","/health/guides/danger-signals","위험 신호","navigation"
"/health/trust/terms","/health/guides/appointment-questions","진료 질문 준비","navigation"
"/health/trust/terms","/health","건강 기록 도구","navigation"
"/health/trust/terms","/health/trust/author","작성자","navigation"
"/health/trust/terms","/health/trust/sources-policy","출처 원칙","navigation"
"/health/trust/terms","/health/trust/corrections-policy","정정·문의","navigation"
"/health/trust/terms","/health/trust/ai-disclosure","AI 활용 공개","navigation"
"/health/trust/terms","/health/trust/advertising","광고 정책","navigation"
"/health/trust/terms","/health/trust/disclaimer","면책 안내","navigation"
"/health/trust/terms","/health/trust/privacy","개인정보","navigation"
"/health/trust/terms","/health/trust/terms","이용약관","navigation"
"/health/type-2-diabetes","/health/type-2-diabetes","본문으로 건너뛰기","content"
"/health/type-2-diabetes","/","OONURIM오누림","navigation"
"/health/type-2-diabetes","/health","질환 알아보기","navigation"
"/health/type-2-diabetes","/health/guides/danger-signals","몸이 보내는 신호","navigation"
"/health/type-2-diabetes","/health/guides/reading-health-results","검사·건강수치","navigation"
"/health/type-2-diabetes","/health/guides/family-medication-support","가족 건강","navigation"
"/health/type-2-diabetes","/health","건강 도구","navigation"
"/health/type-2-diabetes","/health/trust/about","오누림 소개","navigation"
"/health/type-2-diabetes","/health/trust/author","박영훈 · 비의료인 건강정보 편집자","navigation"
"/health/type-2-diabetes","/health/type-2-diabetes","응급 신호와 119 안내 바로 보기","content"
"/health/type-2-diabetes","/health/tools/glucose-observation-log","혈당 관찰 기록표이미 측정 중인 사람이 숫자와 생활 맥락을 함께 적는 기록지입니다.","content"
"/health/type-2-diabetes","/health/tools/diabetes-questions","제2형 당뇨병 진료 질문지검사 의미와 다음 행동을 의료진에게 확인하기 위한 질문지입니다.","content"
"/health/type-2-diabetes","/health/tools/family-support-checklist","가족 지원 체크리스트감시와 비난을 줄이고 당사자가 원하는 도움을 확인합니다.","content"
"/health/type-2-diabetes","/health/tools/diabetes-test-terms","혈당 검사 용어 한 장공복혈당과 HbA1c가 보는 시간 범위를 구분합니다.","content"
"/health/type-2-diabetes","/health","20개 질환 안내","navigation"
"/health/type-2-diabetes","/health/guides/danger-signals","위험 신호","navigation"
"/health/type-2-diabetes","/health/guides/appointment-questions","진료 질문 준비","navigation"
"/health/type-2-diabetes","/health","건강 기록 도구","navigation"
"/health/type-2-diabetes","/health/trust/author","작성자","navigation"
"/health/type-2-diabetes","/health/trust/sources-policy","출처 원칙","navigation"
"/health/type-2-diabetes","/health/trust/corrections-policy","정정·문의","navigation"
"/health/type-2-diabetes","/health/trust/ai-disclosure","AI 활용 공개","navigation"
"/health/type-2-diabetes","/health/trust/advertising","광고 정책","navigation"
"/health/type-2-diabetes","/health/trust/disclaimer","면책 안내","navigation"
"/health/type-2-diabetes","/health/trust/privacy","개인정보","navigation"
"/health/type-2-diabetes","/health/trust/terms","이용약관","navigation"
"/health/urinary-tract-infection","/health/urinary-tract-infection","본문으로 건너뛰기","content"
"/health/urinary-tract-infection","/","OONURIM오누림","navigation"
"/health/urinary-tract-infection","/health","질환 알아보기","navigation"
"/health/urinary-tract-infection","/health/guides/danger-signals","몸이 보내는 신호","navigation"
"/health/urinary-tract-infection","/health/guides/reading-health-results","검사·건강수치","navigation"
"/health/urinary-tract-infection","/health/guides/family-medication-support","가족 건강","navigation"
"/health/urinary-tract-infection","/health","건강 도구","navigation"
"/health/urinary-tract-infection","/health/trust/about","오누림 소개","navigation"
"/health/urinary-tract-infection","/health/trust/author","박영훈 · 비의료인 건강정보 편집자","navigation"
"/health/urinary-tract-infection","/health/urinary-tract-infection","응급 신호와 119 안내 바로 보기","content"
"/health/urinary-tract-infection","/health/tools/urinary-tract-infection-visit-card","요로감염 관찰·진료 질문 카드개인 진단 대신 증상 흐름과 의료진에게 물을 내용을 한 장에 정리합니다.","content"
"/health/urinary-tract-infection","/health","20개 질환 안내","navigation"
"/health/urinary-tract-infection","/health/guides/danger-signals","위험 신호","navigation"
"/health/urinary-tract-infection","/health/guides/appointment-questions","진료 질문 준비","navigation"
"/health/urinary-tract-infection","/health","건강 기록 도구","navigation"
"/health/urinary-tract-infection","/health/trust/author","작성자","navigation"
"/health/urinary-tract-infection","/health/trust/sources-policy","출처 원칙","navigation"
"/health/urinary-tract-infection","/health/trust/corrections-policy","정정·문의","navigation"
"/health/urinary-tract-infection","/health/trust/ai-disclosure","AI 활용 공개","navigation"
"/health/urinary-tract-infection","/health/trust/advertising","광고 정책","navigation"
"/health/urinary-tract-infection","/health/trust/disclaimer","면책 안내","navigation"
"/health/urinary-tract-infection","/health/trust/privacy","개인정보","navigation"
"/health/urinary-tract-infection","/health/trust/terms","이용약관","navigation"
