"from","to","anchor","context"
"/","/","본문으로 건너뛰기","content"
"/","/","OONURIM오누림","navigation"
"/","/health","질환 알아보기","navigation"
"/","/health/guides/danger-signals","몸이 보내는 신호","navigation"
"/","/health/guides/reading-health-results","검사·건강수치","navigation"
"/","/health/guides/family-medication-support","가족 건강","navigation"
"/","/health","건강 도구","navigation"
"/","/health/trust/about","오누림 소개","navigation"
"/","/health/trust/about","오누림이 제공하는 정보와 한계","content"
"/","/health","질환 이름을 알아보고 싶어요20개 질환에서 찾기","navigation"
"/","/health/guides/reading-health-results","검사표의 숫자와 용어가 낯설어요결과지를 읽을 때 확인할 항목","navigation"
"/","/health/guides/appointment-questions","진료에서 무엇을 물을지 정리하고 싶어요질문을 추리고 가져갈 자료 준비하기","navigation"
"/","/health/guides/family-medication-support","가족의 약을 함께 확인하고 싶어요대신 결정하지 않고 돕는 방법","navigation"
"/","/health/guides/danger-signals","평소에 알아둘 위험 신호와 신고 후 안내","content"
"/","/health/hypertension","고혈압: 측정 조건과 혈압 기록","content"
"/","/health/type-2-diabetes","제2형 당뇨병: 검사와 진료 질문","content"
"/","/health/dyslipidemia","이상지질혈증: 지질검사표 읽기","content"
"/","/health/allergic-rhinitis","알레르기 비염: 증상과 환경 관찰","content"
"/","/health/asthma","천식: 진료에서 확인할 것","content"
"/","/health/gastroesophageal-reflux-disease","역류성 식도염: 불편한 시간 기록","content"
"/","/health/osteoarthritis","골관절염: 일상 동작의 변화","content"
"/","/health/osteoporosis","골다공증: 골밀도검사 질문","content"
"/","/health/gout","통풍: 관절 증상과 요산검사","content"
"/","/health","뇌·마음 건강 등을 포함한 20개 질환 전체 보기","content"
"/","/health/guides/understanding-hba1c","HbA1c 뜻·NGSP와 검사표 읽기","content"
"/","/health/guides/measuring-blood-pressure","집에서 혈압을 잴 때의 준비와 기록","content"
"/","/health/guides/older-parent-health-organizer","부모님이 동의한 범위에서 진료 자료 정리하기","content"
"/","/health/guides/medication-list","복용 중인 약과 확인할 질문 적기","content"
"/","/health","인쇄해서 작성할 건강 기록표와 질문 카드 찾기","content"
"/","/health/trust/author","박영훈 비의료인 건강정보 편집자","content"
"/","/health/trust/sources-policy","출처 대조","content"
"/","/health/trust/medical-review-policy","의료 검토의 현재 상태","content"
"/","/health/trust/editorial-policy","글을 만들고 고치는 원칙","content"
"/","/health/trust/ai-disclosure","AI 활용 공개와 실제 독자 테스트 상태","content"
"/","/health/trust/corrections-policy","정정 원칙과 현재 연락 경로","content"
"/","/health","20개 질환 안내","navigation"
"/","/health/guides/danger-signals","위험 신호","navigation"
"/","/health/guides/appointment-questions","진료 질문 준비","navigation"
"/","/health","건강 기록 도구","navigation"
"/","/health/trust/author","작성자","navigation"
"/","/health/trust/sources-policy","출처 원칙","navigation"
"/","/health/trust/corrections-policy","정정·문의","navigation"
"/","/health/trust/ai-disclosure","AI 활용 공개","navigation"
"/","/health/trust/advertising","광고 정책","navigation"
"/","/health/trust/disclaimer","면책 안내","navigation"
"/","/health/trust/privacy","개인정보","navigation"
"/","/health/trust/terms","이용약관","navigation"
"/health","/health","본문으로 건너뛰기","content"
"/health","/","OONURIM오누림","navigation"
"/health","/health","질환 알아보기","navigation"
"/health","/health/guides/danger-signals","몸이 보내는 신호","navigation"
"/health","/health/guides/reading-health-results","검사·건강수치","navigation"
"/health","/health/guides/family-medication-support","가족 건강","navigation"
"/health","/health","건강 도구","navigation"
"/health","/health/trust/about","오누림 소개","navigation"
"/health","/","오누림 홈","navigation"
"/health","/health","20개 질환 안내","navigation"
"/health","/health","9개 공통 가이드","navigation"
"/health","/health","34개 인쇄 도구","navigation"
"/health","/health/guides/danger-signals","평소에 알아둘 위험 신호와 신고 후 안내","content"
"/health","/health","심장·혈관","navigation"
"/health","/health","혈당·체중","navigation"
"/health","/health","소화·간","navigation"
"/health","/health","호흡·알레르기·수면","navigation"
"/health","/health","뼈·관절","navigation"
"/health","/health","신장·비뇨기","navigation"
"/health","/health","뇌·신경","navigation"
"/health","/health","마음 건강","navigation"
"/health","/health/hypertension","고혈압측정 조건·원래 혈압 값과 진료 질문","content"
"/health","/health/dyslipidemia","이상지질혈증LDL·HDL·중성지방과 검사 준비 질문","content"
"/health","/health/acute-myocardial-infarction","급성심근경색심한 흉통만 기다리지 않는 도움 요청과 검사 이해","content"
"/health","/health/type-2-diabetes","제2형 당뇨병혈당검사의 역할과 개인 관리 질문","content"
"/health","/health/obesity","비만낙인 없이 체중 변화·생활 여건 이야기하기","content"
"/health","/health/gastroesophageal-reflux-disease","위식도역류질환(역류성 식도염)속쓰림이 생기는 때와 다른 불편의 구분","content"
"/health","/health/irritable-bowel-syndrome","과민성장증후군복통과 배변 전후 변화, 검사로 확인할 것","content"
"/health","/health/metabolic-dysfunction-associated-steatotic-liver-disease","지방간(MASLD)간효소·간 지방·섬유화 검사의 차이","content"
"/health","/health/allergic-rhinitis","알레르기 비염코 증상·환경 관찰과 알레르기 검사","content"
"/health","/health/asthma","천식기도의 변화·흡입기와 개인 행동계획 질문","content"
"/health","/health/sleep-apnea","수면무호흡증밤의 관찰·낮의 졸림과 수면검사","content"
"/health","/health/osteoarthritis","골관절염통증뿐 아니라 일상 동작에서 달라진 점","content"
"/health","/health/osteoporosis","골다공증골밀도검사·골절 이력과 집안 환경","content"
"/health","/health/gout","통풍이번 관절 통증과 이후 요산 관리 질문 나누기","content"
"/health","/health/kidney-stones","신장결석요로의 위치·검사와 배출 여부 확인 질문","content"
"/health","/health/urinary-tract-infection","요로감염방광염·신우신염, 소변검사와 배양검사","content"
"/health","/health/migraine","편두통두통의 변화·동반 현상과 실제 약 사용 기록","content"
"/health","/health/stroke","뇌졸중갑작스러운 신호와 119 도움 요청, 두 시각의 의미","content"
"/health","/health/depression","우울증본인의 경험을 듣고 도움을 연결하는 가족의 역할","content"
"/health","/health/anxiety-disorder","불안장애불안을 느낀 상황·생활 영향과 진료 준비","content"
"/health","/health/guides/reading-health-results","건강검진 결과지, 숫자와 표시를 읽는 순서빨간 숫자나 양성 표시만으로 병을 확정하지 않습니다. 혈액·소변 검사 결과에서 비교할 항목과 참고범위의 한계, 다시 검사하거나 진료받을 때 물을 질문을 정리합니다.","content"
"/health","/health/guides/understanding-hba1c","당화혈색소(HbA1c), 검사표의 NGSP·IFCC부터 읽기HbA1c가 보여 주는 기간, NGSP·IFCC 단위와 공복혈당의 차이를 비교합니다. 결과표에서 확인할 항목과 수치가 엇갈릴 때 의료진에게 물을 질문을 정리했습니다.","content"
"/health","/health/guides/measuring-blood-pressure","집에서 혈압 재는 방법, 준비부터 기록까지맨팔에 맞는 위팔 커프, 안정 시간, 등·팔·발의 자세와 반복 측정 기록을 확인합니다. 진단 숫자를 고르는 대신 의료진에게 비교 가능한 결과와 측정 조건을 가져가는 방법입니다.","content"
"/health","/health/guides/symptom-journal","아픈 증상을 짧고 정확하게 기록하는 방법시작 시점, 느낀 불편, 달라지는 상황과 일상 영향을 가능한 만큼 기록합니다. 관찰과 원인 추정을 나누는 예시, 두통·수면 기록의 차이와 기록보다 도움 요청이 먼저인 때를 확인하세요.","content"
"/health","/health/guides/appointment-questions","진료에서 꼭 묻고 싶은 것부터 준비하세요가장 걱정되는 질문부터 고르고 검사 목적·치료 선택지·다음 일정을 확인합니다. 설명을 이해하지 못했거나 실행이 어려울 때 말하는 방법과 귀가 후 문의할 내용을 정리합니다.","content"
"/health","/health/guides/medication-list","약 목록, 이름과 사용 안내를 나누어 적으세요처방약·일반약·안약·바르는 약·보충제를 한 목록에 정리합니다. 제품 함량과 안내받은 사용량을 나누고, 모르는 정보와 변경사항을 표시해 진료·약국에 전달하는 방법입니다.","content"
"/health","/health/guides/family-medication-support","가족의 약 챙기기, 대신 결정하지 않고 돕는 법당사자가 원하는 도움부터 확인합니다. 약을 헷갈리거나 잊을 때, 삼키기 어렵거나 복용을 거부할 때의 질문과 가족 간 전달 방법을 정리합니다. 용량·복용법은 임의로 바꾸지 않습니다.","content"
"/health","/health/guides/older-parent-health-organizer","부모님 건강정보, 함께 정하고 찾기 쉽게 정리하세요당사자가 동의한 범위에서 한 장 요약과 원본 위치를 나눕니다. 현재 전체 약 목록, 검사·예약 날짜, 연락처와 확인 필요 사항을 구분해 가족과 진료기관에 전달하는 방법입니다.","content"
"/health","/health/guides/danger-signals","이런 위험 신호라면 글보다 119가 먼저입니다갑작스러운 마비·말 이상, 심근경색 의심 증상, 심한 호흡곤란·의식 변화에는 즉시 119에 연락합니다. 잠깐 호전돼도 미루지 않을 이유와 119 신고·109 상담의 차이를 확인하세요.","content"
"/health","/health/trust/privacy","기록표·출력물과 개인정보 안내","content"
"/health","/health/tools/blood-pressure-log","가정 혈압 기록표인쇄 기록표","content"
"/health","/health/tools/blood-pressure-questions","고혈압 진료 질문 카드진료 질문지","content"
"/health","/health/tools/blood-pressure-prep","혈압 측정 준비 체크리스트관찰·준비 점검","content"
"/health","/health/tools/blood-pressure-warning","기록보다 119가 먼저인 경고 카드위험 신호 참고","content"
"/health","/health/tools/dyslipidemia-visit-card","지질검사 진료 질문지진료 질문지","content"
"/health","/health/tools/acute-myocardial-infarction-visit-card","심근경색 전달 메모119 신고 후 전달·치료 뒤 질문","content"
"/health","/health/tools/glucose-observation-log","혈당 관찰 기록표인쇄 기록표","content"
"/health","/health/tools/diabetes-questions","제2형 당뇨병 진료 질문지진료 질문지","content"
"/health","/health/tools/family-support-checklist","가족 지원 체크리스트관찰·준비 점검","content"
"/health","/health/tools/diabetes-test-terms","혈당 검사 용어 한 장용어·사용 참고","content"
"/health","/health/tools/obesity-visit-card","비만 상담 메모진료 질문지","content"
"/health","/health/tools/gerd-symptom-timing-log","역류 증상·시간 기록표인쇄 기록표","content"
"/health","/health/tools/gerd-everyday-patterns","역류 생활 패턴 관찰 체크관찰·준비 점검","content"
"/health","/health/tools/gerd-appointment-prep","위식도역류 진료 준비 카드진료 질문지","content"
"/health","/health/tools/irritable-bowel-syndrome-visit-card","복통·배변 질문지진료 질문지","content"
"/health","/health/tools/metabolic-dysfunction-associated-steatotic-liver-disease-visit-card","지방간 검사 상담표진료 질문지","content"
"/health","/health/tools/allergy-trigger-observation","알레르기 비염 관찰표인쇄 기록표","content"
"/health","/health/tools/allergy-environment-check","환경 변화 관찰 체크관찰·준비 점검","content"
"/health","/health/tools/allergy-appointment-questions","알레르기 비염 진료 질문 카드진료 질문지","content"
"/health","/health/tools/asthma-visit-card","천식 진료 질문지진료 질문지","content"
"/health","/health/tools/sleep-apnea-visit-card","밤·낮 수면 질문지진료 질문지","content"
"/health","/health/tools/oa-daily-activity-log","관절 일상 변화 기록표인쇄 기록표","content"
"/health","/health/tools/oa-visit-questions","골관절염 진료 질문 카드진료 질문지","content"
"/health","/health/tools/oa-family-support","관절 불편 가족 지원 체크관찰·준비 점검","content"
"/health","/health/tools/osteoporosis-appointment-prep","골다공증 진료 준비표진료 질문지","content"
"/health","/health/tools/osteoporosis-home-check","낙상 위험 집안 점검표관찰·준비 점검","content"
"/health","/health/tools/osteoporosis-terms","골밀도 검사 용어 카드용어·사용 참고","content"
"/health","/health/tools/gout-visit-card","통풍 진료 질문지진료 질문지","content"
"/health","/health/tools/kidney-stones-visit-card","신장결석 진료 준비표진료 질문지","content"
"/health","/health/tools/urinary-tract-infection-visit-card","요로감염 진료 메모진료 질문지","content"
"/health","/health/tools/migraine-visit-card","두통 진료 준비표진료 질문지","content"
"/health","/health/tools/stroke-visit-card","뇌졸중 전달 메모119 신고 후 전달·치료 뒤 질문","content"
"/health","/health/tools/depression-visit-card","우울감 진료 메모진료 질문지","content"
"/health","/health/tools/anxiety-disorder-visit-card","불안 진료 메모진료 질문지","content"
"/health","/health/trust/author","박영훈 비의료인 건강정보 편집자","content"
"/health","/health/trust/sources-policy","공식 원문 대조","content"
"/health","/health/trust/medical-review-policy","의료 검토의 현재 상태","content"
"/health","/health/trust/ai-disclosure","AI 활용 공개와 실제 독자 테스트 상태","content"
"/health","/health/trust/corrections-policy","정정 원칙과 현재 접수 경로","content"
"/health","/health","20개 질환 안내","navigation"
"/health","/health/guides/danger-signals","위험 신호","navigation"
"/health","/health/guides/appointment-questions","진료 질문 준비","navigation"
"/health","/health","건강 기록 도구","navigation"
"/health","/health/trust/author","작성자","navigation"
"/health","/health/trust/sources-policy","출처 원칙","navigation"
"/health","/health/trust/corrections-policy","정정·문의","navigation"
"/health","/health/trust/ai-disclosure","AI 활용 공개","navigation"
"/health","/health/trust/advertising","광고 정책","navigation"
"/health","/health/trust/disclaimer","면책 안내","navigation"
"/health","/health/trust/privacy","개인정보","navigation"
"/health","/health/trust/terms","이용약관","navigation"
"/health/acute-myocardial-infarction","/health/acute-myocardial-infarction","본문으로 건너뛰기","content"
"/health/acute-myocardial-infarction","/","OONURIM오누림","navigation"
"/health/acute-myocardial-infarction","/health","질환 알아보기","navigation"
"/health/acute-myocardial-infarction","/health/guides/danger-signals","몸이 보내는 신호","navigation"
"/health/acute-myocardial-infarction","/health/guides/reading-health-results","검사·건강수치","navigation"
"/health/acute-myocardial-infarction","/health/guides/family-medication-support","가족 건강","navigation"
"/health/acute-myocardial-infarction","/health","건강 도구","navigation"
"/health/acute-myocardial-infarction","/health/trust/about","오누림 소개","navigation"
"/health/acute-myocardial-infarction","/health/trust/author","박영훈 · 비의료인 건강정보 편집자","navigation"
"/health/acute-myocardial-infarction","/health/acute-myocardial-infarction","응급 신호와 119 안내 바로 보기","content"
"/health/acute-myocardial-infarction","/health/acute-myocardial-infarction","SRC-KDCA-CARDIO-2026","content"
"/health/acute-myocardial-infarction","/health/acute-myocardial-infarction","SRC-NHLBI-HEART-ATTACK","content"
"/health/acute-myocardial-infarction","/health/guides/danger-signals","다른 급한 몸의 변화와 119 도움 안내","content"
"/health/acute-myocardial-infarction","/health/acute-myocardial-infarction","질병관리청","content"
"/health/acute-myocardial-infarction","/health/acute-myocardial-infarction","NIH/NHLBI","content"
"/health/acute-myocardial-infarction","/health/acute-myocardial-infarction","NHS","content"
"/health/acute-myocardial-infarction","/health/acute-myocardial-infarction","NIH/NHLBI","content"
"/health/acute-myocardial-infarction","/health/acute-myocardial-infarction","CDC","content"
"/health/acute-myocardial-infarction","/health/acute-myocardial-infarction","NHS","content"
"/health/acute-myocardial-infarction","/health/acute-myocardial-infarction","질병관리청 국가건강정보포털","content"
"/health/acute-myocardial-infarction","/health/acute-myocardial-infarction","NIH/NHLBI","content"
"/health/acute-myocardial-infarction","/health/acute-myocardial-infarction","CDC","content"
"/health/acute-myocardial-infarction","/health/acute-myocardial-infarction","NHS","content"
"/health/acute-myocardial-infarction","/health/tools/acute-myocardial-infarction-visit-card","신고 후 전달 내용과 치료 뒤 질문을 확인할 심근경색 카드","content"
"/health/acute-myocardial-infarction","/health/guides/medication-list","평소에 준비할 약·알레르기 목록","content"
"/health/acute-myocardial-infarction","/health/acute-myocardial-infarction","질병관리청","content"
"/health/acute-myocardial-infarction","/health/acute-myocardial-infarction","NIH/NHLBI","content"
"/health/acute-myocardial-infarction","/health/acute-myocardial-infarction","NIH/NHLBI","content"
"/health/acute-myocardial-infarction","/health/acute-myocardial-infarction","NHS","content"
"/health/acute-myocardial-infarction","/health/guides/reading-health-results","검사 이름·단위·결과의 한계를 읽는 방법","content"
"/health/acute-myocardial-infarction","/health/acute-myocardial-infarction","NIH/NHLBI","content"
"/health/acute-myocardial-infarction","/health/acute-myocardial-infarction","NIH/NLM MedlinePlus","content"
"/health/acute-myocardial-infarction","/health/acute-myocardial-infarction","질병관리청 국가건강정보포털","content"
"/health/acute-myocardial-infarction","/health/acute-myocardial-infarction","NHS","content"
"/health/acute-myocardial-infarction","/health/guides/appointment-questions","퇴원·다음 진료에서 확인할 질문","content"
"/health/acute-myocardial-infarction","/health/dyslipidemia","급한 대응과 구분해 이어가는 콜레스테롤 관리","content"
"/health/acute-myocardial-infarction","/health/acute-myocardial-infarction","질병관리청 국가건강정보포털","content"
"/health/acute-myocardial-infarction","/health/acute-myocardial-infarction","NIH/NHLBI","content"
"/health/acute-myocardial-infarction","/health/acute-myocardial-infarction","NHS","content"
"/health/acute-myocardial-infarction","/health/acute-myocardial-infarction","CDC","content"
"/health/acute-myocardial-infarction","/health/acute-myocardial-infarction","NIH/NHLBI","content"
"/health/acute-myocardial-infarction","/health/acute-myocardial-infarction","CDC","content"
"/health/acute-myocardial-infarction","/health/acute-myocardial-infarction","NHS","content"
"/health/acute-myocardial-infarction","/health/acute-myocardial-infarction","NIH/NHLBI","content"
"/health/acute-myocardial-infarction","/health/acute-myocardial-infarction","질병관리청","content"
"/health/acute-myocardial-infarction","/health/acute-myocardial-infarction","NIH/NHLBI","content"
"/health/acute-myocardial-infarction","/health/acute-myocardial-infarction","CDC","content"
"/health/acute-myocardial-infarction","/health/acute-myocardial-infarction","NIH/NHLBI","content"
"/health/acute-myocardial-infarction","/health/acute-myocardial-infarction","NHS","content"
"/health/acute-myocardial-infarction","/health/acute-myocardial-infarction","질병관리청","content"
"/health/acute-myocardial-infarction","/health/acute-myocardial-infarction","NIH/NHLBI","content"
"/health/acute-myocardial-infarction","/health/acute-myocardial-infarction","NIH/NHLBI","content"
"/health/acute-myocardial-infarction","/health/acute-myocardial-infarction","NIH/NLM MedlinePlus","content"
"/health/acute-myocardial-infarction","/health/trust/sources-policy","출처 선정 기준","content"
"/health/acute-myocardial-infarction","/health/trust/editorial-policy","편집 원칙","content"
"/health/acute-myocardial-infarction","/health/trust/medical-review-policy","의료 검수 현재 상태","content"
"/health/acute-myocardial-infarction","/health","건강 가이드 전체 보기","content"
"/health/acute-myocardial-infarction","/health/tools/acute-myocardial-infarction-visit-card","심근경색 전달 메모119 신고 후 실제 증상·약 정보를 전하고, 급한 평가·치료 뒤 약·활동·재활 질문을 확인하는 보조표입니다.","content"
"/health/acute-myocardial-infarction","/health","20개 질환 안내","navigation"
"/health/acute-myocardial-infarction","/health/guides/danger-signals","위험 신호","navigation"
"/health/acute-myocardial-infarction","/health/guides/appointment-questions","진료 질문 준비","navigation"
"/health/acute-myocardial-infarction","/health","건강 기록 도구","navigation"
"/health/acute-myocardial-infarction","/health/trust/author","작성자","navigation"
"/health/acute-myocardial-infarction","/health/trust/sources-policy","출처 원칙","navigation"
"/health/acute-myocardial-infarction","/health/trust/corrections-policy","정정·문의","navigation"
"/health/acute-myocardial-infarction","/health/trust/ai-disclosure","AI 활용 공개","navigation"
"/health/acute-myocardial-infarction","/health/trust/advertising","광고 정책","navigation"
"/health/acute-myocardial-infarction","/health/trust/disclaimer","면책 안내","navigation"
"/health/acute-myocardial-infarction","/health/trust/privacy","개인정보","navigation"
"/health/acute-myocardial-infarction","/health/trust/terms","이용약관","navigation"
"/health/allergic-rhinitis","/health/allergic-rhinitis","본문으로 건너뛰기","content"
"/health/allergic-rhinitis","/","OONURIM오누림","navigation"
"/health/allergic-rhinitis","/health","질환 알아보기","navigation"
"/health/allergic-rhinitis","/health/guides/danger-signals","몸이 보내는 신호","navigation"
"/health/allergic-rhinitis","/health/guides/reading-health-results","검사·건강수치","navigation"
"/health/allergic-rhinitis","/health/guides/family-medication-support","가족 건강","navigation"
"/health/allergic-rhinitis","/health","건강 도구","navigation"
"/health/allergic-rhinitis","/health/trust/about","오누림 소개","navigation"
"/health/allergic-rhinitis","/health/trust/author","박영훈 · 비의료인 건강정보 편집자","navigation"
"/health/allergic-rhinitis","/health/allergic-rhinitis","응급 신호와 119 안내 바로 보기","content"
"/health/allergic-rhinitis","/health/allergic-rhinitis","SRC-SNUH-AR","content"
"/health/allergic-rhinitis","/health/allergic-rhinitis","SRC-NHS-AR","content"
"/health/allergic-rhinitis","/health/allergic-rhinitis","서울대학교병원","content"
"/health/allergic-rhinitis","/health/allergic-rhinitis","NHS","content"
"/health/allergic-rhinitis","/health/allergic-rhinitis","서울대학교병원","content"
"/health/allergic-rhinitis","/health/allergic-rhinitis","NHS","content"
"/health/allergic-rhinitis","/health/allergic-rhinitis","CDC","content"
"/health/allergic-rhinitis","/health/guides/reading-health-results","결과지의 이상 표시와 재검 질문 정리","content"
"/health/allergic-rhinitis","/health/allergic-rhinitis","서울대학교병원","content"
"/health/allergic-rhinitis","/health/allergic-rhinitis","NIH/MedlinePlus","content"
"/health/allergic-rhinitis","/health/guides/medication-list","약 이름과 실제 사용법을 목록으로 가져가기","content"
"/health/allergic-rhinitis","/health/allergic-rhinitis","NIH/MedlinePlus","content"
"/health/allergic-rhinitis","/health/allergic-rhinitis","NHS","content"
"/health/allergic-rhinitis","/health/allergic-rhinitis","NIH/MedlinePlus","content"
"/health/allergic-rhinitis","/health/tools/allergy-trigger-observation","코·눈 증상과 장소 관찰표","content"
"/health/allergic-rhinitis","/health/guides/symptom-journal","관찰한 사실과 추측을 나눠 적는 법","content"
"/health/allergic-rhinitis","/health/allergic-rhinitis","CDC","content"
"/health/allergic-rhinitis","/health/allergic-rhinitis","NHS","content"
"/health/allergic-rhinitis","/health/allergic-rhinitis","NIH/MedlinePlus","content"
"/health/allergic-rhinitis","/health/asthma","천식의 호흡 증상과 개인 대처 계획","content"
"/health/allergic-rhinitis","/health/tools/allergy-appointment-questions","검사·스프레이를 묻는 진료 질문 카드","content"
"/health/allergic-rhinitis","/health/allergic-rhinitis","NHS","content"
"/health/allergic-rhinitis","/health/allergic-rhinitis","CDC","content"
"/health/allergic-rhinitis","/health/guides/danger-signals","위급할 때 먼저 할 행동과 119에 전할 내용","content"
"/health/allergic-rhinitis","/health/allergic-rhinitis","질병관리청 국가건강정보포털","content"
"/health/allergic-rhinitis","/health/allergic-rhinitis","CDC","content"
"/health/allergic-rhinitis","/health/allergic-rhinitis","서울대학교병원","content"
"/health/allergic-rhinitis","/health/allergic-rhinitis","NHS","content"
"/health/allergic-rhinitis","/health/allergic-rhinitis","서울대학교병원","content"
"/health/allergic-rhinitis","/health/allergic-rhinitis","NIH/MedlinePlus","content"
"/health/allergic-rhinitis","/health/allergic-rhinitis","NHS","content"
"/health/allergic-rhinitis","/health/allergic-rhinitis","NIH/MedlinePlus","content"
"/health/allergic-rhinitis","/health/allergic-rhinitis","NIH/MedlinePlus","content"
"/health/allergic-rhinitis","/health/allergic-rhinitis","NHS","content"
"/health/allergic-rhinitis","/health/allergic-rhinitis","서울대학교병원","content"
"/health/allergic-rhinitis","/health/allergic-rhinitis","NIH/MedlinePlus","content"
"/health/allergic-rhinitis","/health/allergic-rhinitis","NHS","content"
"/health/allergic-rhinitis","/health/allergic-rhinitis","CDC","content"
"/health/allergic-rhinitis","/health/allergic-rhinitis","질병관리청 국가건강정보포털","content"
"/health/allergic-rhinitis","/health/trust/sources-policy","출처 선정 기준","content"
"/health/allergic-rhinitis","/health/trust/editorial-policy","편집 원칙","content"
"/health/allergic-rhinitis","/health/trust/medical-review-policy","의료 검수 현재 상태","content"
"/health/allergic-rhinitis","/health","건강 가이드 전체 보기","content"
"/health/allergic-rhinitis","/health/tools/allergy-trigger-observation","알레르기 비염 관찰표증상·장소·시간을 적되 원인을 판정하지 않는 기록지입니다.","content"
"/health/allergic-rhinitis","/health/tools/allergy-environment-check","환경 변화 관찰 체크환경을 바꾼 뒤의 흐름을 살피고 개인 효과를 단정하지 않습니다.","content"
"/health/allergic-rhinitis","/health/tools/allergy-appointment-questions","알레르기 비염 진료 질문 카드증상 흐름과 검사 필요 여부를 묻기 위한 질문 카드입니다.","content"
"/health/allergic-rhinitis","/health","20개 질환 안내","navigation"
"/health/allergic-rhinitis","/health/guides/danger-signals","위험 신호","navigation"
"/health/allergic-rhinitis","/health/guides/appointment-questions","진료 질문 준비","navigation"
"/health/allergic-rhinitis","/health","건강 기록 도구","navigation"
"/health/allergic-rhinitis","/health/trust/author","작성자","navigation"
"/health/allergic-rhinitis","/health/trust/sources-policy","출처 원칙","navigation"
"/health/allergic-rhinitis","/health/trust/corrections-policy","정정·문의","navigation"
"/health/allergic-rhinitis","/health/trust/ai-disclosure","AI 활용 공개","navigation"
"/health/allergic-rhinitis","/health/trust/advertising","광고 정책","navigation"
"/health/allergic-rhinitis","/health/trust/disclaimer","면책 안내","navigation"
"/health/allergic-rhinitis","/health/trust/privacy","개인정보","navigation"
"/health/allergic-rhinitis","/health/trust/terms","이용약관","navigation"
"/health/anxiety-disorder","/health/anxiety-disorder","본문으로 건너뛰기","content"
"/health/anxiety-disorder","/","OONURIM오누림","navigation"
"/health/anxiety-disorder","/health","질환 알아보기","navigation"
"/health/anxiety-disorder","/health/guides/danger-signals","몸이 보내는 신호","navigation"
"/health/anxiety-disorder","/health/guides/reading-health-results","검사·건강수치","navigation"
"/health/anxiety-disorder","/health/guides/family-medication-support","가족 건강","navigation"
"/health/anxiety-disorder","/health","건강 도구","navigation"
"/health/anxiety-disorder","/health/trust/about","오누림 소개","navigation"
"/health/anxiety-disorder","/health/trust/author","박영훈 · 비의료인 건강정보 편집자","navigation"
"/health/anxiety-disorder","/health/anxiety-disorder","응급 신호와 119 안내 바로 보기","content"
"/health/anxiety-disorder","/health/anxiety-disorder","SRC-NIMH-ANXIETY","content"
"/health/anxiety-disorder","/health/anxiety-disorder","SRC-NIMH-GAD","content"
"/health/anxiety-disorder","/health/guides/danger-signals","기록보다 도움 요청이 먼저인 위험 신호","content"
"/health/anxiety-disorder","/health/acute-myocardial-infarction","불안으로 단정하지 말아야 할 심근경색 의심 증상","content"
"/health/anxiety-disorder","/health/anxiety-disorder","NHS","content"
"/health/anxiety-disorder","/health/anxiety-disorder","NHS","content"
"/health/anxiety-disorder","/health/anxiety-disorder","NIH/NIMH","content"
"/health/anxiety-disorder","/health/anxiety-disorder","보건복지부 보건복지상담센터","content"
"/health/anxiety-disorder","/health/anxiety-disorder","NIH/NIMH","content"
"/health/anxiety-disorder","/health/anxiety-disorder","찾기쉬운 생활법령정보","content"
"/health/anxiety-disorder","/health/anxiety-disorder","서울대학교병원","content"
"/health/anxiety-disorder","/health/anxiety-disorder","NIH/NIMH","content"
"/health/anxiety-disorder","/health/anxiety-disorder","NIH/NIMH","content"
"/health/anxiety-disorder","/health/anxiety-disorder","NIH/NIMH","content"
"/health/anxiety-disorder","/health/anxiety-disorder","NIH/NIMH","content"
"/health/anxiety-disorder","/health/anxiety-disorder","NIH/NIMH","content"
"/health/anxiety-disorder","/health/anxiety-disorder","서울대학교병원","content"
"/health/anxiety-disorder","/health/anxiety-disorder","NHS","content"
"/health/anxiety-disorder","/health/depression","함께 느끼는 우울감과 달라진 일상 이야기","content"
"/health/anxiety-disorder","/health/anxiety-disorder","NIH/NIMH","content"
"/health/anxiety-disorder","/health/anxiety-disorder","NIH/NIMH","content"
"/health/anxiety-disorder","/health/anxiety-disorder","서울대학교병원","content"
"/health/anxiety-disorder","/health/tools/anxiety-disorder-visit-card","경험과 질문을 정리하는 불안장애 진료 카드","content"
"/health/anxiety-disorder","/health/guides/medication-list","복용 방식까지 함께 확인할 약 목록","content"
"/health/anxiety-disorder","/health/anxiety-disorder","NIH/NIMH","content"
"/health/anxiety-disorder","/health/anxiety-disorder","NIH/NIMH","content"
"/health/anxiety-disorder","/health/anxiety-disorder","서울대학교병원","content"
"/health/anxiety-disorder","/health/anxiety-disorder","NIH/NIMH","content"
"/health/anxiety-disorder","/health/guides/appointment-questions","치료의 역할과 다음 연락을 확인할 진료 질문","content"
"/health/anxiety-disorder","/health/anxiety-disorder","NIH/NIMH","content"
"/health/anxiety-disorder","/health/anxiety-disorder","NIH/NIMH","content"
"/health/anxiety-disorder","/health/anxiety-disorder","NIH/NIMH","content"
"/health/anxiety-disorder","/health/anxiety-disorder","NIH/NIMH","content"
"/health/anxiety-disorder","/health/anxiety-disorder","보건복지부 보건복지상담센터","content"
"/health/anxiety-disorder","/health/anxiety-disorder","서울대학교병원","content"
"/health/anxiety-disorder","/health/anxiety-disorder","NIH/NIMH","content"
"/health/anxiety-disorder","/health/anxiety-disorder","NIH/NIMH","content"
"/health/anxiety-disorder","/health/anxiety-disorder","보건복지부","content"
"/health/anxiety-disorder","/health/anxiety-disorder","보건복지부 보건복지상담센터","content"
"/health/anxiety-disorder","/health/anxiety-disorder","서울대학교병원","content"
"/health/anxiety-disorder","/health/anxiety-disorder","NIH/NIMH","content"
"/health/anxiety-disorder","/health/anxiety-disorder","NIH/NIMH","content"
"/health/anxiety-disorder","/health/anxiety-disorder","NIH/NIMH","content"
"/health/anxiety-disorder","/health/anxiety-disorder","NHS","content"
"/health/anxiety-disorder","/health/anxiety-disorder","NHS","content"
"/health/anxiety-disorder","/health/anxiety-disorder","NHS","content"
"/health/anxiety-disorder","/health/anxiety-disorder","찾기쉬운 생활법령정보","content"
"/health/anxiety-disorder","/health/anxiety-disorder","NIH/NIMH","content"
"/health/anxiety-disorder","/health/anxiety-disorder","NIH/NIMH","content"
"/health/anxiety-disorder","/health/anxiety-disorder","NHS","content"
"/health/anxiety-disorder","/health/anxiety-disorder","NIH/NIMH","content"
"/health/anxiety-disorder","/health/anxiety-disorder","NIH/NIMH","content"
"/health/anxiety-disorder","/health/anxiety-disorder","서울대학교병원","content"
"/health/anxiety-disorder","/health/anxiety-disorder","NIH/NIMH","content"
"/health/anxiety-disorder","/health/trust/sources-policy","출처 선정 기준","content"
"/health/anxiety-disorder","/health/trust/editorial-policy","편집 원칙","content"
"/health/anxiety-disorder","/health/trust/medical-review-policy","의료 검수 현재 상태","content"
"/health/anxiety-disorder","/health","건강 가이드 전체 보기","content"
"/health/anxiety-disorder","/health/tools/anxiety-disorder-visit-card","불안 진료 메모실제 상황·몸 변화, 이미 피한 일·생활 영향과 약 정보를 정리해 원하는 도움을 묻는 인쇄 보조표입니다.","content"
"/health/anxiety-disorder","/health","20개 질환 안내","navigation"
"/health/anxiety-disorder","/health/guides/danger-signals","위험 신호","navigation"
"/health/anxiety-disorder","/health/guides/appointment-questions","진료 질문 준비","navigation"
"/health/anxiety-disorder","/health","건강 기록 도구","navigation"
"/health/anxiety-disorder","/health/trust/author","작성자","navigation"
"/health/anxiety-disorder","/health/trust/sources-policy","출처 원칙","navigation"
"/health/anxiety-disorder","/health/trust/corrections-policy","정정·문의","navigation"
"/health/anxiety-disorder","/health/trust/ai-disclosure","AI 활용 공개","navigation"
"/health/anxiety-disorder","/health/trust/advertising","광고 정책","navigation"
"/health/anxiety-disorder","/health/trust/disclaimer","면책 안내","navigation"
"/health/anxiety-disorder","/health/trust/privacy","개인정보","navigation"
"/health/anxiety-disorder","/health/trust/terms","이용약관","navigation"
"/health/asthma","/health/asthma","본문으로 건너뛰기","content"
"/health/asthma","/","OONURIM오누림","navigation"
"/health/asthma","/health","질환 알아보기","navigation"
"/health/asthma","/health/guides/danger-signals","몸이 보내는 신호","navigation"
"/health/asthma","/health/guides/reading-health-results","검사·건강수치","navigation"
"/health/asthma","/health/guides/family-medication-support","가족 건강","navigation"
"/health/asthma","/health","건강 도구","navigation"
"/health/asthma","/health/trust/about","오누림 소개","navigation"
"/health/asthma","/health/trust/author","박영훈 · 비의료인 건강정보 편집자","navigation"
"/health/asthma","/health/asthma","응급 신호와 119 안내 바로 보기","content"
"/health/asthma","/health/asthma","SRC-NHLBI-ASTHMA-SYMPTOMS","content"
"/health/asthma","/health/asthma","SRC-NHLBI-ASTHMA-DIAGNOSIS","content"
"/health/asthma","/health/asthma","질병관리청 국가건강정보포털","content"
"/health/asthma","/health/asthma","NIH/NHLBI","content"
"/health/asthma","/health/allergic-rhinitis","함께 상담할 코 알레르기의 유발 상황","content"
"/health/asthma","/health/asthma","NIH/NHLBI","content"
"/health/asthma","/health/asthma","NIH/NHLBI","content"
"/health/asthma","/health/asthma","NHS","content"
"/health/asthma","/health/asthma","질병관리청 국가건강정보포털","content"
"/health/asthma","/health/asthma","NIH/NHLBI","content"
"/health/asthma","/health/asthma","NIH/NHLBI","content"
"/health/asthma","/health/guides/medication-list","흡입기까지 포함해 약 이름과 지침 정리하기","content"
"/health/asthma","/health/asthma","NHS","content"
"/health/asthma","/health/asthma","NIH/NHLBI","content"
"/health/asthma","/health/tools/asthma-visit-card","천식 증상과 행동계획의 진료 질문 카드","content"
"/health/asthma","/health/asthma","NIH/NHLBI","content"
"/health/asthma","/health/asthma","NIH/NHLBI","content"
"/health/asthma","/health/asthma","NHS","content"
"/health/asthma","/health/guides/symptom-journal","증상·상황·처방 뒤 반응을 구분해 기록하기","content"
"/health/asthma","/health/guides/appointment-questions","다음 진료에서 빠뜨리지 않을 질문","content"
"/health/asthma","/health/asthma","NIH/NHLBI","content"
"/health/asthma","/health/asthma","NIH/NHLBI","content"
"/health/asthma","/health/asthma","NIH/NHLBI","content"
"/health/asthma","/health/asthma","NIH/NHLBI","content"
"/health/asthma","/health/guides/danger-signals","즉시 대응해야 할 호흡·의식 변화","content"
"/health/asthma","/health/asthma","NHS","content"
"/health/asthma","/health/asthma","NIH/NHLBI","content"
"/health/asthma","/health/asthma","NHS","content"
"/health/asthma","/health/asthma","질병관리청 국가건강정보포털","content"
"/health/asthma","/health/asthma","NIH/NHLBI","content"
"/health/asthma","/health/asthma","NIH/NHLBI","content"
"/health/asthma","/health/asthma","NIH/NHLBI","content"
"/health/asthma","/health/asthma","NHS","content"
"/health/asthma","/health/asthma","질병관리청 국가건강정보포털","content"
"/health/asthma","/health/asthma","NIH/NHLBI","content"
"/health/asthma","/health/asthma","NHS","content"
"/health/asthma","/health/asthma","NIH/NHLBI","content"
"/health/asthma","/health/asthma","NHS","content"
"/health/asthma","/health/asthma","NIH/NHLBI","content"
"/health/asthma","/health/asthma","NHS","content"
"/health/asthma","/health/trust/sources-policy","출처 선정 기준","content"
"/health/asthma","/health/trust/editorial-policy","편집 원칙","content"
"/health/asthma","/health/trust/medical-review-policy","의료 검수 현재 상태","content"
"/health/asthma","/health","건강 가이드 전체 보기","content"
"/health/asthma","/health/tools/asthma-visit-card","천식 진료 질문지증상·흡입기 사용 기록을 가져가 기기 사용법과 개인 행동계획을 확인하는 인쇄 질문지입니다.","content"
"/health/asthma","/health","20개 질환 안내","navigation"
"/health/asthma","/health/guides/danger-signals","위험 신호","navigation"
"/health/asthma","/health/guides/appointment-questions","진료 질문 준비","navigation"
"/health/asthma","/health","건강 기록 도구","navigation"
"/health/asthma","/health/trust/author","작성자","navigation"
"/health/asthma","/health/trust/sources-policy","출처 원칙","navigation"
"/health/asthma","/health/trust/corrections-policy","정정·문의","navigation"
"/health/asthma","/health/trust/ai-disclosure","AI 활용 공개","navigation"
"/health/asthma","/health/trust/advertising","광고 정책","navigation"
"/health/asthma","/health/trust/disclaimer","면책 안내","navigation"
"/health/asthma","/health/trust/privacy","개인정보","navigation"
"/health/asthma","/health/trust/terms","이용약관","navigation"
"/health/depression","/health/depression","본문으로 건너뛰기","content"
"/health/depression","/","OONURIM오누림","navigation"
"/health/depression","/health","질환 알아보기","navigation"
"/health/depression","/health/guides/danger-signals","몸이 보내는 신호","navigation"
"/health/depression","/health/guides/reading-health-results","검사·건강수치","navigation"
"/health/depression","/health/guides/family-medication-support","가족 건강","navigation"
"/health/depression","/health","건강 도구","navigation"
"/health/depression","/health/trust/about","오누림 소개","navigation"
"/health/depression","/health/trust/author","박영훈 · 비의료인 건강정보 편집자","navigation"
"/health/depression","/health/depression","응급 신호와 119 안내 바로 보기","content"
"/health/depression","/health/depression","SRC-NIMH-DEPRESSION","content"
"/health/depression","/health/depression","SRC-WHO-DEPRESSION","content"
"/health/depression","/health/guides/danger-signals","도움 요청을 미루지 않아야 하는 위험 신호","content"
"/health/depression","/health/depression","NIH/NIMH","content"
"/health/depression","/health/depression","NIH/NIMH","content"
"/health/depression","/health/depression","보건복지부 보건복지상담센터","content"
"/health/depression","/health/depression","찾기쉬운 생활법령정보","content"
"/health/depression","/health/depression","WHO","content"
"/health/depression","/health/depression","NIH/NIMH","content"
"/health/depression","/health/depression","NIH/NIMH","content"
"/health/depression","/health/depression","NIH/NIMH","content"
"/health/depression","/health/guides/symptom-journal","평소와 달라진 일상을 아는 범위에서 적는 일지","content"
"/health/depression","/health/depression","WHO","content"
"/health/depression","/health/depression","NIH/NIMH","content"
"/health/depression","/health/depression","질병관리청 국가건강정보포털","content"
"/health/depression","/health/anxiety-disorder","함께 느끼는 걱정·불안도 구분해 전하기","content"
"/health/depression","/health/tools/depression-visit-card","우울감과 생활 영향을 전할 진료 질문 카드","content"
"/health/depression","/health/depression","NIH/NIMH","content"
"/health/depression","/health/depression","WHO","content"
"/health/depression","/health/depression","질병관리청 국가건강정보포털","content"
"/health/depression","/health/guides/medication-list","보충제와 처방 변경도 함께 알릴 사용 약 목록","content"
"/health/depression","/health/depression","NIH/NIMH","content"
"/health/depression","/health/depression","WHO","content"
"/health/depression","/health/depression","질병관리청 국가건강정보포털","content"
"/health/depression","/health/depression","NIH/NIMH","content"
"/health/depression","/health/guides/appointment-questions","다음 진료와 연락 방법을 확인하는 질문","content"
"/health/depression","/health/depression","WHO","content"
"/health/depression","/health/depression","NIH/NIMH","content"
"/health/depression","/health/depression","NIH/NIMH","content"
"/health/depression","/health/depression","NIH/NIMH","content"
"/health/depression","/health/depression","보건복지부 보건복지상담센터","content"
"/health/depression","/health/depression","보건복지부","content"
"/health/depression","/health/depression","NIH/NIMH","content"
"/health/depression","/health/depression","찾기쉬운 생활법령정보","content"
"/health/depression","/health/depression","NIH/NIMH","content"
"/health/depression","/health/depression","NIH/NIMH","content"
"/health/depression","/health/depression","질병관리청 국가건강정보포털","content"
"/health/depression","/health/depression","NIH/NIMH","content"
"/health/depression","/health/depression","NIH/NIMH","content"
"/health/depression","/health/depression","NIH/NIMH","content"
"/health/depression","/health/depression","NIH/NIMH","content"
"/health/depression","/health/depression","NIH/NIMH","content"
"/health/depression","/health/depression","NIH/NIMH","content"
"/health/depression","/health/depression","NIH/NIMH","content"
"/health/depression","/health/depression","보건복지부 보건복지상담센터","content"
"/health/depression","/health/depression","찾기쉬운 생활법령정보","content"
"/health/depression","/health/depression","NIH/NIMH","content"
"/health/depression","/health/trust/sources-policy","출처 선정 기준","content"
"/health/depression","/health/trust/editorial-policy","편집 원칙","content"
"/health/depression","/health/trust/medical-review-policy","의료 검수 현재 상태","content"
"/health/depression","/health","건강 가이드 전체 보기","content"
"/health/depression","/health/tools/depression-visit-card","우울감 진료 메모본인의 말과 동의받은 관찰, 일상 어려움과 원하는 도움을 구분해 진료에 가져가는 인쇄 보조표입니다.","content"
"/health/depression","/health","20개 질환 안내","navigation"
"/health/depression","/health/guides/danger-signals","위험 신호","navigation"
"/health/depression","/health/guides/appointment-questions","진료 질문 준비","navigation"
"/health/depression","/health","건강 기록 도구","navigation"
"/health/depression","/health/trust/author","작성자","navigation"
"/health/depression","/health/trust/sources-policy","출처 원칙","navigation"
"/health/depression","/health/trust/corrections-policy","정정·문의","navigation"
"/health/depression","/health/trust/ai-disclosure","AI 활용 공개","navigation"
"/health/depression","/health/trust/advertising","광고 정책","navigation"
"/health/depression","/health/trust/disclaimer","면책 안내","navigation"
"/health/depression","/health/trust/privacy","개인정보","navigation"
"/health/depression","/health/trust/terms","이용약관","navigation"
"/health/dyslipidemia","/health/dyslipidemia","본문으로 건너뛰기","content"
"/health/dyslipidemia","/","OONURIM오누림","navigation"
"/health/dyslipidemia","/health","질환 알아보기","navigation"
"/health/dyslipidemia","/health/guides/danger-signals","몸이 보내는 신호","navigation"
"/health/dyslipidemia","/health/guides/reading-health-results","검사·건강수치","navigation"
"/health/dyslipidemia","/health/guides/family-medication-support","가족 건강","navigation"
"/health/dyslipidemia","/health","건강 도구","navigation"
"/health/dyslipidemia","/health/trust/about","오누림 소개","navigation"
"/health/dyslipidemia","/health/trust/author","박영훈 · 비의료인 건강정보 편집자","navigation"
"/health/dyslipidemia","/health/dyslipidemia","응급 신호와 119 안내 바로 보기","content"
"/health/dyslipidemia","/health/dyslipidemia","SRC-MEDLINEPLUS-CHOLESTEROL","content"
"/health/dyslipidemia","/health/dyslipidemia","SRC-CDC-CHOLESTEROL","content"
"/health/dyslipidemia","/health/dyslipidemia","질병관리청 국가건강정보포털","content"
"/health/dyslipidemia","/health/dyslipidemia","NIH/NHLBI","content"
"/health/dyslipidemia","/health/dyslipidemia","NIH/MedlinePlus","content"
"/health/dyslipidemia","/health/guides/reading-health-results","검사표의 항목·단위·참고범위를 읽는 순서","content"
"/health/dyslipidemia","/health/dyslipidemia","질병관리청 국가건강정보포털","content"
"/health/dyslipidemia","/health/dyslipidemia","NIH/MedlinePlus","content"
"/health/dyslipidemia","/health/dyslipidemia","CDC","content"
"/health/dyslipidemia","/health/dyslipidemia","NIH/NHLBI","content"
"/health/dyslipidemia","/health/dyslipidemia","NIH/NHLBI","content"
"/health/dyslipidemia","/health/hypertension","혈압 기록도 함께 볼 때 필요한 측정 안내","content"
"/health/dyslipidemia","/health/type-2-diabetes","함께 확인하는 혈당 검사와 당뇨병 안내","content"
"/health/dyslipidemia","/health/dyslipidemia","NIH/NHLBI","content"
"/health/dyslipidemia","/health/dyslipidemia","NIH/NHLBI","content"
"/health/dyslipidemia","/health/dyslipidemia","NIH/NHLBI","content"
"/health/dyslipidemia","/health/tools/dyslipidemia-visit-card","지질검사 진료 질문 카드 열기","content"
"/health/dyslipidemia","/health/guides/medication-list","약·보충제 목록 준비하기","content"
"/health/dyslipidemia","/health/dyslipidemia","질병관리청 국가건강정보포털","content"
"/health/dyslipidemia","/health/dyslipidemia","질병관리청 국가건강정보포털","content"
"/health/dyslipidemia","/health/dyslipidemia","NIH/NHLBI","content"
"/health/dyslipidemia","/health/guides/appointment-questions","기대 효과·부작용·추적검사를 질문으로 정리하기","content"
"/health/dyslipidemia","/health/dyslipidemia","질병관리청 국가건강정보포털","content"
"/health/dyslipidemia","/health/dyslipidemia","NIH/NHLBI","content"
"/health/dyslipidemia","/health/guides/danger-signals","119 도움을 먼저 구할 위험 신호","content"
"/health/dyslipidemia","/health/dyslipidemia","NIH/NHLBI","content"
"/health/dyslipidemia","/health/dyslipidemia","질병관리청 국가건강정보포털","content"
"/health/dyslipidemia","/health/dyslipidemia","질병관리청 국가건강정보포털","content"
"/health/dyslipidemia","/health/dyslipidemia","NIH/NHLBI","content"
"/health/dyslipidemia","/health/dyslipidemia","NIH/NHLBI","content"
"/health/dyslipidemia","/health/dyslipidemia","질병관리청 국가건강정보포털","content"
"/health/dyslipidemia","/health/dyslipidemia","질병관리청 국가건강정보포털","content"
"/health/dyslipidemia","/health/dyslipidemia","NIH/NHLBI","content"
"/health/dyslipidemia","/health/dyslipidemia","질병관리청 국가건강정보포털","content"
"/health/dyslipidemia","/health/dyslipidemia","CDC","content"
"/health/dyslipidemia","/health/dyslipidemia","질병관리청 국가건강정보포털","content"
"/health/dyslipidemia","/health/dyslipidemia","질병관리청 국가건강정보포털","content"
"/health/dyslipidemia","/health/dyslipidemia","NIH/NHLBI","content"
"/health/dyslipidemia","/health/dyslipidemia","NIH/NHLBI","content"
"/health/dyslipidemia","/health/dyslipidemia","NIH/NHLBI","content"
"/health/dyslipidemia","/health/dyslipidemia","질병관리청 국가건강정보포털","content"
"/health/dyslipidemia","/health/trust/sources-policy","출처 선정 기준","content"
"/health/dyslipidemia","/health/trust/editorial-policy","편집 원칙","content"
"/health/dyslipidemia","/health/trust/medical-review-policy","의료 검수 현재 상태","content"
"/health/dyslipidemia","/health","건강 가이드 전체 보기","content"
"/health/dyslipidemia","/health/tools/dyslipidemia-visit-card","지질검사 진료 질문지검사 원본·식사 조건·현재 이력을 모아 개인 목표와 다음 검사 계획을 묻는 인쇄 질문지입니다.","content"
"/health/dyslipidemia","/health","20개 질환 안내","navigation"
"/health/dyslipidemia","/health/guides/danger-signals","위험 신호","navigation"
"/health/dyslipidemia","/health/guides/appointment-questions","진료 질문 준비","navigation"
"/health/dyslipidemia","/health","건강 기록 도구","navigation"
"/health/dyslipidemia","/health/trust/author","작성자","navigation"
"/health/dyslipidemia","/health/trust/sources-policy","출처 원칙","navigation"
"/health/dyslipidemia","/health/trust/corrections-policy","정정·문의","navigation"
"/health/dyslipidemia","/health/trust/ai-disclosure","AI 활용 공개","navigation"
"/health/dyslipidemia","/health/trust/advertising","광고 정책","navigation"
"/health/dyslipidemia","/health/trust/disclaimer","면책 안내","navigation"
"/health/dyslipidemia","/health/trust/privacy","개인정보","navigation"
"/health/dyslipidemia","/health/trust/terms","이용약관","navigation"
"/health/gastroesophageal-reflux-disease","/health/gastroesophageal-reflux-disease","본문으로 건너뛰기","content"
"/health/gastroesophageal-reflux-disease","/","OONURIM오누림","navigation"
"/health/gastroesophageal-reflux-disease","/health","질환 알아보기","navigation"
"/health/gastroesophageal-reflux-disease","/health/guides/danger-signals","몸이 보내는 신호","navigation"
"/health/gastroesophageal-reflux-disease","/health/guides/reading-health-results","검사·건강수치","navigation"
"/health/gastroesophageal-reflux-disease","/health/guides/family-medication-support","가족 건강","navigation"
"/health/gastroesophageal-reflux-disease","/health","건강 도구","navigation"
"/health/gastroesophageal-reflux-disease","/health/trust/about","오누림 소개","navigation"
"/health/gastroesophageal-reflux-disease","/health/trust/author","박영훈 · 비의료인 건강정보 편집자","navigation"
"/health/gastroesophageal-reflux-disease","/health/gastroesophageal-reflux-disease","응급 신호와 119 안내 바로 보기","content"
"/health/gastroesophageal-reflux-disease","/health/gastroesophageal-reflux-disease","SRC-KDCA-GERD","content"
"/health/gastroesophageal-reflux-disease","/health/gastroesophageal-reflux-disease","SRC-NIDDK-GERD-DEFINITION","content"
"/health/gastroesophageal-reflux-disease","/health/acute-myocardial-infarction","심근경색 의심 신호와119 행동","content"
"/health/gastroesophageal-reflux-disease","/health/gastroesophageal-reflux-disease","NIH/NHLBI","content"
"/health/gastroesophageal-reflux-disease","/health/gastroesophageal-reflux-disease","질병관리청 국가건강정보포털","content"
"/health/gastroesophageal-reflux-disease","/health/gastroesophageal-reflux-disease","NIH/NIDDK","content"
"/health/gastroesophageal-reflux-disease","/health/guides/reading-health-results","검사 소견과 다음 진료 질문 나누기","content"
"/health/gastroesophageal-reflux-disease","/health/gastroesophageal-reflux-disease","질병관리청 국가건강정보포털","content"
"/health/gastroesophageal-reflux-disease","/health/gastroesophageal-reflux-disease","NIH/NIDDK","content"
"/health/gastroesophageal-reflux-disease","/health/gastroesophageal-reflux-disease","NIH/NIDDK","content"
"/health/gastroesophageal-reflux-disease","/health/gastroesophageal-reflux-disease","질병관리청 국가건강정보포털","content"
"/health/gastroesophageal-reflux-disease","/health/gastroesophageal-reflux-disease","NIH/NIDDK","content"
"/health/gastroesophageal-reflux-disease","/health/tools/gerd-symptom-timing-log","식사·자세·증상 시간 기록표","content"
"/health/gastroesophageal-reflux-disease","/health/gastroesophageal-reflux-disease","NIH/NIDDK","content"
"/health/gastroesophageal-reflux-disease","/health/gastroesophageal-reflux-disease","NIH/NIDDK","content"
"/health/gastroesophageal-reflux-disease","/health/gastroesophageal-reflux-disease","NHS","content"
"/health/gastroesophageal-reflux-disease","/health/tools/gerd-appointment-prep","위식도역류 검사·치료 질문 카드","content"
"/health/gastroesophageal-reflux-disease","/health/gastroesophageal-reflux-disease","NIH/NIDDK","content"
"/health/gastroesophageal-reflux-disease","/health/guides/medication-list","일반의약품까지 복용약 목록에 정리","content"
"/health/gastroesophageal-reflux-disease","/health/gastroesophageal-reflux-disease","NIH/NIDDK","content"
"/health/gastroesophageal-reflux-disease","/health/gastroesophageal-reflux-disease","NHS","content"
"/health/gastroesophageal-reflux-disease","/health/guides/danger-signals","응급 도움과 진료 상담의 경계","content"
"/health/gastroesophageal-reflux-disease","/health/gastroesophageal-reflux-disease","NIH/NIDDK","content"
"/health/gastroesophageal-reflux-disease","/health/gastroesophageal-reflux-disease","NHS","content"
"/health/gastroesophageal-reflux-disease","/health/gastroesophageal-reflux-disease","NIH/NHLBI","content"
"/health/gastroesophageal-reflux-disease","/health/gastroesophageal-reflux-disease","질병관리청 국가건강정보포털","content"
"/health/gastroesophageal-reflux-disease","/health/gastroesophageal-reflux-disease","NIH/NIDDK","content"
"/health/gastroesophageal-reflux-disease","/health/gastroesophageal-reflux-disease","NIH/NHLBI","content"
"/health/gastroesophageal-reflux-disease","/health/gastroesophageal-reflux-disease","질병관리청 국가건강정보포털","content"
"/health/gastroesophageal-reflux-disease","/health/gastroesophageal-reflux-disease","NIH/NIDDK","content"
"/health/gastroesophageal-reflux-disease","/health/gastroesophageal-reflux-disease","NIH/NIDDK","content"
"/health/gastroesophageal-reflux-disease","/health/gastroesophageal-reflux-disease","NIH/NIDDK","content"
"/health/gastroesophageal-reflux-disease","/health/gastroesophageal-reflux-disease","질병관리청 국가건강정보포털","content"
"/health/gastroesophageal-reflux-disease","/health/gastroesophageal-reflux-disease","NHS","content"
"/health/gastroesophageal-reflux-disease","/health/trust/sources-policy","출처 선정 기준","content"
"/health/gastroesophageal-reflux-disease","/health/trust/editorial-policy","편집 원칙","content"
"/health/gastroesophageal-reflux-disease","/health/trust/medical-review-policy","의료 검수 현재 상태","content"
"/health/gastroesophageal-reflux-disease","/health","건강 가이드 전체 보기","content"
"/health/gastroesophageal-reflux-disease","/health/tools/gerd-symptom-timing-log","역류 증상·시간 기록표식사·자세·수면과 불편의 흐름을 적는 관찰표입니다.","content"
"/health/gastroesophageal-reflux-disease","/health/tools/gerd-everyday-patterns","역류 생활 패턴 관찰 체크이미 바꾼 일과 관찰 사실을 구분하는 기록표 보조 도구입니다.","content"
"/health/gastroesophageal-reflux-disease","/health/tools/gerd-appointment-prep","위식도역류 진료 준비 카드증상·약·검사 필요 여부를 묻기 위한 질문 카드입니다.","content"
"/health/gastroesophageal-reflux-disease","/health","20개 질환 안내","navigation"
"/health/gastroesophageal-reflux-disease","/health/guides/danger-signals","위험 신호","navigation"
"/health/gastroesophageal-reflux-disease","/health/guides/appointment-questions","진료 질문 준비","navigation"
"/health/gastroesophageal-reflux-disease","/health","건강 기록 도구","navigation"
"/health/gastroesophageal-reflux-disease","/health/trust/author","작성자","navigation"
"/health/gastroesophageal-reflux-disease","/health/trust/sources-policy","출처 원칙","navigation"
"/health/gastroesophageal-reflux-disease","/health/trust/corrections-policy","정정·문의","navigation"
"/health/gastroesophageal-reflux-disease","/health/trust/ai-disclosure","AI 활용 공개","navigation"
"/health/gastroesophageal-reflux-disease","/health/trust/advertising","광고 정책","navigation"
"/health/gastroesophageal-reflux-disease","/health/trust/disclaimer","면책 안내","navigation"
"/health/gastroesophageal-reflux-disease","/health/trust/privacy","개인정보","navigation"
"/health/gastroesophageal-reflux-disease","/health/trust/terms","이용약관","navigation"
"/health/gout","/health/gout","본문으로 건너뛰기","content"
"/health/gout","/","OONURIM오누림","navigation"
"/health/gout","/health","질환 알아보기","navigation"
"/health/gout","/health/guides/danger-signals","몸이 보내는 신호","navigation"
"/health/gout","/health/guides/reading-health-results","검사·건강수치","navigation"
"/health/gout","/health/guides/family-medication-support","가족 건강","navigation"
"/health/gout","/health","건강 도구","navigation"
"/health/gout","/health/trust/about","오누림 소개","navigation"
"/health/gout","/health/trust/author","박영훈 · 비의료인 건강정보 편집자","navigation"
"/health/gout","/health/gout","응급 신호와 119 안내 바로 보기","content"
"/health/gout","/health/gout","SRC-NIAMS-GOUT","content"
"/health/gout","/health/gout","SRC-NIAMS-GOUT-DIAGNOSIS","content"
"/health/gout","/health/gout","NIH/NIAMS","content"
"/health/gout","/health/gout","질병관리청 국가건강정보포털","content"
"/health/gout","/health/gout","American College of Rheumatology","content"
"/health/gout","/health/guides/reading-health-results","검사 수치와 진단을 구분해 읽기","content"
"/health/gout","/health/gout","질병관리청 국가건강정보포털","content"
"/health/gout","/health/gout","NIH/MedlinePlus","content"
"/health/gout","/health/gout","American College of Rheumatology","content"
"/health/gout","/health/guides/danger-signals","기록보다 도움 요청이 먼저인 위험 신호","content"
"/health/gout","/health/gout","NHS","content"
"/health/gout","/health/gout","NHS","content"
"/health/gout","/health/gout","NHS","content"
"/health/gout","/health/gout","NIH/MedlinePlus","content"
"/health/gout","/health/osteoarthritis","골관절염도 통증 위치만으로 판단하지 않기","content"
"/health/gout","/health/gout","NIH/NIAMS","content"
"/health/gout","/health/gout","질병관리청 국가건강정보포털","content"
"/health/gout","/health/gout","NIH/MedlinePlus","content"
"/health/gout","/health/guides/medication-list","처방약·일반약·보충제를 함께 알리는 약 목록","content"
"/health/gout","/health/gout","NIH/NIAMS","content"
"/health/gout","/health/gout","NHS","content"
"/health/gout","/health/gout","American College of Rheumatology","content"
"/health/gout","/health/tools/gout-visit-card","통풍 관찰·진료 질문 카드","content"
"/health/gout","/health/guides/appointment-questions","진료 마지막에 다음 행동을 확인하는 질문","content"
"/health/gout","/health/gout","NIH/NIAMS","content"
"/health/gout","/health/gout","American College of Rheumatology","content"
"/health/gout","/health/obesity","비난보다 건강·생활 변화를 함께 상담하기","content"
"/health/gout","/health/gout","NIH/NIAMS","content"
"/health/gout","/health/gout","NIH/MedlinePlus","content"
"/health/gout","/health/gout","질병관리청 국가건강정보포털","content"
"/health/gout","/health/gout","NIH/MedlinePlus","content"
"/health/gout","/health/gout","American College of Rheumatology","content"
"/health/gout","/health/gout","질병관리청 국가건강정보포털","content"
"/health/gout","/health/gout","NHS","content"
"/health/gout","/health/gout","NIH/NIAMS","content"
"/health/gout","/health/gout","NHS","content"
"/health/gout","/health/gout","NIH/NIAMS","content"
"/health/gout","/health/gout","NHS","content"
"/health/gout","/health/gout","NIH/NIAMS","content"
"/health/gout","/health/gout","American College of Rheumatology","content"
"/health/gout","/health/gout","NHS","content"
"/health/gout","/health/gout","NHS","content"
"/health/gout","/health/trust/sources-policy","출처 선정 기준","content"
"/health/gout","/health/trust/editorial-policy","편집 원칙","content"
"/health/gout","/health/trust/medical-review-policy","의료 검수 현재 상태","content"
"/health/gout","/health","건강 가이드 전체 보기","content"
"/health/gout","/health/tools/gout-visit-card","통풍 진료 질문지관절 변화·요산 검사 원본·실제 약을 준비해 이번 통증과 이후 관리의 질문을 나누는 인쇄 양식입니다.","content"
"/health/gout","/health","20개 질환 안내","navigation"
"/health/gout","/health/guides/danger-signals","위험 신호","navigation"
"/health/gout","/health/guides/appointment-questions","진료 질문 준비","navigation"
"/health/gout","/health","건강 기록 도구","navigation"
"/health/gout","/health/trust/author","작성자","navigation"
"/health/gout","/health/trust/sources-policy","출처 원칙","navigation"
"/health/gout","/health/trust/corrections-policy","정정·문의","navigation"
"/health/gout","/health/trust/ai-disclosure","AI 활용 공개","navigation"
"/health/gout","/health/trust/advertising","광고 정책","navigation"
"/health/gout","/health/trust/disclaimer","면책 안내","navigation"
"/health/gout","/health/trust/privacy","개인정보","navigation"
"/health/gout","/health/trust/terms","이용약관","navigation"
"/health/guides/appointment-questions","/health/guides/appointment-questions","본문으로 건너뛰기","content"
"/health/guides/appointment-questions","/","OONURIM오누림","navigation"
"/health/guides/appointment-questions","/health","질환 알아보기","navigation"
"/health/guides/appointment-questions","/health/guides/danger-signals","몸이 보내는 신호","navigation"
"/health/guides/appointment-questions","/health/guides/reading-health-results","검사·건강수치","navigation"
"/health/guides/appointment-questions","/health/guides/family-medication-support","가족 건강","navigation"
"/health/guides/appointment-questions","/health","건강 도구","navigation"
"/health/guides/appointment-questions","/health/trust/about","오누림 소개","navigation"
"/health/guides/appointment-questions","/health/trust/author","박영훈 · 비의료인 건강정보 편집자","navigation"
"/health/guides/appointment-questions","/health/trust/medical-review-policy","면허 의료인 검수 미완료","navigation"
"/health/guides/appointment-questions","/health/guides/symptom-journal","증상이 언제·어떻게 달라졌는지 짧게 정리","content"
"/health/guides/appointment-questions","/health/guides/medication-list","약·보충제와 복용 정보를 빠뜨리지 않고 준비","content"
"/health/guides/appointment-questions","/health/guides/appointment-questions","AHRQ","content"
"/health/guides/appointment-questions","/health/guides/appointment-questions","NHS","content"
"/health/guides/appointment-questions","/health/guides/appointment-questions","NIH/NLM MedlinePlus","content"
"/health/guides/appointment-questions","/health/guides/reading-health-results","검사 결과의 표시를 다음 질문으로 바꾸기","content"
"/health/guides/appointment-questions","/health/guides/appointment-questions","AHRQ","content"
"/health/guides/appointment-questions","/health/guides/appointment-questions","NHS","content"
"/health/guides/appointment-questions","/health/guides/appointment-questions","AHRQ","content"
"/health/guides/appointment-questions","/health/guides/appointment-questions","NHS","content"
"/health/guides/appointment-questions","/health/guides/appointment-questions","NIH/NLM MedlinePlus","content"
"/health/guides/appointment-questions","/health/guides/appointment-questions","NHS","content"
"/health/guides/appointment-questions","/health/guides/appointment-questions","AHRQ","content"
"/health/guides/appointment-questions","/health/guides/appointment-questions","NIH/NLM MedlinePlus","content"
"/health/guides/appointment-questions","/health/guides/appointment-questions","AHRQ","content"
"/health/guides/appointment-questions","/health/guides/appointment-questions","NHS","content"
"/health/guides/appointment-questions","/health/guides/appointment-questions","NIH/NLM MedlinePlus","content"
"/health/guides/appointment-questions","/health/guides/danger-signals","예약·질문보다 도움 요청이 먼저인 위험 신호","content"
"/health/guides/appointment-questions","/health/guides/appointment-questions","MedlinePlus Medical Encyclopedia / A.D.A.M.","content"
"/health/guides/appointment-questions","/health/guides/appointment-questions","NHS","content"
"/health/guides/appointment-questions","/health/guides/appointment-questions","AHRQ","content"
"/health/guides/appointment-questions","/health/guides/appointment-questions","NHS","content"
"/health/guides/appointment-questions","/health/guides/appointment-questions","NHS","content"
"/health/guides/appointment-questions","/health/guides/appointment-questions","NIH/NLM MedlinePlus","content"
"/health/guides/appointment-questions","/health/guides/appointment-questions","AHRQ","content"
"/health/guides/appointment-questions","/health/guides/appointment-questions","NHS","content"
"/health/guides/appointment-questions","/health/guides/appointment-questions","AHRQ","content"
"/health/guides/appointment-questions","/health/guides/appointment-questions","NIH/NLM MedlinePlus","content"
"/health/guides/appointment-questions","/health/guides/appointment-questions","NHS","content"
"/health/guides/appointment-questions","/health/guides/appointment-questions","AHRQ","content"
"/health/guides/appointment-questions","/health/trust/sources-policy","출처 선정 기준","content"
"/health/guides/appointment-questions","/health/trust/editorial-policy","편집 원칙","content"
"/health/guides/appointment-questions","/health/trust/corrections-policy","오류 제보·정정 절차","content"
"/health/guides/appointment-questions","/health","건강 가이드 전체 보기","content"
"/health/guides/appointment-questions","/health","20개 질환 안내","navigation"
"/health/guides/appointment-questions","/health/guides/danger-signals","위험 신호","navigation"
"/health/guides/appointment-questions","/health/guides/appointment-questions","진료 질문 준비","navigation"
"/health/guides/appointment-questions","/health","건강 기록 도구","navigation"
"/health/guides/appointment-questions","/health/trust/author","작성자","navigation"
"/health/guides/appointment-questions","/health/trust/sources-policy","출처 원칙","navigation"
"/health/guides/appointment-questions","/health/trust/corrections-policy","정정·문의","navigation"
"/health/guides/appointment-questions","/health/trust/ai-disclosure","AI 활용 공개","navigation"
"/health/guides/appointment-questions","/health/trust/advertising","광고 정책","navigation"
"/health/guides/appointment-questions","/health/trust/disclaimer","면책 안내","navigation"
"/health/guides/appointment-questions","/health/trust/privacy","개인정보","navigation"
"/health/guides/appointment-questions","/health/trust/terms","이용약관","navigation"
"/health/guides/danger-signals","/health/guides/danger-signals","본문으로 건너뛰기","content"
"/health/guides/danger-signals","/","OONURIM오누림","navigation"
"/health/guides/danger-signals","/health","질환 알아보기","navigation"
"/health/guides/danger-signals","/health/guides/danger-signals","몸이 보내는 신호","navigation"
"/health/guides/danger-signals","/health/guides/reading-health-results","검사·건강수치","navigation"
"/health/guides/danger-signals","/health/guides/family-medication-support","가족 건강","navigation"
"/health/guides/danger-signals","/health","건강 도구","navigation"
"/health/guides/danger-signals","/health/trust/about","오누림 소개","navigation"
"/health/guides/danger-signals","/health/trust/author","박영훈 · 비의료인 건강정보 편집자","navigation"
"/health/guides/danger-signals","/health/trust/medical-review-policy","면허 의료인 검수 미완료","navigation"
"/health/guides/danger-signals","/health/guides/danger-signals","질병관리청 국가건강정보포털","content"
"/health/guides/danger-signals","/health/guides/danger-signals","CDC","content"
"/health/guides/danger-signals","/health/guides/danger-signals","NIH/NHLBI","content"
"/health/guides/danger-signals","/health/guides/danger-signals","NHS","content"
"/health/guides/danger-signals","/health/guides/danger-signals","MedlinePlus Medical Encyclopedia / A.D.A.M.","content"
"/health/guides/danger-signals","/health/stroke","평소에 알아둘 뇌졸중의 갑작스러운 신호","content"
"/health/guides/danger-signals","/health/acute-myocardial-infarction","심한 흉통만 기다리면 안 되는 이유","content"
"/health/guides/danger-signals","/health/guides/danger-signals","CDC","content"
"/health/guides/danger-signals","/health/guides/danger-signals","NIH/NHLBI","content"
"/health/guides/danger-signals","/health/depression","평소 우울 신호와 주변의 도움을 이해하기","content"
"/health/guides/danger-signals","/health/guides/danger-signals","MedlinePlus Medical Encyclopedia / A.D.A.M.","content"
"/health/guides/danger-signals","/health/guides/danger-signals","보건복지부","content"
"/health/guides/danger-signals","/health/guides/danger-signals","소방청","content"
"/health/guides/danger-signals","/health/guides/danger-signals","소방청","content"
"/health/guides/danger-signals","/health/guides/danger-signals","NIH/NHLBI","content"
"/health/guides/danger-signals","/health/guides/danger-signals","NHS","content"
"/health/guides/danger-signals","/health/guides/symptom-journal","급하지 않은 때 진료에 가져갈 증상 기록","content"
"/health/guides/danger-signals","/health/guides/appointment-questions","진료 시점·악화 시 행동을 확인할 질문","content"
"/health/guides/danger-signals","/health/guides/danger-signals","MedlinePlus Medical Encyclopedia / A.D.A.M.","content"
"/health/guides/danger-signals","/health/guides/danger-signals","소방청","content"
"/health/guides/danger-signals","/health/guides/danger-signals","NHS","content"
"/health/guides/danger-signals","/health/guides/danger-signals","CDC","content"
"/health/guides/danger-signals","/health/guides/danger-signals","질병관리청 국가건강정보포털","content"
"/health/guides/danger-signals","/health/guides/danger-signals","CDC","content"
"/health/guides/danger-signals","/health/guides/danger-signals","NIH/NHLBI","content"
"/health/guides/danger-signals","/health/guides/danger-signals","MedlinePlus Medical Encyclopedia / A.D.A.M.","content"
"/health/guides/danger-signals","/health/guides/danger-signals","보건복지부","content"
"/health/guides/danger-signals","/health/guides/danger-signals","소방청","content"
"/health/guides/danger-signals","/health/guides/danger-signals","MedlinePlus Medical Encyclopedia / A.D.A.M.","content"
"/health/guides/danger-signals","/health/trust/sources-policy","출처 선정 기준","content"
"/health/guides/danger-signals","/health/trust/editorial-policy","편집 원칙","content"
"/health/guides/danger-signals","/health/trust/corrections-policy","오류 제보·정정 절차","content"
"/health/guides/danger-signals","/health","건강 가이드 전체 보기","content"
"/health/guides/danger-signals","/health","20개 질환 안내","navigation"
"/health/guides/danger-signals","/health/guides/danger-signals","위험 신호","navigation"
"/health/guides/danger-signals","/health/guides/appointment-questions","진료 질문 준비","navigation"
"/health/guides/danger-signals","/health","건강 기록 도구","navigation"
"/health/guides/danger-signals","/health/trust/author","작성자","navigation"
"/health/guides/danger-signals","/health/trust/sources-policy","출처 원칙","navigation"
"/health/guides/danger-signals","/health/trust/corrections-policy","정정·문의","navigation"
"/health/guides/danger-signals","/health/trust/ai-disclosure","AI 활용 공개","navigation"
"/health/guides/danger-signals","/health/trust/advertising","광고 정책","navigation"
"/health/guides/danger-signals","/health/trust/disclaimer","면책 안내","navigation"
"/health/guides/danger-signals","/health/trust/privacy","개인정보","navigation"
"/health/guides/danger-signals","/health/trust/terms","이용약관","navigation"
"/health/guides/family-medication-support","/health/guides/family-medication-support","본문으로 건너뛰기","content"
"/health/guides/family-medication-support","/","OONURIM오누림","navigation"
"/health/guides/family-medication-support","/health","질환 알아보기","navigation"
"/health/guides/family-medication-support","/health/guides/danger-signals","몸이 보내는 신호","navigation"
"/health/guides/family-medication-support","/health/guides/reading-health-results","검사·건강수치","navigation"
"/health/guides/family-medication-support","/health/guides/family-medication-support","가족 건강","navigation"
"/health/guides/family-medication-support","/health","건강 도구","navigation"
"/health/guides/family-medication-support","/health/trust/about","오누림 소개","navigation"
"/health/guides/family-medication-support","/health/trust/author","박영훈 · 비의료인 건강정보 편집자","navigation"
"/health/guides/family-medication-support","/health/trust/medical-review-policy","면허 의료인 검수 미완료","navigation"
"/health/guides/family-medication-support","/health/tools/family-support-checklist","당사자가 원하는 도움을 함께 확인할 가족 지원표","content"
"/health/guides/family-medication-support","/health/guides/family-medication-support","NHS","content"
"/health/guides/family-medication-support","/health/guides/appointment-questions","진료에서 선택지와 다음 행동을 확인할 질문","content"
"/health/guides/family-medication-support","/health/guides/family-medication-support","NHS","content"
"/health/guides/family-medication-support","/health/guides/family-medication-support","U.S. FDA","content"
"/health/guides/family-medication-support","/health/guides/medication-list","이름·복용 정보·일반약·보충제를 한 목록으로 정리","content"
"/health/guides/family-medication-support","/health/guides/family-medication-support","U.S. FDA","content"
"/health/guides/family-medication-support","/health/guides/family-medication-support","U.S. FDA","content"
"/health/guides/family-medication-support","/health/guides/family-medication-support","NHS","content"
"/health/guides/family-medication-support","/health/guides/older-parent-health-organizer","부모님과 합의한 정보·연락처·변경사항 정리","content"
"/health/guides/family-medication-support","/health/guides/family-medication-support","U.S. FDA / Office of Women's Health","content"
"/health/guides/family-medication-support","/health/guides/family-medication-support","U.S. FDA","content"
"/health/guides/family-medication-support","/health/guides/family-medication-support","NHS","content"
"/health/guides/family-medication-support","/health/guides/danger-signals","복약 확인보다 119가 먼저인 다른 위험 신호","content"
"/health/guides/family-medication-support","/health/guides/family-medication-support","MedlinePlus Medical Encyclopedia / A.D.A.M.","content"
"/health/guides/family-medication-support","/health/guides/family-medication-support","U.S. FDA","content"
"/health/guides/family-medication-support","/health/guides/family-medication-support","U.S. FDA","content"
"/health/guides/family-medication-support","/health/guides/family-medication-support","NHS","content"
"/health/guides/family-medication-support","/health/guides/family-medication-support","U.S. FDA","content"
"/health/guides/family-medication-support","/health/guides/family-medication-support","NHS","content"
"/health/guides/family-medication-support","/health/guides/family-medication-support","U.S. FDA","content"
"/health/guides/family-medication-support","/health/guides/family-medication-support","NHS","content"
"/health/guides/family-medication-support","/health/guides/family-medication-support","U.S. FDA","content"
"/health/guides/family-medication-support","/health/guides/family-medication-support","U.S. FDA","content"
"/health/guides/family-medication-support","/health/guides/family-medication-support","NHS","content"
"/health/guides/family-medication-support","/health/guides/family-medication-support","U.S. FDA","content"
"/health/guides/family-medication-support","/health/guides/family-medication-support","U.S. FDA / Office of Women's Health","content"
"/health/guides/family-medication-support","/health/guides/family-medication-support","NHS","content"
"/health/guides/family-medication-support","/health/trust/sources-policy","출처 선정 기준","content"
"/health/guides/family-medication-support","/health/trust/editorial-policy","편집 원칙","content"
"/health/guides/family-medication-support","/health/trust/corrections-policy","오류 제보·정정 절차","content"
"/health/guides/family-medication-support","/health","건강 가이드 전체 보기","content"
"/health/guides/family-medication-support","/health","20개 질환 안내","navigation"
"/health/guides/family-medication-support","/health/guides/danger-signals","위험 신호","navigation"
"/health/guides/family-medication-support","/health/guides/appointment-questions","진료 질문 준비","navigation"
"/health/guides/family-medication-support","/health","건강 기록 도구","navigation"
"/health/guides/family-medication-support","/health/trust/author","작성자","navigation"
"/health/guides/family-medication-support","/health/trust/sources-policy","출처 원칙","navigation"
"/health/guides/family-medication-support","/health/trust/corrections-policy","정정·문의","navigation"
"/health/guides/family-medication-support","/health/trust/ai-disclosure","AI 활용 공개","navigation"
"/health/guides/family-medication-support","/health/trust/advertising","광고 정책","navigation"
"/health/guides/family-medication-support","/health/trust/disclaimer","면책 안내","navigation"
"/health/guides/family-medication-support","/health/trust/privacy","개인정보","navigation"
"/health/guides/family-medication-support","/health/trust/terms","이용약관","navigation"
"/health/guides/measuring-blood-pressure","/health/guides/measuring-blood-pressure","본문으로 건너뛰기","content"
"/health/guides/measuring-blood-pressure","/","OONURIM오누림","navigation"
"/health/guides/measuring-blood-pressure","/health","질환 알아보기","navigation"
"/health/guides/measuring-blood-pressure","/health/guides/danger-signals","몸이 보내는 신호","navigation"
"/health/guides/measuring-blood-pressure","/health/guides/reading-health-results","검사·건강수치","navigation"
"/health/guides/measuring-blood-pressure","/health/guides/family-medication-support","가족 건강","navigation"
"/health/guides/measuring-blood-pressure","/health","건강 도구","navigation"
"/health/guides/measuring-blood-pressure","/health/trust/about","오누림 소개","navigation"
"/health/guides/measuring-blood-pressure","/health/trust/author","박영훈 · 비의료인 건강정보 편집자","navigation"
"/health/guides/measuring-blood-pressure","/health/trust/medical-review-policy","면허 의료인 검수 미완료","navigation"
"/health/guides/measuring-blood-pressure","/health/guides/danger-signals","측정·기록보다 도움 요청이 먼저인 다른 위험 신호","content"
"/health/guides/measuring-blood-pressure","/health/guides/measuring-blood-pressure","NIH/NHLBI","content"
"/health/guides/measuring-blood-pressure","/health/guides/measuring-blood-pressure","CDC","content"
"/health/guides/measuring-blood-pressure","/health/guides/measuring-blood-pressure","NHS","content"
"/health/guides/measuring-blood-pressure","/health/tools/blood-pressure-prep","기기와 함께 확인할 가정혈압 측정 준비표","content"
"/health/guides/measuring-blood-pressure","/health/guides/measuring-blood-pressure","American Heart Association","content"
"/health/guides/measuring-blood-pressure","/health/guides/measuring-blood-pressure","NHS","content"
"/health/guides/measuring-blood-pressure","/health/guides/measuring-blood-pressure","American Heart Association","content"
"/health/guides/measuring-blood-pressure","/health/guides/measuring-blood-pressure","CDC","content"
"/health/guides/measuring-blood-pressure","/health/guides/measuring-blood-pressure","American Heart Association","content"
"/health/guides/measuring-blood-pressure","/health/guides/measuring-blood-pressure","CDC","content"
"/health/guides/measuring-blood-pressure","/health/guides/measuring-blood-pressure","NHS","content"
"/health/guides/measuring-blood-pressure","/health/tools/blood-pressure-log","측정값과 상황을 함께 적을 혈압 기록표","content"
"/health/guides/measuring-blood-pressure","/health/guides/measuring-blood-pressure","American Heart Association","content"
"/health/guides/measuring-blood-pressure","/health/guides/measuring-blood-pressure","CDC","content"
"/health/guides/measuring-blood-pressure","/health/guides/measuring-blood-pressure","NHS","content"
"/health/guides/measuring-blood-pressure","/health/hypertension","백의·가면 고혈압과 진단 과정을 이해하기","content"
"/health/guides/measuring-blood-pressure","/health/tools/blood-pressure-questions","기록 차이와 다음 측정 계획을 물을 진료 질문지","content"
"/health/guides/measuring-blood-pressure","/health/guides/measuring-blood-pressure","American Heart Association","content"
"/health/guides/measuring-blood-pressure","/health/guides/measuring-blood-pressure","CDC","content"
"/health/guides/measuring-blood-pressure","/health/guides/measuring-blood-pressure","American Heart Association","content"
"/health/guides/measuring-blood-pressure","/health/guides/measuring-blood-pressure","CDC","content"
"/health/guides/measuring-blood-pressure","/health/guides/measuring-blood-pressure","American Heart Association","content"
"/health/guides/measuring-blood-pressure","/health/guides/measuring-blood-pressure","NIH/NHLBI","content"
"/health/guides/measuring-blood-pressure","/health/guides/measuring-blood-pressure","CDC","content"
"/health/guides/measuring-blood-pressure","/health/guides/measuring-blood-pressure","American Heart Association","content"
"/health/guides/measuring-blood-pressure","/health/guides/measuring-blood-pressure","CDC","content"
"/health/guides/measuring-blood-pressure","/health/guides/measuring-blood-pressure","NHS","content"
"/health/guides/measuring-blood-pressure","/health/guides/measuring-blood-pressure","American Heart Association","content"
"/health/guides/measuring-blood-pressure","/health/guides/measuring-blood-pressure","American Heart Association","content"
"/health/guides/measuring-blood-pressure","/health/trust/sources-policy","출처 선정 기준","content"
"/health/guides/measuring-blood-pressure","/health/trust/editorial-policy","편집 원칙","content"
"/health/guides/measuring-blood-pressure","/health/trust/corrections-policy","오류 제보·정정 절차","content"
"/health/guides/measuring-blood-pressure","/health","건강 가이드 전체 보기","content"
"/health/guides/measuring-blood-pressure","/health","20개 질환 안내","navigation"
"/health/guides/measuring-blood-pressure","/health/guides/danger-signals","위험 신호","navigation"
"/health/guides/measuring-blood-pressure","/health/guides/appointment-questions","진료 질문 준비","navigation"
"/health/guides/measuring-blood-pressure","/health","건강 기록 도구","navigation"
"/health/guides/measuring-blood-pressure","/health/trust/author","작성자","navigation"
"/health/guides/measuring-blood-pressure","/health/trust/sources-policy","출처 원칙","navigation"
"/health/guides/measuring-blood-pressure","/health/trust/corrections-policy","정정·문의","navigation"
"/health/guides/measuring-blood-pressure","/health/trust/ai-disclosure","AI 활용 공개","navigation"
"/health/guides/measuring-blood-pressure","/health/trust/advertising","광고 정책","navigation"
"/health/guides/measuring-blood-pressure","/health/trust/disclaimer","면책 안내","navigation"
"/health/guides/measuring-blood-pressure","/health/trust/privacy","개인정보","navigation"
"/health/guides/measuring-blood-pressure","/health/trust/terms","이용약관","navigation"
"/health/guides/medication-list","/health/guides/medication-list","본문으로 건너뛰기","content"
"/health/guides/medication-list","/","OONURIM오누림","navigation"
"/health/guides/medication-list","/health","질환 알아보기","navigation"
"/health/guides/medication-list","/health/guides/danger-signals","몸이 보내는 신호","navigation"
"/health/guides/medication-list","/health/guides/reading-health-results","검사·건강수치","navigation"
"/health/guides/medication-list","/health/guides/family-medication-support","가족 건강","navigation"
"/health/guides/medication-list","/health","건강 도구","navigation"
"/health/guides/medication-list","/health/trust/about","오누림 소개","navigation"
"/health/guides/medication-list","/health/trust/author","박영훈 · 비의료인 건강정보 편집자","navigation"
"/health/guides/medication-list","/health/trust/medical-review-policy","면허 의료인 검수 미완료","navigation"
"/health/guides/medication-list","/health/guides/medication-list","U.S. FDA","content"
"/health/guides/medication-list","/health/guides/medication-list","U.S. FDA","content"
"/health/guides/medication-list","/health/guides/medication-list","U.S. FDA","content"
"/health/guides/medication-list","/health/guides/medication-list","U.S. FDA","content"
"/health/guides/medication-list","/health/guides/medication-list","U.S. FDA","content"
"/health/guides/medication-list","/health/guides/medication-list","U.S. FDA","content"
"/health/guides/medication-list","/health/guides/family-medication-support","가족이 돕는 범위와 약 관련 어려움을 함께 확인","content"
"/health/guides/medication-list","/health/guides/medication-list","U.S. FDA","content"
"/health/guides/medication-list","/health/guides/medication-list","U.S. FDA","content"
"/health/guides/medication-list","/health/guides/medication-list","U.S. FDA","content"
"/health/guides/medication-list","/health/guides/appointment-questions","약 사용법·주의점·다음 확인을 물을 질문","content"
"/health/guides/medication-list","/health/guides/reading-health-results","검사 준비와 결과 설명 때 약 정보를 알릴 이유","content"
"/health/guides/medication-list","/health/guides/medication-list","U.S. FDA","content"
"/health/guides/medication-list","/health/guides/medication-list","U.S. FDA","content"
"/health/guides/medication-list","/health/guides/medication-list","U.S. FDA","content"
"/health/guides/medication-list","/health/guides/older-parent-health-organizer","부모님과 합의한 정보의 위치·공유·갱신 방법","content"
"/health/guides/medication-list","/health/guides/medication-list","U.S. FDA","content"
"/health/guides/medication-list","/health/guides/danger-signals","목록 정리보다 즉시 도움이 필요한 다른 위험 신호","content"
"/health/guides/medication-list","/health/guides/medication-list","MedlinePlus Medical Encyclopedia / A.D.A.M.","content"
"/health/guides/medication-list","/health/guides/medication-list","U.S. FDA","content"
"/health/guides/medication-list","/health/guides/medication-list","U.S. FDA","content"
"/health/guides/medication-list","/health/guides/medication-list","U.S. FDA","content"
"/health/guides/medication-list","/health/guides/medication-list","U.S. FDA","content"
"/health/guides/medication-list","/health/guides/medication-list","U.S. FDA","content"
"/health/guides/medication-list","/health/guides/medication-list","U.S. FDA","content"
"/health/guides/medication-list","/health/guides/medication-list","U.S. FDA","content"
"/health/guides/medication-list","/health/guides/medication-list","U.S. FDA","content"
"/health/guides/medication-list","/health/guides/medication-list","U.S. FDA","content"
"/health/guides/medication-list","/health/guides/medication-list","U.S. FDA","content"
"/health/guides/medication-list","/health/guides/medication-list","MedlinePlus Medical Encyclopedia / A.D.A.M.","content"
"/health/guides/medication-list","/health/trust/sources-policy","출처 선정 기준","content"
"/health/guides/medication-list","/health/trust/editorial-policy","편집 원칙","content"
"/health/guides/medication-list","/health/trust/corrections-policy","오류 제보·정정 절차","content"
"/health/guides/medication-list","/health","건강 가이드 전체 보기","content"
"/health/guides/medication-list","/health","20개 질환 안내","navigation"
"/health/guides/medication-list","/health/guides/danger-signals","위험 신호","navigation"
"/health/guides/medication-list","/health/guides/appointment-questions","진료 질문 준비","navigation"
"/health/guides/medication-list","/health","건강 기록 도구","navigation"
"/health/guides/medication-list","/health/trust/author","작성자","navigation"
"/health/guides/medication-list","/health/trust/sources-policy","출처 원칙","navigation"
"/health/guides/medication-list","/health/trust/corrections-policy","정정·문의","navigation"
"/health/guides/medication-list","/health/trust/ai-disclosure","AI 활용 공개","navigation"
"/health/guides/medication-list","/health/trust/advertising","광고 정책","navigation"
"/health/guides/medication-list","/health/trust/disclaimer","면책 안내","navigation"
"/health/guides/medication-list","/health/trust/privacy","개인정보","navigation"
"/health/guides/medication-list","/health/trust/terms","이용약관","navigation"
"/health/guides/older-parent-health-organizer","/health/guides/older-parent-health-organizer","본문으로 건너뛰기","content"
"/health/guides/older-parent-health-organizer","/","OONURIM오누림","navigation"
"/health/guides/older-parent-health-organizer","/health","질환 알아보기","navigation"
"/health/guides/older-parent-health-organizer","/health/guides/danger-signals","몸이 보내는 신호","navigation"
"/health/guides/older-parent-health-organizer","/health/guides/reading-health-results","검사·건강수치","navigation"
"/health/guides/older-parent-health-organizer","/health/guides/family-medication-support","가족 건강","navigation"
"/health/guides/older-parent-health-organizer","/health","건강 도구","navigation"
"/health/guides/older-parent-health-organizer","/health/trust/about","오누림 소개","navigation"
"/health/guides/older-parent-health-organizer","/health/trust/author","박영훈 · 비의료인 건강정보 편집자","navigation"
"/health/guides/older-parent-health-organizer","/health/trust/medical-review-policy","면허 의료인 검수 미완료","navigation"
"/health/guides/older-parent-health-organizer","/health/guides/older-parent-health-organizer","NHS","content"
"/health/guides/older-parent-health-organizer","/health/guides/older-parent-health-organizer","NIH/NLM MedlinePlus","content"
"/health/guides/older-parent-health-organizer","/health/guides/medication-list","약 이름·함량·사용법의 상세 목록을 만드는 방법","content"
"/health/guides/older-parent-health-organizer","/health/guides/older-parent-health-organizer","NIH/NLM MedlinePlus","content"
"/health/guides/older-parent-health-organizer","/health/guides/older-parent-health-organizer","U.S. FDA","content"
"/health/guides/older-parent-health-organizer","/health/guides/older-parent-health-organizer","NIH/NLM MedlinePlus","content"
"/health/guides/older-parent-health-organizer","/health/guides/reading-health-results","검사 숫자·참고범위를 확진과 혼동하지 않고 읽기","content"
"/health/guides/older-parent-health-organizer","/health/guides/older-parent-health-organizer","U.S. FDA","content"
"/health/guides/older-parent-health-organizer","/health/guides/older-parent-health-organizer","NIH/NLM MedlinePlus","content"
"/health/guides/older-parent-health-organizer","/health/guides/older-parent-health-organizer","NIH/NLM MedlinePlus","content"
"/health/guides/older-parent-health-organizer","/health/guides/appointment-questions","진료에서 다음 일정·결과·문의처를 확인할 질문","content"
"/health/guides/older-parent-health-organizer","/health/guides/older-parent-health-organizer","NIH/NLM MedlinePlus","content"
"/health/guides/older-parent-health-organizer","/health/guides/family-medication-support","동의한 범위에서 약 혼동·잊음·삼킴 어려움을 돕기","content"
"/health/guides/older-parent-health-organizer","/health/guides/older-parent-health-organizer","NHS","content"
"/health/guides/older-parent-health-organizer","/health/guides/older-parent-health-organizer","U.S. FDA","content"
"/health/guides/older-parent-health-organizer","/health/guides/older-parent-health-organizer","U.S. FDA / Office of Women's Health","content"
"/health/guides/older-parent-health-organizer","/health/guides/danger-signals","건강정보 정리보다 즉시 도움받아야 할 위험 신호","content"
"/health/guides/older-parent-health-organizer","/health/guides/older-parent-health-organizer","MedlinePlus Medical Encyclopedia / A.D.A.M.","content"
"/health/guides/older-parent-health-organizer","/health/guides/older-parent-health-organizer","NIH/NLM MedlinePlus","content"
"/health/guides/older-parent-health-organizer","/health/guides/older-parent-health-organizer","NIH/NLM MedlinePlus","content"
"/health/guides/older-parent-health-organizer","/health/guides/older-parent-health-organizer","U.S. FDA","content"
"/health/guides/older-parent-health-organizer","/health/guides/older-parent-health-organizer","U.S. FDA / Office of Women's Health","content"
"/health/guides/older-parent-health-organizer","/health/guides/older-parent-health-organizer","NIH/NLM MedlinePlus","content"
"/health/guides/older-parent-health-organizer","/health/guides/older-parent-health-organizer","NIH/NLM MedlinePlus","content"
"/health/guides/older-parent-health-organizer","/health/guides/older-parent-health-organizer","NIH/NLM MedlinePlus","content"
"/health/guides/older-parent-health-organizer","/health/guides/older-parent-health-organizer","NIH/NLM MedlinePlus","content"
"/health/guides/older-parent-health-organizer","/health/guides/older-parent-health-organizer","NHS","content"
"/health/guides/older-parent-health-organizer","/health/guides/older-parent-health-organizer","U.S. FDA","content"
"/health/guides/older-parent-health-organizer","/health/guides/older-parent-health-organizer","NIH/NLM MedlinePlus","content"
"/health/guides/older-parent-health-organizer","/health/guides/older-parent-health-organizer","U.S. FDA","content"
"/health/guides/older-parent-health-organizer","/health/trust/sources-policy","출처 선정 기준","content"
"/health/guides/older-parent-health-organizer","/health/trust/editorial-policy","편집 원칙","content"
"/health/guides/older-parent-health-organizer","/health/trust/corrections-policy","오류 제보·정정 절차","content"
"/health/guides/older-parent-health-organizer","/health","건강 가이드 전체 보기","content"
"/health/guides/older-parent-health-organizer","/health","20개 질환 안내","navigation"
"/health/guides/older-parent-health-organizer","/health/guides/danger-signals","위험 신호","navigation"
"/health/guides/older-parent-health-organizer","/health/guides/appointment-questions","진료 질문 준비","navigation"
"/health/guides/older-parent-health-organizer","/health","건강 기록 도구","navigation"
"/health/guides/older-parent-health-organizer","/health/trust/author","작성자","navigation"
"/health/guides/older-parent-health-organizer","/health/trust/sources-policy","출처 원칙","navigation"
"/health/guides/older-parent-health-organizer","/health/trust/corrections-policy","정정·문의","navigation"
"/health/guides/older-parent-health-organizer","/health/trust/ai-disclosure","AI 활용 공개","navigation"
"/health/guides/older-parent-health-organizer","/health/trust/advertising","광고 정책","navigation"
"/health/guides/older-parent-health-organizer","/health/trust/disclaimer","면책 안내","navigation"
"/health/guides/older-parent-health-organizer","/health/trust/privacy","개인정보","navigation"
"/health/guides/older-parent-health-organizer","/health/trust/terms","이용약관","navigation"
"/health/guides/reading-health-results","/health/guides/reading-health-results","본문으로 건너뛰기","content"
"/health/guides/reading-health-results","/","OONURIM오누림","navigation"
"/health/guides/reading-health-results","/health","질환 알아보기","navigation"
"/health/guides/reading-health-results","/health/guides/danger-signals","몸이 보내는 신호","navigation"
"/health/guides/reading-health-results","/health/guides/reading-health-results","검사·건강수치","navigation"
"/health/guides/reading-health-results","/health/guides/family-medication-support","가족 건강","navigation"
"/health/guides/reading-health-results","/health","건강 도구","navigation"
"/health/guides/reading-health-results","/health/trust/about","오누림 소개","navigation"
"/health/guides/reading-health-results","/health/trust/author","박영훈 · 비의료인 건강정보 편집자","navigation"
"/health/guides/reading-health-results","/health/trust/medical-review-policy","면허 의료인 검수 미완료","navigation"
"/health/guides/reading-health-results","/health/guides/understanding-hba1c","HbA1c·당화혈색소와 혈당의 이름·단위를 구분하기","content"
"/health/guides/reading-health-results","/health/guides/reading-health-results","NIH/NLM MedlinePlus","content"
"/health/guides/reading-health-results","/health/guides/reading-health-results","NHS","content"
"/health/guides/reading-health-results","/health/dyslipidemia","콜레스테롤 결과는 개인 위험과 함께 보는 이유","content"
"/health/guides/reading-health-results","/health/guides/reading-health-results","NIH/NLM MedlinePlus","content"
"/health/guides/reading-health-results","/health/guides/reading-health-results","NHS","content"
"/health/guides/reading-health-results","/health/guides/reading-health-results","NIH/NLM MedlinePlus","content"
"/health/guides/reading-health-results","/health/guides/reading-health-results","NHS","content"
"/health/guides/reading-health-results","/health/guides/medication-list","검사 전 알릴 약·비타민·보충제 목록 정리","content"
"/health/guides/reading-health-results","/health/guides/reading-health-results","NIH/NLM MedlinePlus","content"
"/health/guides/reading-health-results","/health/guides/reading-health-results","NIH/NLM MedlinePlus","content"
"/health/guides/reading-health-results","/health/guides/appointment-questions","다음 진료·검사·악화 시 행동을 묻는 질문","content"
"/health/guides/reading-health-results","/health/guides/danger-signals","검사표 해석보다 도움 요청이 먼저인 위험 신호","content"
"/health/guides/reading-health-results","/health/guides/reading-health-results","NHS","content"
"/health/guides/reading-health-results","/health/guides/reading-health-results","NIH/NLM MedlinePlus","content"
"/health/guides/reading-health-results","/health/guides/reading-health-results","서울아산병원 건강증진센터","content"
"/health/guides/reading-health-results","/health/guides/reading-health-results","NIH/NLM MedlinePlus","content"
"/health/guides/reading-health-results","/health/guides/reading-health-results","NIH/NLM MedlinePlus","content"
"/health/guides/reading-health-results","/health/guides/reading-health-results","NHS","content"
"/health/guides/reading-health-results","/health/guides/reading-health-results","NIH/NLM MedlinePlus","content"
"/health/guides/reading-health-results","/health/guides/reading-health-results","NHS","content"
"/health/guides/reading-health-results","/health/guides/reading-health-results","NIH/NLM MedlinePlus","content"
"/health/guides/reading-health-results","/health/guides/reading-health-results","NIH/NLM MedlinePlus","content"
"/health/guides/reading-health-results","/health/guides/reading-health-results","NIH/NLM MedlinePlus","content"
"/health/guides/reading-health-results","/health/trust/sources-policy","출처 선정 기준","content"
"/health/guides/reading-health-results","/health/trust/editorial-policy","편집 원칙","content"
"/health/guides/reading-health-results","/health/trust/corrections-policy","오류 제보·정정 절차","content"
"/health/guides/reading-health-results","/health","건강 가이드 전체 보기","content"
"/health/guides/reading-health-results","/health","20개 질환 안내","navigation"
"/health/guides/reading-health-results","/health/guides/danger-signals","위험 신호","navigation"
"/health/guides/reading-health-results","/health/guides/appointment-questions","진료 질문 준비","navigation"
"/health/guides/reading-health-results","/health","건강 기록 도구","navigation"
"/health/guides/reading-health-results","/health/trust/author","작성자","navigation"
"/health/guides/reading-health-results","/health/trust/sources-policy","출처 원칙","navigation"
"/health/guides/reading-health-results","/health/trust/corrections-policy","정정·문의","navigation"
"/health/guides/reading-health-results","/health/trust/ai-disclosure","AI 활용 공개","navigation"
"/health/guides/reading-health-results","/health/trust/advertising","광고 정책","navigation"
"/health/guides/reading-health-results","/health/trust/disclaimer","면책 안내","navigation"
"/health/guides/reading-health-results","/health/trust/privacy","개인정보","navigation"
"/health/guides/reading-health-results","/health/trust/terms","이용약관","navigation"
"/health/guides/symptom-journal","/health/guides/symptom-journal","본문으로 건너뛰기","content"
"/health/guides/symptom-journal","/","OONURIM오누림","navigation"
"/health/guides/symptom-journal","/health","질환 알아보기","navigation"
"/health/guides/symptom-journal","/health/guides/danger-signals","몸이 보내는 신호","navigation"
"/health/guides/symptom-journal","/health/guides/reading-health-results","검사·건강수치","navigation"
"/health/guides/symptom-journal","/health/guides/family-medication-support","가족 건강","navigation"
"/health/guides/symptom-journal","/health","건강 도구","navigation"
"/health/guides/symptom-journal","/health/trust/about","오누림 소개","navigation"
"/health/guides/symptom-journal","/health/trust/author","박영훈 · 비의료인 건강정보 편집자","navigation"
"/health/guides/symptom-journal","/health/trust/medical-review-policy","면허 의료인 검수 미완료","navigation"
"/health/guides/symptom-journal","/health/guides/danger-signals","기록보다 도움 요청이 먼저인 다른 위험 신호","content"
"/health/guides/symptom-journal","/health/guides/symptom-journal","MedlinePlus Medical Encyclopedia / A.D.A.M.","content"
"/health/guides/symptom-journal","/health/guides/symptom-journal","CDC","content"
"/health/guides/symptom-journal","/health/guides/symptom-journal","NIH/NLM MedlinePlus","content"
"/health/guides/symptom-journal","/health/guides/symptom-journal","St George’s University Hospitals NHS Foundation Trust","content"
"/health/guides/symptom-journal","/health/guides/symptom-journal","NIH/NHLBI","content"
"/health/guides/symptom-journal","/health/guides/symptom-journal","NIH/NLM MedlinePlus","content"
"/health/guides/symptom-journal","/health/guides/symptom-journal","MedlinePlus Medical Encyclopedia / A.D.A.M.","content"
"/health/guides/symptom-journal","/health/migraine","편두통 진료에서 증상의 흐름을 보는 이유","content"
"/health/guides/symptom-journal","/health/sleep-apnea","잠과 낮의 변화, 수면검사가 하는 역할","content"
"/health/guides/symptom-journal","/health/guides/medication-list","실제 사용한 약·보충제 정보를 함께 준비","content"
"/health/guides/symptom-journal","/health/guides/symptom-journal","St George’s University Hospitals NHS Foundation Trust","content"
"/health/guides/symptom-journal","/health/guides/symptom-journal","NIH/NHLBI","content"
"/health/guides/symptom-journal","/health/guides/symptom-journal","U.S. FDA","content"
"/health/guides/symptom-journal","/health/guides/appointment-questions","진료 뒤 기록할 항목과 다음 연락 방법을 묻기","content"
"/health/guides/symptom-journal","/health/guides/symptom-journal","NIH/NLM MedlinePlus","content"
"/health/guides/symptom-journal","/health/guides/symptom-journal","St George’s University Hospitals NHS Foundation Trust","content"
"/health/guides/symptom-journal","/health/guides/symptom-journal","NIH/NLM MedlinePlus","content"
"/health/guides/symptom-journal","/health/guides/symptom-journal","NIH/NLM MedlinePlus","content"
"/health/guides/symptom-journal","/health/guides/symptom-journal","MedlinePlus Medical Encyclopedia / A.D.A.M.","content"
"/health/guides/symptom-journal","/health/guides/symptom-journal","NIH/NLM MedlinePlus","content"
"/health/guides/symptom-journal","/health/guides/symptom-journal","U.S. FDA","content"
"/health/guides/symptom-journal","/health/guides/symptom-journal","NIH/NLM MedlinePlus","content"
"/health/guides/symptom-journal","/health/guides/symptom-journal","MedlinePlus Medical Encyclopedia / A.D.A.M.","content"
"/health/guides/symptom-journal","/health/guides/symptom-journal","CDC","content"
"/health/guides/symptom-journal","/health/guides/symptom-journal","NIH/NLM MedlinePlus","content"
"/health/guides/symptom-journal","/health/trust/sources-policy","출처 선정 기준","content"
"/health/guides/symptom-journal","/health/trust/editorial-policy","편집 원칙","content"
"/health/guides/symptom-journal","/health/trust/corrections-policy","오류 제보·정정 절차","content"
"/health/guides/symptom-journal","/health","건강 가이드 전체 보기","content"
"/health/guides/symptom-journal","/health","20개 질환 안내","navigation"
"/health/guides/symptom-journal","/health/guides/danger-signals","위험 신호","navigation"
"/health/guides/symptom-journal","/health/guides/appointment-questions","진료 질문 준비","navigation"
"/health/guides/symptom-journal","/health","건강 기록 도구","navigation"
"/health/guides/symptom-journal","/health/trust/author","작성자","navigation"
"/health/guides/symptom-journal","/health/trust/sources-policy","출처 원칙","navigation"
"/health/guides/symptom-journal","/health/trust/corrections-policy","정정·문의","navigation"
"/health/guides/symptom-journal","/health/trust/ai-disclosure","AI 활용 공개","navigation"
"/health/guides/symptom-journal","/health/trust/advertising","광고 정책","navigation"
"/health/guides/symptom-journal","/health/trust/disclaimer","면책 안내","navigation"
"/health/guides/symptom-journal","/health/trust/privacy","개인정보","navigation"
"/health/guides/symptom-journal","/health/trust/terms","이용약관","navigation"
"/health/guides/understanding-hba1c","/health/guides/understanding-hba1c","본문으로 건너뛰기","content"
"/health/guides/understanding-hba1c","/","OONURIM오누림","navigation"
"/health/guides/understanding-hba1c","/health","질환 알아보기","navigation"
"/health/guides/understanding-hba1c","/health/guides/danger-signals","몸이 보내는 신호","navigation"
"/health/guides/understanding-hba1c","/health/guides/reading-health-results","검사·건강수치","navigation"
"/health/guides/understanding-hba1c","/health/guides/family-medication-support","가족 건강","navigation"
"/health/guides/understanding-hba1c","/health","건강 도구","navigation"
"/health/guides/understanding-hba1c","/health/trust/about","오누림 소개","navigation"
"/health/guides/understanding-hba1c","/health/trust/author","박영훈 · 비의료인 건강정보 편집자","navigation"
"/health/guides/understanding-hba1c","/health/trust/medical-review-policy","면허 의료인 검수 미완료","navigation"
"/health/guides/understanding-hba1c","/health/guides/understanding-hba1c","서울아산병원 당뇨병센터","content"
"/health/guides/understanding-hba1c","/health/guides/understanding-hba1c","NIH/NIDDK","content"
"/health/guides/understanding-hba1c","/health/guides/understanding-hba1c","NGSP","content"
"/health/guides/understanding-hba1c","/health/guides/understanding-hba1c","NIH/NIDDK","content"
"/health/guides/understanding-hba1c","/health/guides/reading-health-results","검사명·참고범위·추적 계획을 결과지에서 찾는 법","content"
"/health/guides/understanding-hba1c","/health/guides/understanding-hba1c","NGSP","content"
"/health/guides/understanding-hba1c","/health/guides/understanding-hba1c","NIH/NIDDK","content"
"/health/guides/understanding-hba1c","/health/guides/understanding-hba1c","NIH/NIDDK","content"
"/health/guides/understanding-hba1c","/health/guides/understanding-hba1c","NGSP","content"
"/health/guides/understanding-hba1c","/health/tools/diabetes-questions","제2형 당뇨병 진료 질문지 인쇄하기","content"
"/health/guides/understanding-hba1c","/health/type-2-diabetes","제2형 당뇨병의 증상·검사·기록을 함께 이해하기","content"
"/health/guides/understanding-hba1c","/health/guides/danger-signals","온라인 설명보다 도움 요청이 먼저인 위험 신호","content"
"/health/guides/understanding-hba1c","/health/guides/understanding-hba1c","NIH/NIDDK","content"
"/health/guides/understanding-hba1c","/health/guides/understanding-hba1c","NGSP","content"
"/health/guides/understanding-hba1c","/health/guides/understanding-hba1c","NGSP","content"
"/health/guides/understanding-hba1c","/health/guides/understanding-hba1c","NIH/NIDDK","content"
"/health/guides/understanding-hba1c","/health/guides/understanding-hba1c","NIH/NIDDK","content"
"/health/guides/understanding-hba1c","/health/guides/understanding-hba1c","NGSP","content"
"/health/guides/understanding-hba1c","/health/guides/understanding-hba1c","NIH/NIDDK","content"
"/health/guides/understanding-hba1c","/health/trust/sources-policy","출처 선정 기준","content"
"/health/guides/understanding-hba1c","/health/trust/editorial-policy","편집 원칙","content"
"/health/guides/understanding-hba1c","/health/trust/corrections-policy","오류 제보·정정 절차","content"
"/health/guides/understanding-hba1c","/health","건강 가이드 전체 보기","content"
"/health/guides/understanding-hba1c","/health","20개 질환 안내","navigation"
"/health/guides/understanding-hba1c","/health/guides/danger-signals","위험 신호","navigation"
"/health/guides/understanding-hba1c","/health/guides/appointment-questions","진료 질문 준비","navigation"
"/health/guides/understanding-hba1c","/health","건강 기록 도구","navigation"
"/health/guides/understanding-hba1c","/health/trust/author","작성자","navigation"
"/health/guides/understanding-hba1c","/health/trust/sources-policy","출처 원칙","navigation"
"/health/guides/understanding-hba1c","/health/trust/corrections-policy","정정·문의","navigation"
"/health/guides/understanding-hba1c","/health/trust/ai-disclosure","AI 활용 공개","navigation"
"/health/guides/understanding-hba1c","/health/trust/advertising","광고 정책","navigation"
"/health/guides/understanding-hba1c","/health/trust/disclaimer","면책 안내","navigation"
"/health/guides/understanding-hba1c","/health/trust/privacy","개인정보","navigation"
"/health/guides/understanding-hba1c","/health/trust/terms","이용약관","navigation"
"/health/hypertension","/health/hypertension","본문으로 건너뛰기","content"
"/health/hypertension","/","OONURIM오누림","navigation"
"/health/hypertension","/health","질환 알아보기","navigation"
"/health/hypertension","/health/guides/danger-signals","몸이 보내는 신호","navigation"
"/health/hypertension","/health/guides/reading-health-results","검사·건강수치","navigation"
"/health/hypertension","/health/guides/family-medication-support","가족 건강","navigation"
"/health/hypertension","/health","건강 도구","navigation"
"/health/hypertension","/health/trust/about","오누림 소개","navigation"
"/health/hypertension","/health/trust/author","박영훈 · 비의료인 건강정보 편집자","navigation"
"/health/hypertension","/health/hypertension","응급 신호와 119 안내 바로 보기","content"
"/health/hypertension","/health/hypertension","SRC-KDCA-HTN","content"
"/health/hypertension","/health/hypertension","SRC-CDC-HTN","content"
"/health/hypertension","/health/hypertension","질병관리청 국가건강정보포털","content"
"/health/hypertension","/health/hypertension","CDC","content"
"/health/hypertension","/health/hypertension","CDC","content"
"/health/hypertension","/health/hypertension","질병관리청 국가건강정보포털","content"
"/health/hypertension","/health/tools/blood-pressure-log","지우거나 골라 쓰지 않고 원래 값을 남기는 혈압 기록표","content"
"/health/hypertension","/health/hypertension","질병관리청 국가건강정보포털","content"
"/health/hypertension","/health/hypertension","American Heart Association","content"
"/health/hypertension","/health/hypertension","American Heart Association","content"
"/health/hypertension","/health/guides/measuring-blood-pressure","혈압 측정 준비·자세·기록을 순서대로 확인하기","content"
"/health/hypertension","/health/hypertension","American Heart Association","content"
"/health/hypertension","/health/hypertension","질병관리청 국가건강정보포털","content"
"/health/hypertension","/health/hypertension","American Heart Association","content"
"/health/hypertension","/health/tools/blood-pressure-questions","진료에서 받은 답도 함께 적는 혈압 질문 카드","content"
"/health/hypertension","/health/hypertension","질병관리청 국가건강정보포털","content"
"/health/hypertension","/health/hypertension","American Heart Association","content"
"/health/hypertension","/health/hypertension","질병관리청 국가건강정보포털","content"
"/health/hypertension","/health/hypertension","American Heart Association","content"
"/health/hypertension","/health/guides/danger-signals","병원에 빨리 가야 하는 위험 신호","content"
"/health/hypertension","/health/stroke","뇌졸중 의심 신호와 119 행동 안내","content"
"/health/hypertension","/health/hypertension","질병관리청 국가건강정보포털","content"
"/health/hypertension","/health/hypertension","질병관리청 국가건강정보포털","content"
"/health/hypertension","/health/hypertension","American Heart Association","content"
"/health/hypertension","/health/hypertension","American Heart Association","content"
"/health/hypertension","/health/guides/medication-list","처방약·일반약을 함께 정리하는 복용약 목록","content"
"/health/hypertension","/health/hypertension","American Heart Association","content"
"/health/hypertension","/health/hypertension","질병관리청 국가건강정보포털","content"
"/health/hypertension","/health/hypertension","American Heart Association","content"
"/health/hypertension","/health/hypertension","질병관리청 국가건강정보포털","content"
"/health/hypertension","/health/hypertension","American Heart Association","content"
"/health/hypertension","/health/hypertension","질병관리청 국가건강정보포털","content"
"/health/hypertension","/health/hypertension","American Heart Association","content"
"/health/hypertension","/health/hypertension","American Heart Association","content"
"/health/hypertension","/health/hypertension","질병관리청 국가건강정보포털","content"
"/health/hypertension","/health/hypertension","질병관리청 국가건강정보포털","content"
"/health/hypertension","/health/trust/sources-policy","출처 선정 기준","content"
"/health/hypertension","/health/trust/editorial-policy","편집 원칙","content"
"/health/hypertension","/health/trust/medical-review-policy","의료 검수 현재 상태","content"
"/health/hypertension","/health","건강 가이드 전체 보기","content"
"/health/hypertension","/health/tools/blood-pressure-log","가정 혈압 기록표결론을 계산하지 않고 측정 환경과 원래 값을 함께 남기는 개인 기록지입니다.","content"
"/health/hypertension","/health/tools/blood-pressure-questions","고혈압 진료 질문 카드기록을 진료 대화로 연결하는 질문을 골라 적습니다.","content"
"/health/hypertension","/health/tools/blood-pressure-prep","혈압 측정 준비 체크리스트같은 조건에서 더 안정적으로 측정하기 위한 준비표입니다.","content"
"/health/hypertension","/health/tools/blood-pressure-warning","기록보다 119가 먼저인 경고 카드혈압 숫자를 다시 재며 기다리지 않아야 할 동반 신호를 기억합니다.","content"
"/health/hypertension","/health","20개 질환 안내","navigation"
"/health/hypertension","/health/guides/danger-signals","위험 신호","navigation"
"/health/hypertension","/health/guides/appointment-questions","진료 질문 준비","navigation"
"/health/hypertension","/health","건강 기록 도구","navigation"
"/health/hypertension","/health/trust/author","작성자","navigation"
"/health/hypertension","/health/trust/sources-policy","출처 원칙","navigation"
"/health/hypertension","/health/trust/corrections-policy","정정·문의","navigation"
"/health/hypertension","/health/trust/ai-disclosure","AI 활용 공개","navigation"
"/health/hypertension","/health/trust/advertising","광고 정책","navigation"
"/health/hypertension","/health/trust/disclaimer","면책 안내","navigation"
"/health/hypertension","/health/trust/privacy","개인정보","navigation"
"/health/hypertension","/health/trust/terms","이용약관","navigation"
"/health/irritable-bowel-syndrome","/health/irritable-bowel-syndrome","본문으로 건너뛰기","content"
"/health/irritable-bowel-syndrome","/","OONURIM오누림","navigation"
"/health/irritable-bowel-syndrome","/health","질환 알아보기","navigation"
"/health/irritable-bowel-syndrome","/health/guides/danger-signals","몸이 보내는 신호","navigation"
"/health/irritable-bowel-syndrome","/health/guides/reading-health-results","검사·건강수치","navigation"
"/health/irritable-bowel-syndrome","/health/guides/family-medication-support","가족 건강","navigation"
"/health/irritable-bowel-syndrome","/health","건강 도구","navigation"
"/health/irritable-bowel-syndrome","/health/trust/about","오누림 소개","navigation"
"/health/irritable-bowel-syndrome","/health/trust/author","박영훈 · 비의료인 건강정보 편집자","navigation"
"/health/irritable-bowel-syndrome","/health/irritable-bowel-syndrome","응급 신호와 119 안내 바로 보기","content"
"/health/irritable-bowel-syndrome","/health/irritable-bowel-syndrome","SRC-NIDDK-IBS-DEFINITION","content"
"/health/irritable-bowel-syndrome","/health/irritable-bowel-syndrome","SRC-NIDDK-IBS-SYMPTOMS","content"
"/health/irritable-bowel-syndrome","/health/irritable-bowel-syndrome","NIH/NIDDK","content"
"/health/irritable-bowel-syndrome","/health/irritable-bowel-syndrome","NIH/NIDDK","content"
"/health/irritable-bowel-syndrome","/health/irritable-bowel-syndrome","NHS","content"
"/health/irritable-bowel-syndrome","/health/irritable-bowel-syndrome","NHS","content"
"/health/irritable-bowel-syndrome","/health/irritable-bowel-syndrome","NIH/NIDDK","content"
"/health/irritable-bowel-syndrome","/health/irritable-bowel-syndrome","NIH/NIDDK","content"
"/health/irritable-bowel-syndrome","/health/irritable-bowel-syndrome","질병관리청 국가건강정보포털","content"
"/health/irritable-bowel-syndrome","/health/irritable-bowel-syndrome","NIH/NIDDK","content"
"/health/irritable-bowel-syndrome","/health/guides/reading-health-results","정상·이상 표시만으로 결론 내리지 않고 검사표 읽기","content"
"/health/irritable-bowel-syndrome","/health/irritable-bowel-syndrome","NIH/NIDDK","content"
"/health/irritable-bowel-syndrome","/health/irritable-bowel-syndrome","NHS","content"
"/health/irritable-bowel-syndrome","/health/irritable-bowel-syndrome","NHS","content"
"/health/irritable-bowel-syndrome","/health/irritable-bowel-syndrome","NIH/NIDDK","content"
"/health/irritable-bowel-syndrome","/health/irritable-bowel-syndrome","질병관리청 국가건강정보포털","content"
"/health/irritable-bowel-syndrome","/health/tools/irritable-bowel-syndrome-visit-card","복통·배변 변화의 진료 질문 카드","content"
"/health/irritable-bowel-syndrome","/health/guides/symptom-journal","추측과 관찰을 나누는 증상 기록법","content"
"/health/irritable-bowel-syndrome","/health/guides/medication-list","최근 시작한 약까지 목록으로 정리하기","content"
"/health/irritable-bowel-syndrome","/health/irritable-bowel-syndrome","NHS","content"
"/health/irritable-bowel-syndrome","/health/irritable-bowel-syndrome","NIH/NIDDK","content"
"/health/irritable-bowel-syndrome","/health/irritable-bowel-syndrome","질병관리청 국가건강정보포털","content"
"/health/irritable-bowel-syndrome","/health/guides/appointment-questions","치료 목표·부작용·다음 상담을 묻는 질문","content"
"/health/irritable-bowel-syndrome","/health/irritable-bowel-syndrome","NHS","content"
"/health/irritable-bowel-syndrome","/health/irritable-bowel-syndrome","NIH/NIDDK","content"
"/health/irritable-bowel-syndrome","/health/irritable-bowel-syndrome","NIH/NIDDK","content"
"/health/irritable-bowel-syndrome","/health/irritable-bowel-syndrome","질병관리청 국가건강정보포털","content"
"/health/irritable-bowel-syndrome","/health/guides/danger-signals","기록보다 의료 도움이 먼저인 위험 신호","content"
"/health/irritable-bowel-syndrome","/health/irritable-bowel-syndrome","NHS","content"
"/health/irritable-bowel-syndrome","/health/irritable-bowel-syndrome","NHS","content"
"/health/irritable-bowel-syndrome","/health/irritable-bowel-syndrome","NHS","content"
"/health/irritable-bowel-syndrome","/health/irritable-bowel-syndrome","질병관리청 국가건강정보포털","content"
"/health/irritable-bowel-syndrome","/health/irritable-bowel-syndrome","NIH/NIDDK","content"
"/health/irritable-bowel-syndrome","/health/irritable-bowel-syndrome","NIH/NIDDK","content"
"/health/irritable-bowel-syndrome","/health/irritable-bowel-syndrome","NHS","content"
"/health/irritable-bowel-syndrome","/health/irritable-bowel-syndrome","NHS","content"
"/health/irritable-bowel-syndrome","/health/irritable-bowel-syndrome","NIH/NIDDK","content"
"/health/irritable-bowel-syndrome","/health/irritable-bowel-syndrome","NHS","content"
"/health/irritable-bowel-syndrome","/health/irritable-bowel-syndrome","NIH/NIDDK","content"
"/health/irritable-bowel-syndrome","/health/irritable-bowel-syndrome","질병관리청 국가건강정보포털","content"
"/health/irritable-bowel-syndrome","/health/irritable-bowel-syndrome","NHS","content"
"/health/irritable-bowel-syndrome","/health/irritable-bowel-syndrome","NHS","content"
"/health/irritable-bowel-syndrome","/health/irritable-bowel-syndrome","NHS","content"
"/health/irritable-bowel-syndrome","/health/irritable-bowel-syndrome","NIH/NIDDK","content"
"/health/irritable-bowel-syndrome","/health/irritable-bowel-syndrome","NHS","content"
"/health/irritable-bowel-syndrome","/health/irritable-bowel-syndrome","NHS","content"
"/health/irritable-bowel-syndrome","/health/irritable-bowel-syndrome","NHS","content"
"/health/irritable-bowel-syndrome","/health/irritable-bowel-syndrome","NHS","content"
"/health/irritable-bowel-syndrome","/health/irritable-bowel-syndrome","NIH/NIDDK","content"
"/health/irritable-bowel-syndrome","/health/trust/sources-policy","출처 선정 기준","content"
"/health/irritable-bowel-syndrome","/health/trust/editorial-policy","편집 원칙","content"
"/health/irritable-bowel-syndrome","/health/trust/medical-review-policy","의료 검수 현재 상태","content"
"/health/irritable-bowel-syndrome","/health","건강 가이드 전체 보기","content"
"/health/irritable-bowel-syndrome","/health/tools/irritable-bowel-syndrome-visit-card","복통·배변 질문지배변 전후 통증과 변의 변화, 식사·약·새 불편을 정리해 상담하는 인쇄 양식입니다.","content"
"/health/irritable-bowel-syndrome","/health","20개 질환 안내","navigation"
"/health/irritable-bowel-syndrome","/health/guides/danger-signals","위험 신호","navigation"
"/health/irritable-bowel-syndrome","/health/guides/appointment-questions","진료 질문 준비","navigation"
"/health/irritable-bowel-syndrome","/health","건강 기록 도구","navigation"
"/health/irritable-bowel-syndrome","/health/trust/author","작성자","navigation"
"/health/irritable-bowel-syndrome","/health/trust/sources-policy","출처 원칙","navigation"
"/health/irritable-bowel-syndrome","/health/trust/corrections-policy","정정·문의","navigation"
"/health/irritable-bowel-syndrome","/health/trust/ai-disclosure","AI 활용 공개","navigation"
"/health/irritable-bowel-syndrome","/health/trust/advertising","광고 정책","navigation"
"/health/irritable-bowel-syndrome","/health/trust/disclaimer","면책 안내","navigation"
"/health/irritable-bowel-syndrome","/health/trust/privacy","개인정보","navigation"
"/health/irritable-bowel-syndrome","/health/trust/terms","이용약관","navigation"
"/health/kidney-stones","/health/kidney-stones","본문으로 건너뛰기","content"
"/health/kidney-stones","/","OONURIM오누림","navigation"
"/health/kidney-stones","/health","질환 알아보기","navigation"
"/health/kidney-stones","/health/guides/danger-signals","몸이 보내는 신호","navigation"
"/health/kidney-stones","/health/guides/reading-health-results","검사·건강수치","navigation"
"/health/kidney-stones","/health/guides/family-medication-support","가족 건강","navigation"
"/health/kidney-stones","/health","건강 도구","navigation"
"/health/kidney-stones","/health/trust/about","오누림 소개","navigation"
"/health/kidney-stones","/health/trust/author","박영훈 · 비의료인 건강정보 편집자","navigation"
"/health/kidney-stones","/health/kidney-stones","응급 신호와 119 안내 바로 보기","content"
"/health/kidney-stones","/health/kidney-stones","SRC-NIDDK-STONE-SYMPTOMS","content"
"/health/kidney-stones","/health/kidney-stones","SRC-NIDDK-STONE-DIAGNOSIS","content"
"/health/kidney-stones","/health/urinary-tract-infection","방광과 콩팥 쪽 감염을 구분해 질문하기","content"
"/health/kidney-stones","/health/guides/danger-signals","갑작스러운 호흡·의식 변화와 도움 요청","content"
"/health/kidney-stones","/health/kidney-stones","NHS","content"
"/health/kidney-stones","/health/kidney-stones","NIH/NIDDK","content"
"/health/kidney-stones","/health/kidney-stones","NIH/NIDDK","content"
"/health/kidney-stones","/health/kidney-stones","NHS","content"
"/health/kidney-stones","/health/kidney-stones","European Association of Urology","content"
"/health/kidney-stones","/health/kidney-stones","질병관리청 국가건강정보포털","content"
"/health/kidney-stones","/health/kidney-stones","NHS","content"
"/health/kidney-stones","/health/kidney-stones","NIH/NIDDK","content"
"/health/kidney-stones","/health/guides/reading-health-results","검사 결과와 다음 확인 계획을 함께 읽기","content"
"/health/kidney-stones","/health/kidney-stones","NIH/NIDDK","content"
"/health/kidney-stones","/health/kidney-stones","질병관리청 국가건강정보포털","content"
"/health/kidney-stones","/health/kidney-stones","European Association of Urology","content"
"/health/kidney-stones","/health/kidney-stones","NIH/NIDDK","content"
"/health/kidney-stones","/health/kidney-stones","European Association of Urology","content"
"/health/kidney-stones","/health/kidney-stones","NIH/NIDDK","content"
"/health/kidney-stones","/health/kidney-stones","NIH/NIDDK","content"
"/health/kidney-stones","/health/kidney-stones","질병관리청 국가건강정보포털","content"
"/health/kidney-stones","/health/guides/medication-list","보충제까지 빠뜨리지 않는 사용 약 목록","content"
"/health/kidney-stones","/health/kidney-stones","NIH/NIDDK","content"
"/health/kidney-stones","/health/kidney-stones","NIH/NIDDK","content"
"/health/kidney-stones","/health/kidney-stones","질병관리청 국가건강정보포털","content"
"/health/kidney-stones","/health/tools/kidney-stones-visit-card","신장결석 관찰·진료 질문 카드","content"
"/health/kidney-stones","/health/guides/appointment-questions","들은 답변과 다음 행동을 확인하는 진료 질문","content"
"/health/kidney-stones","/health/kidney-stones","NIH/NIDDK","content"
"/health/kidney-stones","/health/kidney-stones","NIH/NIDDK","content"
"/health/kidney-stones","/health/kidney-stones","NIH/NIDDK","content"
"/health/kidney-stones","/health/kidney-stones","European Association of Urology","content"
"/health/kidney-stones","/health/kidney-stones","질병관리청 국가건강정보포털","content"
"/health/kidney-stones","/health/kidney-stones","NHS","content"
"/health/kidney-stones","/health/kidney-stones","European Association of Urology","content"
"/health/kidney-stones","/health/kidney-stones","NIH/NIDDK","content"
"/health/kidney-stones","/health/kidney-stones","NIH/NIDDK","content"
"/health/kidney-stones","/health/kidney-stones","NIH/NIDDK","content"
"/health/kidney-stones","/health/kidney-stones","European Association of Urology","content"
"/health/kidney-stones","/health/kidney-stones","NIH/NIDDK","content"
"/health/kidney-stones","/health/kidney-stones","질병관리청 국가건강정보포털","content"
"/health/kidney-stones","/health/kidney-stones","NIH/NIDDK","content"
"/health/kidney-stones","/health/kidney-stones","NHS","content"
"/health/kidney-stones","/health/kidney-stones","NHS","content"
"/health/kidney-stones","/health/kidney-stones","European Association of Urology","content"
"/health/kidney-stones","/health/kidney-stones","NIH/NIDDK","content"
"/health/kidney-stones","/health/trust/sources-policy","출처 선정 기준","content"
"/health/kidney-stones","/health/trust/editorial-policy","편집 원칙","content"
"/health/kidney-stones","/health/trust/medical-review-policy","의료 검수 현재 상태","content"
"/health/kidney-stones","/health","건강 가이드 전체 보기","content"
"/health/kidney-stones","/health/tools/kidney-stones-visit-card","신장결석 진료 준비표통증·소변 변화와 기존 검사·수분 제한·약 정보를 모아 배출 확인과 개인 계획을 묻는 인쇄 양식입니다.","content"
"/health/kidney-stones","/health","20개 질환 안내","navigation"
"/health/kidney-stones","/health/guides/danger-signals","위험 신호","navigation"
"/health/kidney-stones","/health/guides/appointment-questions","진료 질문 준비","navigation"
"/health/kidney-stones","/health","건강 기록 도구","navigation"
"/health/kidney-stones","/health/trust/author","작성자","navigation"
"/health/kidney-stones","/health/trust/sources-policy","출처 원칙","navigation"
"/health/kidney-stones","/health/trust/corrections-policy","정정·문의","navigation"
"/health/kidney-stones","/health/trust/ai-disclosure","AI 활용 공개","navigation"
"/health/kidney-stones","/health/trust/advertising","광고 정책","navigation"
"/health/kidney-stones","/health/trust/disclaimer","면책 안내","navigation"
"/health/kidney-stones","/health/trust/privacy","개인정보","navigation"
"/health/kidney-stones","/health/trust/terms","이용약관","navigation"
"/health/metabolic-dysfunction-associated-steatotic-liver-disease","/health/metabolic-dysfunction-associated-steatotic-liver-disease","본문으로 건너뛰기","content"
"/health/metabolic-dysfunction-associated-steatotic-liver-disease","/","OONURIM오누림","navigation"
"/health/metabolic-dysfunction-associated-steatotic-liver-disease","/health","질환 알아보기","navigation"
"/health/metabolic-dysfunction-associated-steatotic-liver-disease","/health/guides/danger-signals","몸이 보내는 신호","navigation"
"/health/metabolic-dysfunction-associated-steatotic-liver-disease","/health/guides/reading-health-results","검사·건강수치","navigation"
"/health/metabolic-dysfunction-associated-steatotic-liver-disease","/health/guides/family-medication-support","가족 건강","navigation"
"/health/metabolic-dysfunction-associated-steatotic-liver-disease","/health","건강 도구","navigation"
"/health/metabolic-dysfunction-associated-steatotic-liver-disease","/health/trust/about","오누림 소개","navigation"
"/health/metabolic-dysfunction-associated-steatotic-liver-disease","/health/trust/author","박영훈 · 비의료인 건강정보 편집자","navigation"
"/health/metabolic-dysfunction-associated-steatotic-liver-disease","/health/metabolic-dysfunction-associated-steatotic-liver-disease","응급 신호와 119 안내 바로 보기","content"
"/health/metabolic-dysfunction-associated-steatotic-liver-disease","/health/metabolic-dysfunction-associated-steatotic-liver-disease","SRC-NIDDK-MASLD-DEFINITION","content"
"/health/metabolic-dysfunction-associated-steatotic-liver-disease","/health/metabolic-dysfunction-associated-steatotic-liver-disease","SRC-NIDDK-MASLD-SYMPTOMS","content"
"/health/metabolic-dysfunction-associated-steatotic-liver-disease","/health/guides/reading-health-results","검사표의 항목·단위·참고범위부터 읽기","content"
"/health/metabolic-dysfunction-associated-steatotic-liver-disease","/health/metabolic-dysfunction-associated-steatotic-liver-disease","EASL·EASD·EASO","content"
"/health/metabolic-dysfunction-associated-steatotic-liver-disease","/health/metabolic-dysfunction-associated-steatotic-liver-disease","질병관리청 국가건강정보포털","content"
"/health/metabolic-dysfunction-associated-steatotic-liver-disease","/health/metabolic-dysfunction-associated-steatotic-liver-disease","NIH/NIDDK","content"
"/health/metabolic-dysfunction-associated-steatotic-liver-disease","/health/metabolic-dysfunction-associated-steatotic-liver-disease","서울아산병원","content"
"/health/metabolic-dysfunction-associated-steatotic-liver-disease","/health/metabolic-dysfunction-associated-steatotic-liver-disease","미국간학회(AASLD)","content"
"/health/metabolic-dysfunction-associated-steatotic-liver-disease","/health/metabolic-dysfunction-associated-steatotic-liver-disease","NIH/NIDDK","content"
"/health/metabolic-dysfunction-associated-steatotic-liver-disease","/health/metabolic-dysfunction-associated-steatotic-liver-disease","NIH/NIDDK","content"
"/health/metabolic-dysfunction-associated-steatotic-liver-disease","/health/metabolic-dysfunction-associated-steatotic-liver-disease","NIH/NIDDK","content"
"/health/metabolic-dysfunction-associated-steatotic-liver-disease","/health/metabolic-dysfunction-associated-steatotic-liver-disease","NIH/NIDDK","content"
"/health/metabolic-dysfunction-associated-steatotic-liver-disease","/health/metabolic-dysfunction-associated-steatotic-liver-disease","EASL·EASD·EASO","content"
"/health/metabolic-dysfunction-associated-steatotic-liver-disease","/health/metabolic-dysfunction-associated-steatotic-liver-disease","질병관리청 국가건강정보포털","content"
"/health/metabolic-dysfunction-associated-steatotic-liver-disease","/health/metabolic-dysfunction-associated-steatotic-liver-disease","NIH/NIDDK","content"
"/health/metabolic-dysfunction-associated-steatotic-liver-disease","/health/metabolic-dysfunction-associated-steatotic-liver-disease","서울아산병원","content"
"/health/metabolic-dysfunction-associated-steatotic-liver-disease","/health/tools/metabolic-dysfunction-associated-steatotic-liver-disease-visit-card","지방간 결과 설명을 준비하는 진료 질문 카드","content"
"/health/metabolic-dysfunction-associated-steatotic-liver-disease","/health/guides/medication-list","보충제·생약까지 포함한 약 목록 만들기","content"
"/health/metabolic-dysfunction-associated-steatotic-liver-disease","/health/metabolic-dysfunction-associated-steatotic-liver-disease","NIH/NIDDK","content"
"/health/metabolic-dysfunction-associated-steatotic-liver-disease","/health/metabolic-dysfunction-associated-steatotic-liver-disease","NIH/NIDDK","content"
"/health/metabolic-dysfunction-associated-steatotic-liver-disease","/health/metabolic-dysfunction-associated-steatotic-liver-disease","NHS","content"
"/health/metabolic-dysfunction-associated-steatotic-liver-disease","/health/obesity","체중과 생활 여건을 함께 상담하는 방법","content"
"/health/metabolic-dysfunction-associated-steatotic-liver-disease","/health/type-2-diabetes","함께 확인하는 혈당 검사의 뜻","content"
"/health/metabolic-dysfunction-associated-steatotic-liver-disease","/health/dyslipidemia","LDL·HDL·중성지방 검사표 읽기","content"
"/health/metabolic-dysfunction-associated-steatotic-liver-disease","/health/metabolic-dysfunction-associated-steatotic-liver-disease","NIH/NIDDK","content"
"/health/metabolic-dysfunction-associated-steatotic-liver-disease","/health/metabolic-dysfunction-associated-steatotic-liver-disease","EASL·EASD·EASO","content"
"/health/metabolic-dysfunction-associated-steatotic-liver-disease","/health/metabolic-dysfunction-associated-steatotic-liver-disease","서울아산병원","content"
"/health/metabolic-dysfunction-associated-steatotic-liver-disease","/health/metabolic-dysfunction-associated-steatotic-liver-disease","NHS","content"
"/health/metabolic-dysfunction-associated-steatotic-liver-disease","/health/guides/danger-signals","진료 기록보다 먼저 대응할 위험 신호","content"
"/health/metabolic-dysfunction-associated-steatotic-liver-disease","/health/metabolic-dysfunction-associated-steatotic-liver-disease","NHS","content"
"/health/metabolic-dysfunction-associated-steatotic-liver-disease","/health/metabolic-dysfunction-associated-steatotic-liver-disease","NHS","content"
"/health/metabolic-dysfunction-associated-steatotic-liver-disease","/health/metabolic-dysfunction-associated-steatotic-liver-disease","NHS","content"
"/health/metabolic-dysfunction-associated-steatotic-liver-disease","/health/metabolic-dysfunction-associated-steatotic-liver-disease","미국간학회(AASLD)","content"
"/health/metabolic-dysfunction-associated-steatotic-liver-disease","/health/metabolic-dysfunction-associated-steatotic-liver-disease","EASL·EASD·EASO","content"
"/health/metabolic-dysfunction-associated-steatotic-liver-disease","/health/metabolic-dysfunction-associated-steatotic-liver-disease","질병관리청 국가건강정보포털","content"
"/health/metabolic-dysfunction-associated-steatotic-liver-disease","/health/metabolic-dysfunction-associated-steatotic-liver-disease","NIH/NIDDK","content"
"/health/metabolic-dysfunction-associated-steatotic-liver-disease","/health/metabolic-dysfunction-associated-steatotic-liver-disease","NIH/NIDDK","content"
"/health/metabolic-dysfunction-associated-steatotic-liver-disease","/health/metabolic-dysfunction-associated-steatotic-liver-disease","NIH/NIDDK","content"
"/health/metabolic-dysfunction-associated-steatotic-liver-disease","/health/metabolic-dysfunction-associated-steatotic-liver-disease","미국간학회(AASLD)","content"
"/health/metabolic-dysfunction-associated-steatotic-liver-disease","/health/metabolic-dysfunction-associated-steatotic-liver-disease","NIH/NIDDK","content"
"/health/metabolic-dysfunction-associated-steatotic-liver-disease","/health/metabolic-dysfunction-associated-steatotic-liver-disease","EASL·EASD·EASO","content"
"/health/metabolic-dysfunction-associated-steatotic-liver-disease","/health/metabolic-dysfunction-associated-steatotic-liver-disease","NIH/NIDDK","content"
"/health/metabolic-dysfunction-associated-steatotic-liver-disease","/health/trust/sources-policy","출처 선정 기준","content"
"/health/metabolic-dysfunction-associated-steatotic-liver-disease","/health/trust/editorial-policy","편집 원칙","content"
"/health/metabolic-dysfunction-associated-steatotic-liver-disease","/health/trust/medical-review-policy","의료 검수 현재 상태","content"
"/health/metabolic-dysfunction-associated-steatotic-liver-disease","/health","건강 가이드 전체 보기","content"
"/health/metabolic-dysfunction-associated-steatotic-liver-disease","/health/tools/metabolic-dysfunction-associated-steatotic-liver-disease-visit-card","지방간 검사 상담표기존 검사 원문·음주·약 이력을 모아 각 결과의 의미와 다음 확인 계획을 묻는 인쇄 양식입니다.","content"
"/health/metabolic-dysfunction-associated-steatotic-liver-disease","/health","20개 질환 안내","navigation"
"/health/metabolic-dysfunction-associated-steatotic-liver-disease","/health/guides/danger-signals","위험 신호","navigation"
"/health/metabolic-dysfunction-associated-steatotic-liver-disease","/health/guides/appointment-questions","진료 질문 준비","navigation"
"/health/metabolic-dysfunction-associated-steatotic-liver-disease","/health","건강 기록 도구","navigation"
"/health/metabolic-dysfunction-associated-steatotic-liver-disease","/health/trust/author","작성자","navigation"
"/health/metabolic-dysfunction-associated-steatotic-liver-disease","/health/trust/sources-policy","출처 원칙","navigation"
"/health/metabolic-dysfunction-associated-steatotic-liver-disease","/health/trust/corrections-policy","정정·문의","navigation"
"/health/metabolic-dysfunction-associated-steatotic-liver-disease","/health/trust/ai-disclosure","AI 활용 공개","navigation"
"/health/metabolic-dysfunction-associated-steatotic-liver-disease","/health/trust/advertising","광고 정책","navigation"
"/health/metabolic-dysfunction-associated-steatotic-liver-disease","/health/trust/disclaimer","면책 안내","navigation"
"/health/metabolic-dysfunction-associated-steatotic-liver-disease","/health/trust/privacy","개인정보","navigation"
"/health/metabolic-dysfunction-associated-steatotic-liver-disease","/health/trust/terms","이용약관","navigation"
"/health/migraine","/health/migraine","본문으로 건너뛰기","content"
"/health/migraine","/","OONURIM오누림","navigation"
"/health/migraine","/health","질환 알아보기","navigation"
"/health/migraine","/health/guides/danger-signals","몸이 보내는 신호","navigation"
"/health/migraine","/health/guides/reading-health-results","검사·건강수치","navigation"
"/health/migraine","/health/guides/family-medication-support","가족 건강","navigation"
"/health/migraine","/health","건강 도구","navigation"
"/health/migraine","/health/trust/about","오누림 소개","navigation"
"/health/migraine","/health/trust/author","박영훈 · 비의료인 건강정보 편집자","navigation"
"/health/migraine","/health/migraine","응급 신호와 119 안내 바로 보기","content"
"/health/migraine","/health/migraine","SRC-MEDLINEPLUS-MIGRAINE","content"
"/health/migraine","/health/migraine","SRC-MEDLINEPLUS-HEADACHE","content"
"/health/migraine","/health/stroke","잠깐 호전되어도 넘기지 않는 뇌졸중 신호","content"
"/health/migraine","/health/guides/danger-signals","갑작스러운 몸의 위험 신호와 도움 요청","content"
"/health/migraine","/health/migraine","NHS","content"
"/health/migraine","/health/migraine","CDC","content"
"/health/migraine","/health/migraine","NIH/MedlinePlus","content"
"/health/migraine","/health/migraine","MedlinePlus Medical Encyclopedia / A.D.A.M.","content"
"/health/migraine","/health/migraine","질병관리청 국가건강정보포털","content"
"/health/migraine","/health/migraine","서울아산병원","content"
"/health/migraine","/health/migraine","NIH/MedlinePlus","content"
"/health/migraine","/health/guides/symptom-journal","기억한 사실과 추측을 나누는 증상 기록","content"
"/health/migraine","/health/migraine","NIH/MedlinePlus","content"
"/health/migraine","/health/migraine","서울아산병원","content"
"/health/migraine","/health/migraine","MedlinePlus Medical Encyclopedia / A.D.A.M.","content"
"/health/migraine","/health/migraine","질병관리청 국가건강정보포털","content"
"/health/migraine","/health/migraine","NIH/MedlinePlus","content"
"/health/migraine","/health/migraine","NHS","content"
"/health/migraine","/health/migraine","CDC","content"
"/health/migraine","/health/guides/reading-health-results","검사 결과와 다음 평가 계획을 함께 읽기","content"
"/health/migraine","/health/migraine","질병관리청 국가건강정보포털","content"
"/health/migraine","/health/migraine","서울아산병원","content"
"/health/migraine","/health/migraine","NIH/MedlinePlus","content"
"/health/migraine","/health/tools/migraine-visit-card","편두통 관찰·진료 질문 카드","content"
"/health/migraine","/health/guides/medication-list","사용 중인 약을 함께 알리는 목록","content"
"/health/migraine","/health/migraine","질병관리청 국가건강정보포털","content"
"/health/migraine","/health/migraine","MedlinePlus Medical Encyclopedia / A.D.A.M.","content"
"/health/migraine","/health/migraine","NHS","content"
"/health/migraine","/health/guides/appointment-questions","약의 목적·재연락 기준을 묻는 진료 질문","content"
"/health/migraine","/health/migraine","NHS","content"
"/health/migraine","/health/migraine","질병관리청 국가건강정보포털","content"
"/health/migraine","/health/migraine","NIH/MedlinePlus","content"
"/health/migraine","/health/migraine","MedlinePlus Medical Encyclopedia / A.D.A.M.","content"
"/health/migraine","/health/migraine","질병관리청 국가건강정보포털","content"
"/health/migraine","/health/migraine","서울아산병원","content"
"/health/migraine","/health/migraine","NHS","content"
"/health/migraine","/health/migraine","CDC","content"
"/health/migraine","/health/migraine","질병관리청 국가건강정보포털","content"
"/health/migraine","/health/migraine","서울아산병원","content"
"/health/migraine","/health/migraine","NIH/MedlinePlus","content"
"/health/migraine","/health/migraine","질병관리청 국가건강정보포털","content"
"/health/migraine","/health/migraine","MedlinePlus Medical Encyclopedia / A.D.A.M.","content"
"/health/migraine","/health/migraine","NHS","content"
"/health/migraine","/health/migraine","NHS","content"
"/health/migraine","/health/migraine","질병관리청 국가건강정보포털","content"
"/health/migraine","/health/migraine","NIH/MedlinePlus","content"
"/health/migraine","/health/migraine","NHS","content"
"/health/migraine","/health/trust/sources-policy","출처 선정 기준","content"
"/health/migraine","/health/trust/editorial-policy","편집 원칙","content"
"/health/migraine","/health/trust/medical-review-policy","의료 검수 현재 상태","content"
"/health/migraine","/health","건강 가이드 전체 보기","content"
"/health/migraine","/health/tools/migraine-visit-card","두통 진료 준비표두통 발생일·생활 영향과 실제 약 사용일·반응을 나누어 진료 질문과 답을 남기는 인쇄 양식입니다.","content"
"/health/migraine","/health","20개 질환 안내","navigation"
"/health/migraine","/health/guides/danger-signals","위험 신호","navigation"
"/health/migraine","/health/guides/appointment-questions","진료 질문 준비","navigation"
"/health/migraine","/health","건강 기록 도구","navigation"
"/health/migraine","/health/trust/author","작성자","navigation"
"/health/migraine","/health/trust/sources-policy","출처 원칙","navigation"
"/health/migraine","/health/trust/corrections-policy","정정·문의","navigation"
"/health/migraine","/health/trust/ai-disclosure","AI 활용 공개","navigation"
"/health/migraine","/health/trust/advertising","광고 정책","navigation"
"/health/migraine","/health/trust/disclaimer","면책 안내","navigation"
"/health/migraine","/health/trust/privacy","개인정보","navigation"
"/health/migraine","/health/trust/terms","이용약관","navigation"
"/health/obesity","/health/obesity","본문으로 건너뛰기","content"
"/health/obesity","/","OONURIM오누림","navigation"
"/health/obesity","/health","질환 알아보기","navigation"
"/health/obesity","/health/guides/danger-signals","몸이 보내는 신호","navigation"
"/health/obesity","/health/guides/reading-health-results","검사·건강수치","navigation"
"/health/obesity","/health/guides/family-medication-support","가족 건강","navigation"
"/health/obesity","/health","건강 도구","navigation"
"/health/obesity","/health/trust/about","오누림 소개","navigation"
"/health/obesity","/health/trust/author","박영훈 · 비의료인 건강정보 편집자","navigation"
"/health/obesity","/health/obesity","응급 신호와 119 안내 바로 보기","content"
"/health/obesity","/health/obesity","SRC-NIDDK-OBESITY-DEFINITION","content"
"/health/obesity","/health/obesity","SRC-NIDDK-OBESITY-FACTORS","content"
"/health/obesity","/health/obesity","NIH/NIDDK","content"
"/health/obesity","/health/obesity","NIH/NIDDK","content"
"/health/obesity","/health/obesity","NIH/NIDDK","content"
"/health/obesity","/health/obesity","서울아산병원","content"
"/health/obesity","/health/obesity","MedlinePlus / A.D.A.M.","content"
"/health/obesity","/health/guides/medication-list","약·보충제 이름과 변경 시기 정리하기","content"
"/health/obesity","/health/tools/obesity-visit-card","비만 상담에 가져갈 질문 카드","content"
"/health/obesity","/health/obesity","NIH/NIDDK","content"
"/health/obesity","/health/obesity","MedlinePlus / A.D.A.M.","content"
"/health/obesity","/health/guides/danger-signals","체중 문제와 별개로 먼저 대응할 위험 신호","content"
"/health/obesity","/health/obesity","MedlinePlus / A.D.A.M.","content"
"/health/obesity","/health/obesity","MedlinePlus / A.D.A.M.","content"
"/health/obesity","/health/obesity","질병관리청 국가건강정보포털","content"
"/health/obesity","/health/obesity","NIH/NIDDK","content"
"/health/obesity","/health/obesity","NIH/NIDDK","content"
"/health/obesity","/health/obesity","NIH/NIDDK","content"
"/health/obesity","/health/type-2-diabetes","혈당 검사를 함께 설명받았다면","content"
"/health/obesity","/health/sleep-apnea","코골이와 수면 중 호흡 문제가 걱정된다면","content"
"/health/obesity","/health/obesity","NIH/NIDDK","content"
"/health/obesity","/health/obesity","NIH/NIDDK","content"
"/health/obesity","/health/obesity","NIH/NIDDK","content"
"/health/obesity","/health/obesity","MedlinePlus / A.D.A.M.","content"
"/health/obesity","/health/guides/appointment-questions","가장 중요한 진료 질문부터 고르는 방법","content"
"/health/obesity","/health/obesity","NIH/NIDDK","content"
"/health/obesity","/health/obesity","NIH/NIDDK","content"
"/health/obesity","/health/obesity","NIH/NIDDK","content"
"/health/obesity","/health/obesity","서울아산병원","content"
"/health/obesity","/health/obesity","NIH/NIDDK","content"
"/health/obesity","/health/obesity","서울아산병원","content"
"/health/obesity","/health/obesity","NIH/NIDDK","content"
"/health/obesity","/health/obesity","NIH/NIDDK","content"
"/health/obesity","/health/obesity","MedlinePlus / A.D.A.M.","content"
"/health/obesity","/health/obesity","NIH/NIDDK","content"
"/health/obesity","/health/obesity","NIH/NIDDK","content"
"/health/obesity","/health/obesity","MedlinePlus / A.D.A.M.","content"
"/health/obesity","/health/obesity","NIH/NIDDK","content"
"/health/obesity","/health/trust/sources-policy","출처 선정 기준","content"
"/health/obesity","/health/trust/editorial-policy","편집 원칙","content"
"/health/obesity","/health/trust/medical-review-policy","의료 검수 현재 상태","content"
"/health/obesity","/health","건강 가이드 전체 보기","content"
"/health/obesity","/health/tools/obesity-visit-card","비만 상담 메모체중과 함께 달라진 생활·약, 본인이 원하는 도움과 상담 질문을 정리하는 인쇄 보조표입니다.","content"
"/health/obesity","/health","20개 질환 안내","navigation"
"/health/obesity","/health/guides/danger-signals","위험 신호","navigation"
"/health/obesity","/health/guides/appointment-questions","진료 질문 준비","navigation"
"/health/obesity","/health","건강 기록 도구","navigation"
"/health/obesity","/health/trust/author","작성자","navigation"
"/health/obesity","/health/trust/sources-policy","출처 원칙","navigation"
"/health/obesity","/health/trust/corrections-policy","정정·문의","navigation"
"/health/obesity","/health/trust/ai-disclosure","AI 활용 공개","navigation"
"/health/obesity","/health/trust/advertising","광고 정책","navigation"
"/health/obesity","/health/trust/disclaimer","면책 안내","navigation"
"/health/obesity","/health/trust/privacy","개인정보","navigation"
"/health/obesity","/health/trust/terms","이용약관","navigation"
"/health/osteoarthritis","/health/osteoarthritis","본문으로 건너뛰기","content"
"/health/osteoarthritis","/","OONURIM오누림","navigation"
"/health/osteoarthritis","/health","질환 알아보기","navigation"
"/health/osteoarthritis","/health/guides/danger-signals","몸이 보내는 신호","navigation"
"/health/osteoarthritis","/health/guides/reading-health-results","검사·건강수치","navigation"
"/health/osteoarthritis","/health/guides/family-medication-support","가족 건강","navigation"
"/health/osteoarthritis","/health","건강 도구","navigation"
"/health/osteoarthritis","/health/trust/about","오누림 소개","navigation"
"/health/osteoarthritis","/health/trust/author","박영훈 · 비의료인 건강정보 편집자","navigation"
"/health/osteoarthritis","/health/osteoarthritis","응급 신호와 119 안내 바로 보기","content"
"/health/osteoarthritis","/health/osteoarthritis","SRC-KDCA-OA","content"
"/health/osteoarthritis","/health/osteoarthritis","SRC-NIAMS-OA","content"
"/health/osteoarthritis","/health/tools/oa-daily-activity-log","관절 일상 변화 기록표 열기","content"
"/health/osteoarthritis","/health/osteoarthritis","NIH/NIAMS","content"
"/health/osteoarthritis","/health/osteoarthritis","NIH/NIAMS","content"
"/health/osteoarthritis","/health/osteoarthritis","질병관리청 국가건강정보포털","content"
"/health/osteoarthritis","/health/osteoarthritis","NIH/NIAMS","content"
"/health/osteoarthritis","/health/osteoarthritis","CDC","content"
"/health/osteoarthritis","/health/gout","통풍과 요산 수치도 증상만으로 확정하지 않기","content"
"/health/osteoarthritis","/health/osteoarthritis","NHS","content"
"/health/osteoarthritis","/health/osteoarthritis","질병관리청 국가건강정보포털","content"
"/health/osteoarthritis","/health/osteoarthritis","NIH/NIAMS","content"
"/health/osteoarthritis","/health/guides/appointment-questions","검사 목적과 다음 진료 질문 정리하기","content"
"/health/osteoarthritis","/health/osteoarthritis","NIH/NIAMS","content"
"/health/osteoarthritis","/health/osteoarthritis","질병관리청 국가건강정보포털","content"
"/health/osteoarthritis","/health/osteoarthritis","CDC","content"
"/health/osteoarthritis","/health/osteoarthritis","NIH/NIAMS","content"
"/health/osteoarthritis","/health/guides/medication-list","복용약·일반의약품 목록 준비하기","content"
"/health/osteoarthritis","/health/tools/oa-visit-questions","골관절염 진료 질문 카드","content"
"/health/osteoarthritis","/health/osteoarthritis","NIH/NIAMS","content"
"/health/osteoarthritis","/health/osteoarthritis","질병관리청 국가건강정보포털","content"
"/health/osteoarthritis","/health/tools/oa-family-support","관절 불편 가족 지원 체크","content"
"/health/osteoarthritis","/health/osteoarthritis","NIH/NIAMS","content"
"/health/osteoarthritis","/health/osteoarthritis","NIH/NIAMS","content"
"/health/osteoarthritis","/health/osteoarthritis","질병관리청 국가건강정보포털","content"
"/health/osteoarthritis","/health/osteoarthritis","CDC","content"
"/health/osteoarthritis","/health/osteoarthritis","NIH/NIAMS","content"
"/health/osteoarthritis","/health/osteoarthritis","CDC","content"
"/health/osteoarthritis","/health/osteoarthritis","NHS","content"
"/health/osteoarthritis","/health/osteoarthritis","NIH/NIAMS","content"
"/health/osteoarthritis","/health/osteoarthritis","NIH/NIAMS","content"
"/health/osteoarthritis","/health/osteoarthritis","NIH/NIAMS","content"
"/health/osteoarthritis","/health/osteoarthritis","NHS","content"
"/health/osteoarthritis","/health/trust/sources-policy","출처 선정 기준","content"
"/health/osteoarthritis","/health/trust/editorial-policy","편집 원칙","content"
"/health/osteoarthritis","/health/trust/medical-review-policy","의료 검수 현재 상태","content"
"/health/osteoarthritis","/health","건강 가이드 전체 보기","content"
"/health/osteoarthritis","/health/tools/oa-daily-activity-log","관절 일상 변화 기록표활동 전후의 관절 변화와 일상 영향을 적는 관찰표입니다.","content"
"/health/osteoarthritis","/health/tools/oa-visit-questions","골관절염 진료 질문 카드원인 확인과 개인별 활동·치료 선택을 묻기 위한 질문 카드입니다.","content"
"/health/osteoarthritis","/health/tools/oa-family-support","관절 불편 가족 지원 체크속도를 재촉하지 않고 일상 지원과 질문 준비를 돕는 체크리스트입니다.","content"
"/health/osteoarthritis","/health","20개 질환 안내","navigation"
"/health/osteoarthritis","/health/guides/danger-signals","위험 신호","navigation"
"/health/osteoarthritis","/health/guides/appointment-questions","진료 질문 준비","navigation"
"/health/osteoarthritis","/health","건강 기록 도구","navigation"
"/health/osteoarthritis","/health/trust/author","작성자","navigation"
"/health/osteoarthritis","/health/trust/sources-policy","출처 원칙","navigation"
"/health/osteoarthritis","/health/trust/corrections-policy","정정·문의","navigation"
"/health/osteoarthritis","/health/trust/ai-disclosure","AI 활용 공개","navigation"
"/health/osteoarthritis","/health/trust/advertising","광고 정책","navigation"
"/health/osteoarthritis","/health/trust/disclaimer","면책 안내","navigation"
"/health/osteoarthritis","/health/trust/privacy","개인정보","navigation"
"/health/osteoarthritis","/health/trust/terms","이용약관","navigation"
"/health/osteoporosis","/health/osteoporosis","본문으로 건너뛰기","content"
"/health/osteoporosis","/","OONURIM오누림","navigation"
"/health/osteoporosis","/health","질환 알아보기","navigation"
"/health/osteoporosis","/health/guides/danger-signals","몸이 보내는 신호","navigation"
"/health/osteoporosis","/health/guides/reading-health-results","검사·건강수치","navigation"
"/health/osteoporosis","/health/guides/family-medication-support","가족 건강","navigation"
"/health/osteoporosis","/health","건강 도구","navigation"
"/health/osteoporosis","/health/trust/about","오누림 소개","navigation"
"/health/osteoporosis","/health/trust/author","박영훈 · 비의료인 건강정보 편집자","navigation"
"/health/osteoporosis","/health/osteoporosis","응급 신호와 119 안내 바로 보기","content"
"/health/osteoporosis","/health/osteoporosis","SRC-KDCA-OP","content"
"/health/osteoporosis","/health/osteoporosis","SRC-NIAMS-OP","content"
"/health/osteoporosis","/health/osteoporosis","NIH/NIAMS","content"
"/health/osteoporosis","/health/osteoporosis","질병관리청 국가건강정보포털","content"
"/health/osteoporosis","/health/guides/reading-health-results","검사표의 이름·단위·설명 함께 읽기","content"
"/health/osteoporosis","/health/osteoporosis","NIH/NIAMS","content"
"/health/osteoporosis","/health/osteoporosis","NIH/MedlinePlus","content"
"/health/osteoporosis","/health/osteoporosis","International Society for Clinical Densitometry","content"
"/health/osteoporosis","/health/osteoporosis","질병관리청 국가건강정보포털","content"
"/health/osteoporosis","/health/osteoporosis","NIH/NIAMS","content"
"/health/osteoporosis","/health/osteoporosis","NIH/MedlinePlus","content"
"/health/osteoporosis","/health/guides/danger-signals","온라인 정보보다 응급 도움이 먼저인 신호","content"
"/health/osteoporosis","/health/osteoporosis","NHS","content"
"/health/osteoporosis","/health/osteoporosis","질병관리청 국가건강정보포털","content"
"/health/osteoporosis","/health/tools/osteoporosis-appointment-prep","골다공증 진료 준비표","content"
"/health/osteoporosis","/health/guides/medication-list","복용약·보충제 목록 작성하기","content"
"/health/osteoporosis","/health/osteoporosis","NIH/NIAMS","content"
"/health/osteoporosis","/health/osteoporosis","NIH/NIAMS","content"
"/health/osteoporosis","/health/osteoporosis","International Society for Clinical Densitometry","content"
"/health/osteoporosis","/health/tools/osteoporosis-home-check","낙상 위험 집안 점검표","content"
"/health/osteoporosis","/health/osteoporosis","NIH/NIAMS","content"
"/health/osteoporosis","/health/osteoporosis","질병관리청 국가건강정보포털","content"
"/health/osteoporosis","/health/guides/older-parent-health-organizer","부모님 건강정보를 동의 아래 함께 정리하기","content"
"/health/osteoporosis","/health/osteoporosis","NIH/NIAMS","content"
"/health/osteoporosis","/health/osteoporosis","질병관리청 국가건강정보포털","content"
"/health/osteoporosis","/health/osteoporosis","NIH/NIAMS","content"
"/health/osteoporosis","/health/osteoporosis","질병관리청 국가건강정보포털","content"
"/health/osteoporosis","/health/osteoporosis","International Society for Clinical Densitometry","content"
"/health/osteoporosis","/health/osteoporosis","NIH/NIAMS","content"
"/health/osteoporosis","/health/osteoporosis","NIH/MedlinePlus","content"
"/health/osteoporosis","/health/osteoporosis","NHS","content"
"/health/osteoporosis","/health/osteoporosis","NIH/NIAMS","content"
"/health/osteoporosis","/health/osteoporosis","질병관리청 국가건강정보포털","content"
"/health/osteoporosis","/health/osteoporosis","International Society for Clinical Densitometry","content"
"/health/osteoporosis","/health/trust/sources-policy","출처 선정 기준","content"
"/health/osteoporosis","/health/trust/editorial-policy","편집 원칙","content"
"/health/osteoporosis","/health/trust/medical-review-policy","의료 검수 현재 상태","content"
"/health/osteoporosis","/health","건강 가이드 전체 보기","content"
"/health/osteoporosis","/health/tools/osteoporosis-appointment-prep","골다공증 진료 준비표골절·낙상·복용 약과 검사 질문을 정리하는 준비표입니다.","content"
"/health/osteoporosis","/health/tools/osteoporosis-home-check","낙상 위험 집안 점검표통로와 조명을 점검하되 골절 예방을 보장하지 않는 체크리스트입니다.","content"
"/health/osteoporosis","/health/tools/osteoporosis-terms","골밀도 검사 용어 카드골밀도 검사와 결과 해석의 경계를 구분하는 안내입니다.","content"
"/health/osteoporosis","/health","20개 질환 안내","navigation"
"/health/osteoporosis","/health/guides/danger-signals","위험 신호","navigation"
"/health/osteoporosis","/health/guides/appointment-questions","진료 질문 준비","navigation"
"/health/osteoporosis","/health","건강 기록 도구","navigation"
"/health/osteoporosis","/health/trust/author","작성자","navigation"
"/health/osteoporosis","/health/trust/sources-policy","출처 원칙","navigation"
"/health/osteoporosis","/health/trust/corrections-policy","정정·문의","navigation"
"/health/osteoporosis","/health/trust/ai-disclosure","AI 활용 공개","navigation"
"/health/osteoporosis","/health/trust/advertising","광고 정책","navigation"
"/health/osteoporosis","/health/trust/disclaimer","면책 안내","navigation"
"/health/osteoporosis","/health/trust/privacy","개인정보","navigation"
"/health/osteoporosis","/health/trust/terms","이용약관","navigation"
"/health/sleep-apnea","/health/sleep-apnea","본문으로 건너뛰기","content"
"/health/sleep-apnea","/","OONURIM오누림","navigation"
"/health/sleep-apnea","/health","질환 알아보기","navigation"
"/health/sleep-apnea","/health/guides/danger-signals","몸이 보내는 신호","navigation"
"/health/sleep-apnea","/health/guides/reading-health-results","검사·건강수치","navigation"
"/health/sleep-apnea","/health/guides/family-medication-support","가족 건강","navigation"
"/health/sleep-apnea","/health","건강 도구","navigation"
"/health/sleep-apnea","/health/trust/about","오누림 소개","navigation"
"/health/sleep-apnea","/health/trust/author","박영훈 · 비의료인 건강정보 편집자","navigation"
"/health/sleep-apnea","/health/sleep-apnea","응급 신호와 119 안내 바로 보기","content"
"/health/sleep-apnea","/health/sleep-apnea","SRC-NHLBI-APNEA-OVERVIEW","content"
"/health/sleep-apnea","/health/sleep-apnea","SRC-NHLBI-APNEA-SYMPTOMS","content"
"/health/sleep-apnea","/health/sleep-apnea","NIH/NHLBI","content"
"/health/sleep-apnea","/health/sleep-apnea","질병관리청 국가건강정보포털","content"
"/health/sleep-apnea","/health/tools/sleep-apnea-visit-card","수면무호흡증 관찰·진료 질문 카드","content"
"/health/sleep-apnea","/health/guides/symptom-journal","관찰과 추측을 나눠 쓰는 증상 기록","content"
"/health/sleep-apnea","/health/sleep-apnea","NIH/NHLBI","content"
"/health/sleep-apnea","/health/sleep-apnea","NIH/NHLBI","content"
"/health/sleep-apnea","/health/sleep-apnea","질병관리청 국가건강정보포털","content"
"/health/sleep-apnea","/health/obesity","체형 하나보다 생활·건강 변화를 함께 상담하기","content"
"/health/sleep-apnea","/health/sleep-apnea","NIH/NHLBI","content"
"/health/sleep-apnea","/health/sleep-apnea","NIH/NHLBI","content"
"/health/sleep-apnea","/health/sleep-apnea","질병관리청 국가건강정보포털","content"
"/health/sleep-apnea","/health/guides/reading-health-results","검사명·조건·추적 안내를 함께 읽기","content"
"/health/sleep-apnea","/health/sleep-apnea","American Academy of Sleep Medicine","content"
"/health/sleep-apnea","/health/sleep-apnea","U.S. FDA","content"
"/health/sleep-apnea","/health/sleep-apnea","질병관리청 국가건강정보포털","content"
"/health/sleep-apnea","/health/guides/medication-list","진료팀에 알릴 복용 약 목록","content"
"/health/sleep-apnea","/health/guides/appointment-questions","검사 결과와 다음 행동을 묻는 질문","content"
"/health/sleep-apnea","/health/sleep-apnea","American Academy of Sleep Medicine","content"
"/health/sleep-apnea","/health/sleep-apnea","NIH/NHLBI","content"
"/health/sleep-apnea","/health/sleep-apnea","NIH/NHLBI","content"
"/health/sleep-apnea","/health/sleep-apnea","NIH/NHLBI","content"
"/health/sleep-apnea","/health/sleep-apnea","질병관리청 국가건강정보포털","content"
"/health/sleep-apnea","/health/guides/danger-signals","호흡·의식 변화의 즉각 도움 신호","content"
"/health/sleep-apnea","/health/sleep-apnea","NIH/NHLBI","content"
"/health/sleep-apnea","/health/sleep-apnea","St John Ambulance","content"
"/health/sleep-apnea","/health/sleep-apnea","St John Ambulance","content"
"/health/sleep-apnea","/health/sleep-apnea","NHS","content"
"/health/sleep-apnea","/health/sleep-apnea","질병관리청 국가건강정보포털","content"
"/health/sleep-apnea","/health/sleep-apnea","NIH/NHLBI","content"
"/health/sleep-apnea","/health/sleep-apnea","NIH/NHLBI","content"
"/health/sleep-apnea","/health/sleep-apnea","U.S. FDA","content"
"/health/sleep-apnea","/health/sleep-apnea","American Academy of Sleep Medicine","content"
"/health/sleep-apnea","/health/sleep-apnea","American Academy of Sleep Medicine","content"
"/health/sleep-apnea","/health/sleep-apnea","NIH/NHLBI","content"
"/health/sleep-apnea","/health/sleep-apnea","NIH/NHLBI","content"
"/health/sleep-apnea","/health/sleep-apnea","NIH/NHLBI","content"
"/health/sleep-apnea","/health/trust/sources-policy","출처 선정 기준","content"
"/health/sleep-apnea","/health/trust/editorial-policy","편집 원칙","content"
"/health/sleep-apnea","/health/trust/medical-review-policy","의료 검수 현재 상태","content"
"/health/sleep-apnea","/health","건강 가이드 전체 보기","content"
"/health/sleep-apnea","/health/tools/sleep-apnea-visit-card","밤·낮 수면 질문지본인의 낮 졸림과 동의한 상대의 밤 관찰을 나눠 적고 수면검사·다음 계획을 질문하는 인쇄 양식입니다.","content"
"/health/sleep-apnea","/health","20개 질환 안내","navigation"
"/health/sleep-apnea","/health/guides/danger-signals","위험 신호","navigation"
"/health/sleep-apnea","/health/guides/appointment-questions","진료 질문 준비","navigation"
"/health/sleep-apnea","/health","건강 기록 도구","navigation"
"/health/sleep-apnea","/health/trust/author","작성자","navigation"
"/health/sleep-apnea","/health/trust/sources-policy","출처 원칙","navigation"
"/health/sleep-apnea","/health/trust/corrections-policy","정정·문의","navigation"
"/health/sleep-apnea","/health/trust/ai-disclosure","AI 활용 공개","navigation"
"/health/sleep-apnea","/health/trust/advertising","광고 정책","navigation"
"/health/sleep-apnea","/health/trust/disclaimer","면책 안내","navigation"
"/health/sleep-apnea","/health/trust/privacy","개인정보","navigation"
"/health/sleep-apnea","/health/trust/terms","이용약관","navigation"
"/health/stroke","/health/stroke","본문으로 건너뛰기","content"
"/health/stroke","/","OONURIM오누림","navigation"
"/health/stroke","/health","질환 알아보기","navigation"
"/health/stroke","/health/guides/danger-signals","몸이 보내는 신호","navigation"
"/health/stroke","/health/guides/reading-health-results","검사·건강수치","navigation"
"/health/stroke","/health/guides/family-medication-support","가족 건강","navigation"
"/health/stroke","/health","건강 도구","navigation"
"/health/stroke","/health/trust/about","오누림 소개","navigation"
"/health/stroke","/health/trust/author","박영훈 · 비의료인 건강정보 편집자","navigation"
"/health/stroke","/health/stroke","응급 신호와 119 안내 바로 보기","content"
"/health/stroke","/health/stroke","SRC-KDCA-STROKE-PUBLIC","content"
"/health/stroke","/health/stroke","SRC-KDCA-STROKE-119","content"
"/health/stroke","/health/guides/danger-signals","119 도움을 먼저 요청할 다른 위험 신호","content"
"/health/stroke","/health/stroke","질병관리청 국가건강정보포털","content"
"/health/stroke","/health/stroke","질병관리청","content"
"/health/stroke","/health/stroke","CDC","content"
"/health/stroke","/health/stroke","질병관리청 국가건강정보포털","content"
"/health/stroke","/health/stroke","CDC","content"
"/health/stroke","/health/stroke","NIH/NHLBI","content"
"/health/stroke","/health/stroke","NIH/NHLBI","content"
"/health/stroke","/health/stroke","Stroke Foundation Australia","content"
"/health/stroke","/health/stroke","질병관리청 국가건강정보포털","content"
"/health/stroke","/health/stroke","CDC","content"
"/health/stroke","/health/stroke","NIH/NHLBI","content"
"/health/stroke","/health/tools/stroke-visit-card","신고 후 전달 내용과 후속 질문을 확인할 뇌졸중 카드","content"
"/health/stroke","/health/stroke","Wisconsin Department of Health Services","content"
"/health/stroke","/health/stroke","Stroke Foundation Australia","content"
"/health/stroke","/health/stroke","CDC","content"
"/health/stroke","/health/guides/medication-list","평소에 준비해 두는 복용약 목록","content"
"/health/stroke","/health/stroke","Stroke Foundation Australia","content"
"/health/stroke","/health/stroke","질병관리청 국가건강정보포털","content"
"/health/stroke","/health/stroke","NIH/NHLBI","content"
"/health/stroke","/health/guides/appointment-questions","치료 뒤 다음 행동을 확인하는 진료 질문","content"
"/health/stroke","/health/hypertension","응급 대응과 구분해 이어가는 평소 혈압 관리","content"
"/health/stroke","/health/stroke","NIH/NHLBI","content"
"/health/stroke","/health/stroke","NIH/NHLBI","content"
"/health/stroke","/health/stroke","질병관리청 국가건강정보포털","content"
"/health/stroke","/health/stroke","질병관리청 국가건강정보포털","content"
"/health/stroke","/health/stroke","질병관리청 국가건강정보포털","content"
"/health/stroke","/health/stroke","질병관리청","content"
"/health/stroke","/health/stroke","CDC","content"
"/health/stroke","/health/stroke","질병관리청 국가건강정보포털","content"
"/health/stroke","/health/stroke","CDC","content"
"/health/stroke","/health/stroke","Wisconsin Department of Health Services","content"
"/health/stroke","/health/stroke","Stroke Foundation Australia","content"
"/health/stroke","/health/stroke","CDC","content"
"/health/stroke","/health/stroke","Stroke Foundation Australia","content"
"/health/stroke","/health/stroke","NIH/NHLBI","content"
"/health/stroke","/health/stroke","NIH/NHLBI","content"
"/health/stroke","/health/stroke","NIH/NHLBI","content"
"/health/stroke","/health/stroke","CDC","content"
"/health/stroke","/health/stroke","NIH/NHLBI","content"
"/health/stroke","/health/stroke","질병관리청 국가건강정보포털","content"
"/health/stroke","/health/trust/sources-policy","출처 선정 기준","content"
"/health/stroke","/health/trust/editorial-policy","편집 원칙","content"
"/health/stroke","/health/trust/medical-review-policy","의료 검수 현재 상태","content"
"/health/stroke","/health","건강 가이드 전체 보기","content"
"/health/stroke","/health/tools/stroke-visit-card","뇌졸중 전달 메모119 신고 후 두 시각·관찰한 변화를 전하고, 응급 평가·치료 뒤 질문을 따로 확인하는 보조표입니다.","content"
"/health/stroke","/health","20개 질환 안내","navigation"
"/health/stroke","/health/guides/danger-signals","위험 신호","navigation"
"/health/stroke","/health/guides/appointment-questions","진료 질문 준비","navigation"
"/health/stroke","/health","건강 기록 도구","navigation"
"/health/stroke","/health/trust/author","작성자","navigation"
"/health/stroke","/health/trust/sources-policy","출처 원칙","navigation"
"/health/stroke","/health/trust/corrections-policy","정정·문의","navigation"
"/health/stroke","/health/trust/ai-disclosure","AI 활용 공개","navigation"
"/health/stroke","/health/trust/advertising","광고 정책","navigation"
"/health/stroke","/health/trust/disclaimer","면책 안내","navigation"
"/health/stroke","/health/trust/privacy","개인정보","navigation"
"/health/stroke","/health/trust/terms","이용약관","navigation"
"/health/tools/acute-myocardial-infarction-visit-card","/health/tools/acute-myocardial-infarction-visit-card","본문으로 건너뛰기","content"
"/health/tools/acute-myocardial-infarction-visit-card","/","OONURIM오누림","navigation"
"/health/tools/acute-myocardial-infarction-visit-card","/health","질환 알아보기","navigation"
"/health/tools/acute-myocardial-infarction-visit-card","/health/guides/danger-signals","몸이 보내는 신호","navigation"
"/health/tools/acute-myocardial-infarction-visit-card","/health/guides/reading-health-results","검사·건강수치","navigation"
"/health/tools/acute-myocardial-infarction-visit-card","/health/guides/family-medication-support","가족 건강","navigation"
"/health/tools/acute-myocardial-infarction-visit-card","/health","건강 도구","navigation"
"/health/tools/acute-myocardial-infarction-visit-card","/health/trust/about","오누림 소개","navigation"
"/health/tools/acute-myocardial-infarction-visit-card","/health/acute-myocardial-infarction","급성심근경색, 얼마나 아파야 119를 불러야 할까요? 해설 읽기","navigation"
"/health/tools/acute-myocardial-infarction-visit-card","/health/acute-myocardial-infarction","이 질환 안내의 위험 신호와 도움 요청 행동","content"
"/health/tools/acute-myocardial-infarction-visit-card","/health/guides/danger-signals","증상 기록보다 긴급 도움이 먼저인 다른 신호","content"
"/health/tools/acute-myocardial-infarction-visit-card","/health/guides/medication-list","평소 준비할 약·알레르기 목록과 실제 사용 정보","content"
"/health/tools/acute-myocardial-infarction-visit-card","/health/guides/appointment-questions","치료 뒤 개인 계획과 연락처를 확인하는 질문","content"
"/health/tools/acute-myocardial-infarction-visit-card","/health/trust/medical-review-policy","의료 검토 상태","navigation"
"/health/tools/acute-myocardial-infarction-visit-card","/health/trust/privacy","기록·개인정보 안내","navigation"
"/health/tools/acute-myocardial-infarction-visit-card","/health","20개 질환 안내","navigation"
"/health/tools/acute-myocardial-infarction-visit-card","/health/guides/danger-signals","위험 신호","navigation"
"/health/tools/acute-myocardial-infarction-visit-card","/health/guides/appointment-questions","진료 질문 준비","navigation"
"/health/tools/acute-myocardial-infarction-visit-card","/health","건강 기록 도구","navigation"
"/health/tools/acute-myocardial-infarction-visit-card","/health/trust/author","작성자","navigation"
"/health/tools/acute-myocardial-infarction-visit-card","/health/trust/sources-policy","출처 원칙","navigation"
"/health/tools/acute-myocardial-infarction-visit-card","/health/trust/corrections-policy","정정·문의","navigation"
"/health/tools/acute-myocardial-infarction-visit-card","/health/trust/ai-disclosure","AI 활용 공개","navigation"
"/health/tools/acute-myocardial-infarction-visit-card","/health/trust/advertising","광고 정책","navigation"
"/health/tools/acute-myocardial-infarction-visit-card","/health/trust/disclaimer","면책 안내","navigation"
"/health/tools/acute-myocardial-infarction-visit-card","/health/trust/privacy","개인정보","navigation"
"/health/tools/acute-myocardial-infarction-visit-card","/health/trust/terms","이용약관","navigation"
"/health/tools/allergy-appointment-questions","/health/tools/allergy-appointment-questions","본문으로 건너뛰기","content"
"/health/tools/allergy-appointment-questions","/","OONURIM오누림","navigation"
"/health/tools/allergy-appointment-questions","/health","질환 알아보기","navigation"
"/health/tools/allergy-appointment-questions","/health/guides/danger-signals","몸이 보내는 신호","navigation"
"/health/tools/allergy-appointment-questions","/health/guides/reading-health-results","검사·건강수치","navigation"
"/health/tools/allergy-appointment-questions","/health/guides/family-medication-support","가족 건강","navigation"
"/health/tools/allergy-appointment-questions","/health","건강 도구","navigation"
"/health/tools/allergy-appointment-questions","/health/trust/about","오누림 소개","navigation"
"/health/tools/allergy-appointment-questions","/health/allergic-rhinitis","알레르기 비염, 감기와의 차이부터 검사·코 스프레이까지 해설 읽기","navigation"
"/health/tools/allergy-appointment-questions","/health/tools/allergy-trigger-observation","진료에 가져갈 증상 시각·장소·수면 관찰표","content"
"/health/tools/allergy-appointment-questions","/health/guides/medication-list","약·스프레이 제품명과 실제 사용법을 정리하는 목록","content"
"/health/tools/allergy-appointment-questions","/health/guides/appointment-questions","설명받은 다음 행동·문의처를 확인하는 진료 준비 순서","content"
"/health/tools/allergy-appointment-questions","/health/trust/medical-review-policy","의료 검토 상태","navigation"
"/health/tools/allergy-appointment-questions","/health/trust/privacy","기록·개인정보 안내","navigation"
"/health/tools/allergy-appointment-questions","/health","20개 질환 안내","navigation"
"/health/tools/allergy-appointment-questions","/health/guides/danger-signals","위험 신호","navigation"
"/health/tools/allergy-appointment-questions","/health/guides/appointment-questions","진료 질문 준비","navigation"
"/health/tools/allergy-appointment-questions","/health","건강 기록 도구","navigation"
"/health/tools/allergy-appointment-questions","/health/trust/author","작성자","navigation"
"/health/tools/allergy-appointment-questions","/health/trust/sources-policy","출처 원칙","navigation"
"/health/tools/allergy-appointment-questions","/health/trust/corrections-policy","정정·문의","navigation"
"/health/tools/allergy-appointment-questions","/health/trust/ai-disclosure","AI 활용 공개","navigation"
"/health/tools/allergy-appointment-questions","/health/trust/advertising","광고 정책","navigation"
"/health/tools/allergy-appointment-questions","/health/trust/disclaimer","면책 안내","navigation"
"/health/tools/allergy-appointment-questions","/health/trust/privacy","개인정보","navigation"
"/health/tools/allergy-appointment-questions","/health/trust/terms","이용약관","navigation"
"/health/tools/allergy-environment-check","/health/tools/allergy-environment-check","본문으로 건너뛰기","content"
"/health/tools/allergy-environment-check","/","OONURIM오누림","navigation"
"/health/tools/allergy-environment-check","/health","질환 알아보기","navigation"
"/health/tools/allergy-environment-check","/health/guides/danger-signals","몸이 보내는 신호","navigation"
"/health/tools/allergy-environment-check","/health/guides/reading-health-results","검사·건강수치","navigation"
"/health/tools/allergy-environment-check","/health/guides/family-medication-support","가족 건강","navigation"
"/health/tools/allergy-environment-check","/health","건강 도구","navigation"
"/health/tools/allergy-environment-check","/health/trust/about","오누림 소개","navigation"
"/health/tools/allergy-environment-check","/health/allergic-rhinitis","알레르기 비염, 감기와의 차이부터 검사·코 스프레이까지 해설 읽기","navigation"
"/health/tools/allergy-environment-check","/health/tools/allergy-trigger-observation","증상 시각·장소·기존 약 사용을 적는 비염 관찰표","content"
"/health/tools/allergy-environment-check","/health/tools/allergy-appointment-questions","관찰만으로 알 수 없는 원인과 치료를 묻는 질문 카드","content"
"/health/tools/allergy-environment-check","/health/trust/medical-review-policy","의료 검토 상태","navigation"
"/health/tools/allergy-environment-check","/health/trust/privacy","기록·개인정보 안내","navigation"
"/health/tools/allergy-environment-check","/health","20개 질환 안내","navigation"
"/health/tools/allergy-environment-check","/health/guides/danger-signals","위험 신호","navigation"
"/health/tools/allergy-environment-check","/health/guides/appointment-questions","진료 질문 준비","navigation"
"/health/tools/allergy-environment-check","/health","건강 기록 도구","navigation"
"/health/tools/allergy-environment-check","/health/trust/author","작성자","navigation"
"/health/tools/allergy-environment-check","/health/trust/sources-policy","출처 원칙","navigation"
"/health/tools/allergy-environment-check","/health/trust/corrections-policy","정정·문의","navigation"
"/health/tools/allergy-environment-check","/health/trust/ai-disclosure","AI 활용 공개","navigation"
"/health/tools/allergy-environment-check","/health/trust/advertising","광고 정책","navigation"
"/health/tools/allergy-environment-check","/health/trust/disclaimer","면책 안내","navigation"
"/health/tools/allergy-environment-check","/health/trust/privacy","개인정보","navigation"
"/health/tools/allergy-environment-check","/health/trust/terms","이용약관","navigation"
"/health/tools/allergy-trigger-observation","/health/tools/allergy-trigger-observation","본문으로 건너뛰기","content"
"/health/tools/allergy-trigger-observation","/","OONURIM오누림","navigation"
"/health/tools/allergy-trigger-observation","/health","질환 알아보기","navigation"
"/health/tools/allergy-trigger-observation","/health/guides/danger-signals","몸이 보내는 신호","navigation"
"/health/tools/allergy-trigger-observation","/health/guides/reading-health-results","검사·건강수치","navigation"
"/health/tools/allergy-trigger-observation","/health/guides/family-medication-support","가족 건강","navigation"
"/health/tools/allergy-trigger-observation","/health","건강 도구","navigation"
"/health/tools/allergy-trigger-observation","/health/trust/about","오누림 소개","navigation"
"/health/tools/allergy-trigger-observation","/health/allergic-rhinitis","알레르기 비염, 감기와의 차이부터 검사·코 스프레이까지 해설 읽기","navigation"
"/health/tools/allergy-trigger-observation","/health/tools/allergy-appointment-questions","증상 기록을 가져가 검사·스프레이를 물을 질문 카드","content"
"/health/tools/allergy-trigger-observation","/health/guides/symptom-journal","관찰한 사실과 추측을 나누어 적는 방법","content"
"/health/tools/allergy-trigger-observation","/health/guides/medication-list","스프레이·복용약 이름과 사용법을 정리하는 목록","content"
"/health/tools/allergy-trigger-observation","/health/trust/medical-review-policy","의료 검토 상태","navigation"
"/health/tools/allergy-trigger-observation","/health/trust/privacy","기록·개인정보 안내","navigation"
"/health/tools/allergy-trigger-observation","/health","20개 질환 안내","navigation"
"/health/tools/allergy-trigger-observation","/health/guides/danger-signals","위험 신호","navigation"
"/health/tools/allergy-trigger-observation","/health/guides/appointment-questions","진료 질문 준비","navigation"
"/health/tools/allergy-trigger-observation","/health","건강 기록 도구","navigation"
"/health/tools/allergy-trigger-observation","/health/trust/author","작성자","navigation"
"/health/tools/allergy-trigger-observation","/health/trust/sources-policy","출처 원칙","navigation"
"/health/tools/allergy-trigger-observation","/health/trust/corrections-policy","정정·문의","navigation"
"/health/tools/allergy-trigger-observation","/health/trust/ai-disclosure","AI 활용 공개","navigation"
"/health/tools/allergy-trigger-observation","/health/trust/advertising","광고 정책","navigation"
"/health/tools/allergy-trigger-observation","/health/trust/disclaimer","면책 안내","navigation"
"/health/tools/allergy-trigger-observation","/health/trust/privacy","개인정보","navigation"
"/health/tools/allergy-trigger-observation","/health/trust/terms","이용약관","navigation"
"/health/tools/anxiety-disorder-visit-card","/health/tools/anxiety-disorder-visit-card","본문으로 건너뛰기","content"
"/health/tools/anxiety-disorder-visit-card","/","OONURIM오누림","navigation"
"/health/tools/anxiety-disorder-visit-card","/health","질환 알아보기","navigation"
"/health/tools/anxiety-disorder-visit-card","/health/guides/danger-signals","몸이 보내는 신호","navigation"
"/health/tools/anxiety-disorder-visit-card","/health/guides/reading-health-results","검사·건강수치","navigation"
"/health/tools/anxiety-disorder-visit-card","/health/guides/family-medication-support","가족 건강","navigation"
"/health/tools/anxiety-disorder-visit-card","/health","건강 도구","navigation"
"/health/tools/anxiety-disorder-visit-card","/health/trust/about","오누림 소개","navigation"
"/health/tools/anxiety-disorder-visit-card","/health/anxiety-disorder","불안장애, 같은 불안으로 묶지 않고 살펴보기 해설 읽기","navigation"
"/health/tools/anxiety-disorder-visit-card","/health/anxiety-disorder","이 질환 안내의 위험 신호와 도움 요청 행동","content"
"/health/tools/anxiety-disorder-visit-card","/health/guides/symptom-journal","상황·몸의 관찰과 원인 추측을 구분하는 기록법","content"
"/health/tools/anxiety-disorder-visit-card","/health/guides/medication-list","약 역할·개인 지침과 실제 사용을 함께 준비","content"
"/health/tools/anxiety-disorder-visit-card","/health/guides/appointment-questions","생활 어려움과 다음 연락 방법을 묻는 질문","content"
"/health/tools/anxiety-disorder-visit-card","/health/trust/medical-review-policy","의료 검토 상태","navigation"
"/health/tools/anxiety-disorder-visit-card","/health/trust/privacy","기록·개인정보 안내","navigation"
"/health/tools/anxiety-disorder-visit-card","/health","20개 질환 안내","navigation"
"/health/tools/anxiety-disorder-visit-card","/health/guides/danger-signals","위험 신호","navigation"
"/health/tools/anxiety-disorder-visit-card","/health/guides/appointment-questions","진료 질문 준비","navigation"
"/health/tools/anxiety-disorder-visit-card","/health","건강 기록 도구","navigation"
"/health/tools/anxiety-disorder-visit-card","/health/trust/author","작성자","navigation"
"/health/tools/anxiety-disorder-visit-card","/health/trust/sources-policy","출처 원칙","navigation"
"/health/tools/anxiety-disorder-visit-card","/health/trust/corrections-policy","정정·문의","navigation"
"/health/tools/anxiety-disorder-visit-card","/health/trust/ai-disclosure","AI 활용 공개","navigation"
"/health/tools/anxiety-disorder-visit-card","/health/trust/advertising","광고 정책","navigation"
"/health/tools/anxiety-disorder-visit-card","/health/trust/disclaimer","면책 안내","navigation"
"/health/tools/anxiety-disorder-visit-card","/health/trust/privacy","개인정보","navigation"
"/health/tools/anxiety-disorder-visit-card","/health/trust/terms","이용약관","navigation"
"/health/tools/asthma-visit-card","/health/tools/asthma-visit-card","본문으로 건너뛰기","content"
"/health/tools/asthma-visit-card","/","OONURIM오누림","navigation"
"/health/tools/asthma-visit-card","/health","질환 알아보기","navigation"
"/health/tools/asthma-visit-card","/health/guides/danger-signals","몸이 보내는 신호","navigation"
"/health/tools/asthma-visit-card","/health/guides/reading-health-results","검사·건강수치","navigation"
"/health/tools/asthma-visit-card","/health/guides/family-medication-support","가족 건강","navigation"
"/health/tools/asthma-visit-card","/health","건강 도구","navigation"
"/health/tools/asthma-visit-card","/health/trust/about","오누림 소개","navigation"
"/health/tools/asthma-visit-card","/health/asthma","천식, 기도의 변화와 내 행동계획을 함께 이해하기 해설 읽기","navigation"
"/health/tools/asthma-visit-card","/health/asthma","이 질환 안내의 위험 신호와 도움 요청 행동","content"
"/health/tools/asthma-visit-card","/health/guides/medication-list","흡입기를 포함한 실제 약 이름·지침 준비","content"
"/health/tools/asthma-visit-card","/health/guides/symptom-journal","관찰한 증상과 처방 뒤 반응을 나누어 적기","content"
"/health/tools/asthma-visit-card","/health/guides/appointment-questions","질문 뒤 들은 설명과 연락 계획을 남기는 법","content"
"/health/tools/asthma-visit-card","/health/trust/medical-review-policy","의료 검토 상태","navigation"
"/health/tools/asthma-visit-card","/health/trust/privacy","기록·개인정보 안내","navigation"
"/health/tools/asthma-visit-card","/health","20개 질환 안내","navigation"
"/health/tools/asthma-visit-card","/health/guides/danger-signals","위험 신호","navigation"
"/health/tools/asthma-visit-card","/health/guides/appointment-questions","진료 질문 준비","navigation"
"/health/tools/asthma-visit-card","/health","건강 기록 도구","navigation"
"/health/tools/asthma-visit-card","/health/trust/author","작성자","navigation"
"/health/tools/asthma-visit-card","/health/trust/sources-policy","출처 원칙","navigation"
"/health/tools/asthma-visit-card","/health/trust/corrections-policy","정정·문의","navigation"
"/health/tools/asthma-visit-card","/health/trust/ai-disclosure","AI 활용 공개","navigation"
"/health/tools/asthma-visit-card","/health/trust/advertising","광고 정책","navigation"
"/health/tools/asthma-visit-card","/health/trust/disclaimer","면책 안내","navigation"
"/health/tools/asthma-visit-card","/health/trust/privacy","개인정보","navigation"
"/health/tools/asthma-visit-card","/health/trust/terms","이용약관","navigation"
"/health/tools/blood-pressure-log","/health/tools/blood-pressure-log","본문으로 건너뛰기","content"
"/health/tools/blood-pressure-log","/","OONURIM오누림","navigation"
"/health/tools/blood-pressure-log","/health","질환 알아보기","navigation"
"/health/tools/blood-pressure-log","/health/guides/danger-signals","몸이 보내는 신호","navigation"
"/health/tools/blood-pressure-log","/health/guides/reading-health-results","검사·건강수치","navigation"
"/health/tools/blood-pressure-log","/health/guides/family-medication-support","가족 건강","navigation"
"/health/tools/blood-pressure-log","/health","건강 도구","navigation"
"/health/tools/blood-pressure-log","/health/trust/about","오누림 소개","navigation"
"/health/tools/blood-pressure-log","/health/hypertension","고혈압을 이해하고 집에서 혈압을 정확히 기록하는 법 해설 읽기","navigation"
"/health/tools/blood-pressure-log","/health/guides/measuring-blood-pressure","안정·자세·두 번 측정의 준비 순서","content"
"/health/tools/blood-pressure-log","/health/tools/blood-pressure-questions","작성한 혈압 기록을 가져갈 진료 질문","content"
"/health/tools/blood-pressure-log","/health/guides/danger-signals","기록보다 즉시 도움이 먼저인 위험 신호","content"
"/health/tools/blood-pressure-log","/health/trust/medical-review-policy","의료 검토 상태","navigation"
"/health/tools/blood-pressure-log","/health/trust/privacy","기록·개인정보 안내","navigation"
"/health/tools/blood-pressure-log","/health","20개 질환 안내","navigation"
"/health/tools/blood-pressure-log","/health/guides/danger-signals","위험 신호","navigation"
"/health/tools/blood-pressure-log","/health/guides/appointment-questions","진료 질문 준비","navigation"
"/health/tools/blood-pressure-log","/health","건강 기록 도구","navigation"
"/health/tools/blood-pressure-log","/health/trust/author","작성자","navigation"
"/health/tools/blood-pressure-log","/health/trust/sources-policy","출처 원칙","navigation"
"/health/tools/blood-pressure-log","/health/trust/corrections-policy","정정·문의","navigation"
"/health/tools/blood-pressure-log","/health/trust/ai-disclosure","AI 활용 공개","navigation"
"/health/tools/blood-pressure-log","/health/trust/advertising","광고 정책","navigation"
"/health/tools/blood-pressure-log","/health/trust/disclaimer","면책 안내","navigation"
"/health/tools/blood-pressure-log","/health/trust/privacy","개인정보","navigation"
"/health/tools/blood-pressure-log","/health/trust/terms","이용약관","navigation"
"/health/tools/blood-pressure-prep","/health/tools/blood-pressure-prep","본문으로 건너뛰기","content"
"/health/tools/blood-pressure-prep","/","OONURIM오누림","navigation"
"/health/tools/blood-pressure-prep","/health","질환 알아보기","navigation"
"/health/tools/blood-pressure-prep","/health/guides/danger-signals","몸이 보내는 신호","navigation"
"/health/tools/blood-pressure-prep","/health/guides/reading-health-results","검사·건강수치","navigation"
"/health/tools/blood-pressure-prep","/health/guides/family-medication-support","가족 건강","navigation"
"/health/tools/blood-pressure-prep","/health","건강 도구","navigation"
"/health/tools/blood-pressure-prep","/health/trust/about","오누림 소개","navigation"
"/health/tools/blood-pressure-prep","/health/hypertension","고혈압을 이해하고 집에서 혈압을 정확히 기록하는 법 해설 읽기","navigation"
"/health/tools/blood-pressure-prep","/health/guides/measuring-blood-pressure","AHA·국내 기관의 측정 안내와 조건 차이 이해","content"
"/health/tools/blood-pressure-prep","/health/tools/blood-pressure-log","두 회차의 원래 값을 나누어 남길 혈압 기록표","content"
"/health/tools/blood-pressure-prep","/health/tools/blood-pressure-questions","커프·측정 조건·개인 계획을 확인할 진료 질문","content"
"/health/tools/blood-pressure-prep","/health/trust/medical-review-policy","의료 검토 상태","navigation"
"/health/tools/blood-pressure-prep","/health/trust/privacy","기록·개인정보 안내","navigation"
"/health/tools/blood-pressure-prep","/health","20개 질환 안내","navigation"
"/health/tools/blood-pressure-prep","/health/guides/danger-signals","위험 신호","navigation"
"/health/tools/blood-pressure-prep","/health/guides/appointment-questions","진료 질문 준비","navigation"
"/health/tools/blood-pressure-prep","/health","건강 기록 도구","navigation"
"/health/tools/blood-pressure-prep","/health/trust/author","작성자","navigation"
"/health/tools/blood-pressure-prep","/health/trust/sources-policy","출처 원칙","navigation"
"/health/tools/blood-pressure-prep","/health/trust/corrections-policy","정정·문의","navigation"
"/health/tools/blood-pressure-prep","/health/trust/ai-disclosure","AI 활용 공개","navigation"
"/health/tools/blood-pressure-prep","/health/trust/advertising","광고 정책","navigation"
"/health/tools/blood-pressure-prep","/health/trust/disclaimer","면책 안내","navigation"
"/health/tools/blood-pressure-prep","/health/trust/privacy","개인정보","navigation"
"/health/tools/blood-pressure-prep","/health/trust/terms","이용약관","navigation"
"/health/tools/blood-pressure-questions","/health/tools/blood-pressure-questions","본문으로 건너뛰기","content"
"/health/tools/blood-pressure-questions","/","OONURIM오누림","navigation"
"/health/tools/blood-pressure-questions","/health","질환 알아보기","navigation"
"/health/tools/blood-pressure-questions","/health/guides/danger-signals","몸이 보내는 신호","navigation"
"/health/tools/blood-pressure-questions","/health/guides/reading-health-results","검사·건강수치","navigation"
"/health/tools/blood-pressure-questions","/health/guides/family-medication-support","가족 건강","navigation"
"/health/tools/blood-pressure-questions","/health","건강 도구","navigation"
"/health/tools/blood-pressure-questions","/health/trust/about","오누림 소개","navigation"
"/health/tools/blood-pressure-questions","/health/hypertension","고혈압을 이해하고 집에서 혈압을 정확히 기록하는 법 해설 읽기","navigation"
"/health/tools/blood-pressure-questions","/health/tools/blood-pressure-log","측정 회차와 원래 값을 남길 혈압 기록표","content"
"/health/tools/blood-pressure-questions","/health/guides/appointment-questions","진료 답변·다음 일정·문의처를 확인하는 방법","content"
"/health/tools/blood-pressure-questions","/health/guides/medication-list","약 이름·함량·사용 안내를 구분한 목록","content"
"/health/tools/blood-pressure-questions","/health/trust/medical-review-policy","의료 검토 상태","navigation"
"/health/tools/blood-pressure-questions","/health/trust/privacy","기록·개인정보 안내","navigation"
"/health/tools/blood-pressure-questions","/health","20개 질환 안내","navigation"
"/health/tools/blood-pressure-questions","/health/guides/danger-signals","위험 신호","navigation"
"/health/tools/blood-pressure-questions","/health/guides/appointment-questions","진료 질문 준비","navigation"
"/health/tools/blood-pressure-questions","/health","건강 기록 도구","navigation"
"/health/tools/blood-pressure-questions","/health/trust/author","작성자","navigation"
"/health/tools/blood-pressure-questions","/health/trust/sources-policy","출처 원칙","navigation"
"/health/tools/blood-pressure-questions","/health/trust/corrections-policy","정정·문의","navigation"
"/health/tools/blood-pressure-questions","/health/trust/ai-disclosure","AI 활용 공개","navigation"
"/health/tools/blood-pressure-questions","/health/trust/advertising","광고 정책","navigation"
"/health/tools/blood-pressure-questions","/health/trust/disclaimer","면책 안내","navigation"
"/health/tools/blood-pressure-questions","/health/trust/privacy","개인정보","navigation"
"/health/tools/blood-pressure-questions","/health/trust/terms","이용약관","navigation"
"/health/tools/blood-pressure-warning","/health/tools/blood-pressure-warning","본문으로 건너뛰기","content"
"/health/tools/blood-pressure-warning","/","OONURIM오누림","navigation"
"/health/tools/blood-pressure-warning","/health","질환 알아보기","navigation"
"/health/tools/blood-pressure-warning","/health/guides/danger-signals","몸이 보내는 신호","navigation"
"/health/tools/blood-pressure-warning","/health/guides/reading-health-results","검사·건강수치","navigation"
"/health/tools/blood-pressure-warning","/health/guides/family-medication-support","가족 건강","navigation"
"/health/tools/blood-pressure-warning","/health","건강 도구","navigation"
"/health/tools/blood-pressure-warning","/health/trust/about","오누림 소개","navigation"
"/health/tools/blood-pressure-warning","/health/hypertension","고혈압을 이해하고 집에서 혈압을 정확히 기록하는 법 해설 읽기","navigation"
"/health/tools/blood-pressure-warning","/health/hypertension","이 질환 안내의 위험 신호와 도움 요청 행동","content"
"/health/tools/blood-pressure-warning","/health/guides/danger-signals","위험 신호별 행동과 119에 전할 정보","content"
"/health/tools/blood-pressure-warning","/health/stroke","갑작스러운 얼굴·팔·말 변화와 도움 요청","content"
"/health/tools/blood-pressure-warning","/health/acute-myocardial-infarction","가슴 불편감을 기다리지 않아야 하는 이유","content"
"/health/tools/blood-pressure-warning","/health/trust/medical-review-policy","의료 검토 상태","navigation"
"/health/tools/blood-pressure-warning","/health/trust/privacy","기록·개인정보 안내","navigation"
"/health/tools/blood-pressure-warning","/health","20개 질환 안내","navigation"
"/health/tools/blood-pressure-warning","/health/guides/danger-signals","위험 신호","navigation"
"/health/tools/blood-pressure-warning","/health/guides/appointment-questions","진료 질문 준비","navigation"
"/health/tools/blood-pressure-warning","/health","건강 기록 도구","navigation"
"/health/tools/blood-pressure-warning","/health/trust/author","작성자","navigation"
"/health/tools/blood-pressure-warning","/health/trust/sources-policy","출처 원칙","navigation"
"/health/tools/blood-pressure-warning","/health/trust/corrections-policy","정정·문의","navigation"
"/health/tools/blood-pressure-warning","/health/trust/ai-disclosure","AI 활용 공개","navigation"
"/health/tools/blood-pressure-warning","/health/trust/advertising","광고 정책","navigation"
"/health/tools/blood-pressure-warning","/health/trust/disclaimer","면책 안내","navigation"
"/health/tools/blood-pressure-warning","/health/trust/privacy","개인정보","navigation"
"/health/tools/blood-pressure-warning","/health/trust/terms","이용약관","navigation"
"/health/tools/depression-visit-card","/health/tools/depression-visit-card","본문으로 건너뛰기","content"
"/health/tools/depression-visit-card","/","OONURIM오누림","navigation"
"/health/tools/depression-visit-card","/health","질환 알아보기","navigation"
"/health/tools/depression-visit-card","/health/guides/danger-signals","몸이 보내는 신호","navigation"
"/health/tools/depression-visit-card","/health/guides/reading-health-results","검사·건강수치","navigation"
"/health/tools/depression-visit-card","/health/guides/family-medication-support","가족 건강","navigation"
"/health/tools/depression-visit-card","/health","건강 도구","navigation"
"/health/tools/depression-visit-card","/health/trust/about","오누림 소개","navigation"
"/health/tools/depression-visit-card","/health/depression","우울증이 걱정되는 가족에게, 어떤 말부터 건넬까요? 해설 읽기","navigation"
"/health/tools/depression-visit-card","/health/depression","이 질환 안내의 위험 신호와 도움 요청 행동","content"
"/health/tools/depression-visit-card","/health/guides/symptom-journal","본인의 경험·주변 관찰·추측을 나눠 적기","content"
"/health/tools/depression-visit-card","/health/guides/medication-list","최근 변경과 실제 약·보충제를 전하는 목록","content"
"/health/tools/depression-visit-card","/health/guides/appointment-questions","원하는 도움과 다음 연락 계획의 답 남기기","content"
"/health/tools/depression-visit-card","/health/trust/medical-review-policy","의료 검토 상태","navigation"
"/health/tools/depression-visit-card","/health/trust/privacy","기록·개인정보 안내","navigation"
"/health/tools/depression-visit-card","/health","20개 질환 안내","navigation"
"/health/tools/depression-visit-card","/health/guides/danger-signals","위험 신호","navigation"
"/health/tools/depression-visit-card","/health/guides/appointment-questions","진료 질문 준비","navigation"
"/health/tools/depression-visit-card","/health","건강 기록 도구","navigation"
"/health/tools/depression-visit-card","/health/trust/author","작성자","navigation"
"/health/tools/depression-visit-card","/health/trust/sources-policy","출처 원칙","navigation"
"/health/tools/depression-visit-card","/health/trust/corrections-policy","정정·문의","navigation"
"/health/tools/depression-visit-card","/health/trust/ai-disclosure","AI 활용 공개","navigation"
"/health/tools/depression-visit-card","/health/trust/advertising","광고 정책","navigation"
"/health/tools/depression-visit-card","/health/trust/disclaimer","면책 안내","navigation"
"/health/tools/depression-visit-card","/health/trust/privacy","개인정보","navigation"
"/health/tools/depression-visit-card","/health/trust/terms","이용약관","navigation"
"/health/tools/diabetes-questions","/health/tools/diabetes-questions","본문으로 건너뛰기","content"
"/health/tools/diabetes-questions","/","OONURIM오누림","navigation"
"/health/tools/diabetes-questions","/health","질환 알아보기","navigation"
"/health/tools/diabetes-questions","/health/guides/danger-signals","몸이 보내는 신호","navigation"
"/health/tools/diabetes-questions","/health/guides/reading-health-results","검사·건강수치","navigation"
"/health/tools/diabetes-questions","/health/guides/family-medication-support","가족 건강","navigation"
"/health/tools/diabetes-questions","/health","건강 도구","navigation"
"/health/tools/diabetes-questions","/health/trust/about","오누림 소개","navigation"
"/health/tools/diabetes-questions","/health/type-2-diabetes","제2형 당뇨병, 증상부터 혈당 검사와 기록까지 해설 읽기","navigation"
"/health/tools/diabetes-questions","/health/guides/understanding-hba1c","검사표의 HbA1c·NGSP·IFCC 표시 이해","content"
"/health/tools/diabetes-questions","/health/tools/glucose-observation-log","이미 측정한 값·시각·단위를 가져갈 혈당 기록표","content"
"/health/tools/diabetes-questions","/health/guides/appointment-questions","진료 후 답변·다음 일정·문의처 확인 순서","content"
"/health/tools/diabetes-questions","/health/trust/medical-review-policy","의료 검토 상태","navigation"
"/health/tools/diabetes-questions","/health/trust/privacy","기록·개인정보 안내","navigation"
"/health/tools/diabetes-questions","/health","20개 질환 안내","navigation"
"/health/tools/diabetes-questions","/health/guides/danger-signals","위험 신호","navigation"
"/health/tools/diabetes-questions","/health/guides/appointment-questions","진료 질문 준비","navigation"
"/health/tools/diabetes-questions","/health","건강 기록 도구","navigation"
"/health/tools/diabetes-questions","/health/trust/author","작성자","navigation"
"/health/tools/diabetes-questions","/health/trust/sources-policy","출처 원칙","navigation"
"/health/tools/diabetes-questions","/health/trust/corrections-policy","정정·문의","navigation"
"/health/tools/diabetes-questions","/health/trust/ai-disclosure","AI 활용 공개","navigation"
"/health/tools/diabetes-questions","/health/trust/advertising","광고 정책","navigation"
"/health/tools/diabetes-questions","/health/trust/disclaimer","면책 안내","navigation"
"/health/tools/diabetes-questions","/health/trust/privacy","개인정보","navigation"
"/health/tools/diabetes-questions","/health/trust/terms","이용약관","navigation"
"/health/tools/diabetes-test-terms","/health/tools/diabetes-test-terms","본문으로 건너뛰기","content"
"/health/tools/diabetes-test-terms","/","OONURIM오누림","navigation"
"/health/tools/diabetes-test-terms","/health","질환 알아보기","navigation"
"/health/tools/diabetes-test-terms","/health/guides/danger-signals","몸이 보내는 신호","navigation"
"/health/tools/diabetes-test-terms","/health/guides/reading-health-results","검사·건강수치","navigation"
"/health/tools/diabetes-test-terms","/health/guides/family-medication-support","가족 건강","navigation"
"/health/tools/diabetes-test-terms","/health","건강 도구","navigation"
"/health/tools/diabetes-test-terms","/health/trust/about","오누림 소개","navigation"
"/health/tools/diabetes-test-terms","/health/type-2-diabetes","제2형 당뇨병, 증상부터 혈당 검사와 기록까지 해설 읽기","navigation"
"/health/tools/diabetes-test-terms","/health/guides/understanding-hba1c","HbA1c·NGSP·IFCC와 공복혈당의 자세한 차이","content"
"/health/tools/diabetes-test-terms","/health/guides/reading-health-results","결과지의 단위·참고범위·날짜 읽는 순서","content"
"/health/tools/diabetes-test-terms","/health/tools/diabetes-questions","검사 의미와 개인 목표를 확인할 질문지","content"
"/health/tools/diabetes-test-terms","/health/trust/medical-review-policy","의료 검토 상태","navigation"
"/health/tools/diabetes-test-terms","/health/trust/privacy","기록·개인정보 안내","navigation"
"/health/tools/diabetes-test-terms","/health","20개 질환 안내","navigation"
"/health/tools/diabetes-test-terms","/health/guides/danger-signals","위험 신호","navigation"
"/health/tools/diabetes-test-terms","/health/guides/appointment-questions","진료 질문 준비","navigation"
"/health/tools/diabetes-test-terms","/health","건강 기록 도구","navigation"
"/health/tools/diabetes-test-terms","/health/trust/author","작성자","navigation"
"/health/tools/diabetes-test-terms","/health/trust/sources-policy","출처 원칙","navigation"
"/health/tools/diabetes-test-terms","/health/trust/corrections-policy","정정·문의","navigation"
"/health/tools/diabetes-test-terms","/health/trust/ai-disclosure","AI 활용 공개","navigation"
"/health/tools/diabetes-test-terms","/health/trust/advertising","광고 정책","navigation"
"/health/tools/diabetes-test-terms","/health/trust/disclaimer","면책 안내","navigation"
"/health/tools/diabetes-test-terms","/health/trust/privacy","개인정보","navigation"
"/health/tools/diabetes-test-terms","/health/trust/terms","이용약관","navigation"
"/health/tools/dyslipidemia-visit-card","/health/tools/dyslipidemia-visit-card","본문으로 건너뛰기","content"
"/health/tools/dyslipidemia-visit-card","/","OONURIM오누림","navigation"
"/health/tools/dyslipidemia-visit-card","/health","질환 알아보기","navigation"
"/health/tools/dyslipidemia-visit-card","/health/guides/danger-signals","몸이 보내는 신호","navigation"
"/health/tools/dyslipidemia-visit-card","/health/guides/reading-health-results","검사·건강수치","navigation"
"/health/tools/dyslipidemia-visit-card","/health/guides/family-medication-support","가족 건강","navigation"
"/health/tools/dyslipidemia-visit-card","/health","건강 도구","navigation"
"/health/tools/dyslipidemia-visit-card","/health/trust/about","오누림 소개","navigation"
"/health/tools/dyslipidemia-visit-card","/health/dyslipidemia","이상지질혈증, 검사표의 네 항목부터 보기 해설 읽기","navigation"
"/health/tools/dyslipidemia-visit-card","/health/dyslipidemia","이 질환 안내의 위험 신호와 도움 요청 행동","content"
"/health/tools/dyslipidemia-visit-card","/health/guides/reading-health-results","검사표의 항목·단위·설명을 구분하는 방법","content"
"/health/tools/dyslipidemia-visit-card","/health/guides/medication-list","현재 약·보충제와 최근 변경을 남기는 목록","content"
"/health/tools/dyslipidemia-visit-card","/health/guides/appointment-questions","들은 답과 다음 연락 계획을 확인하는 진료 대화","content"
"/health/tools/dyslipidemia-visit-card","/health/trust/medical-review-policy","의료 검토 상태","navigation"
"/health/tools/dyslipidemia-visit-card","/health/trust/privacy","기록·개인정보 안내","navigation"
"/health/tools/dyslipidemia-visit-card","/health","20개 질환 안내","navigation"
"/health/tools/dyslipidemia-visit-card","/health/guides/danger-signals","위험 신호","navigation"
"/health/tools/dyslipidemia-visit-card","/health/guides/appointment-questions","진료 질문 준비","navigation"
"/health/tools/dyslipidemia-visit-card","/health","건강 기록 도구","navigation"
"/health/tools/dyslipidemia-visit-card","/health/trust/author","작성자","navigation"
"/health/tools/dyslipidemia-visit-card","/health/trust/sources-policy","출처 원칙","navigation"
"/health/tools/dyslipidemia-visit-card","/health/trust/corrections-policy","정정·문의","navigation"
"/health/tools/dyslipidemia-visit-card","/health/trust/ai-disclosure","AI 활용 공개","navigation"
"/health/tools/dyslipidemia-visit-card","/health/trust/advertising","광고 정책","navigation"
"/health/tools/dyslipidemia-visit-card","/health/trust/disclaimer","면책 안내","navigation"
"/health/tools/dyslipidemia-visit-card","/health/trust/privacy","개인정보","navigation"
"/health/tools/dyslipidemia-visit-card","/health/trust/terms","이용약관","navigation"
"/health/tools/family-support-checklist","/health/tools/family-support-checklist","본문으로 건너뛰기","content"
"/health/tools/family-support-checklist","/","OONURIM오누림","navigation"
"/health/tools/family-support-checklist","/health","질환 알아보기","navigation"
"/health/tools/family-support-checklist","/health/guides/danger-signals","몸이 보내는 신호","navigation"
"/health/tools/family-support-checklist","/health/guides/reading-health-results","검사·건강수치","navigation"
"/health/tools/family-support-checklist","/health/guides/family-medication-support","가족 건강","navigation"
"/health/tools/family-support-checklist","/health","건강 도구","navigation"
"/health/tools/family-support-checklist","/health/trust/about","오누림 소개","navigation"
"/health/tools/family-support-checklist","/health/type-2-diabetes","제2형 당뇨병, 증상부터 혈당 검사와 기록까지 해설 읽기","navigation"
"/health/tools/family-support-checklist","/health/guides/family-medication-support","약을 대신 결정하지 않고 복약을 돕는 범위","content"
"/health/tools/family-support-checklist","/health/tools/diabetes-questions","가족의 역할·저혈당 대처를 확인할 진료 질문","content"
"/health/tools/family-support-checklist","/health/guides/appointment-questions","동행 진료에서 질문과 답변을 정리하는 방법","content"
"/health/tools/family-support-checklist","/health/trust/medical-review-policy","의료 검토 상태","navigation"
"/health/tools/family-support-checklist","/health/trust/privacy","기록·개인정보 안내","navigation"
"/health/tools/family-support-checklist","/health","20개 질환 안내","navigation"
"/health/tools/family-support-checklist","/health/guides/danger-signals","위험 신호","navigation"
"/health/tools/family-support-checklist","/health/guides/appointment-questions","진료 질문 준비","navigation"
"/health/tools/family-support-checklist","/health","건강 기록 도구","navigation"
"/health/tools/family-support-checklist","/health/trust/author","작성자","navigation"
"/health/tools/family-support-checklist","/health/trust/sources-policy","출처 원칙","navigation"
"/health/tools/family-support-checklist","/health/trust/corrections-policy","정정·문의","navigation"
"/health/tools/family-support-checklist","/health/trust/ai-disclosure","AI 활용 공개","navigation"
"/health/tools/family-support-checklist","/health/trust/advertising","광고 정책","navigation"
"/health/tools/family-support-checklist","/health/trust/disclaimer","면책 안내","navigation"
"/health/tools/family-support-checklist","/health/trust/privacy","개인정보","navigation"
"/health/tools/family-support-checklist","/health/trust/terms","이용약관","navigation"
"/health/tools/gerd-appointment-prep","/health/tools/gerd-appointment-prep","본문으로 건너뛰기","content"
"/health/tools/gerd-appointment-prep","/","OONURIM오누림","navigation"
"/health/tools/gerd-appointment-prep","/health","질환 알아보기","navigation"
"/health/tools/gerd-appointment-prep","/health/guides/danger-signals","몸이 보내는 신호","navigation"
"/health/tools/gerd-appointment-prep","/health/guides/reading-health-results","검사·건강수치","navigation"
"/health/tools/gerd-appointment-prep","/health/guides/family-medication-support","가족 건강","navigation"
"/health/tools/gerd-appointment-prep","/health","건강 도구","navigation"
"/health/tools/gerd-appointment-prep","/health/trust/about","오누림 소개","navigation"
"/health/tools/gerd-appointment-prep","/health/gastroesophageal-reflux-disease","역류질환과 식도염, 무엇이 다를까요? 해설 읽기","navigation"
"/health/tools/gerd-appointment-prep","/health/gastroesophageal-reflux-disease","이 질환 안내의 위험 신호와 도움 요청 행동","content"
"/health/tools/gerd-appointment-prep","/health/tools/gerd-symptom-timing-log","식사·자세와 증상 시작 시각을 적는 기록표","content"
"/health/tools/gerd-appointment-prep","/health/guides/medication-list","약 포장·실제 사용법을 구분해 준비하는 목록","content"
"/health/tools/gerd-appointment-prep","/health/guides/appointment-questions","설명받은 다음 행동과 문의처를 확인하는 순서","content"
"/health/tools/gerd-appointment-prep","/health/trust/medical-review-policy","의료 검토 상태","navigation"
"/health/tools/gerd-appointment-prep","/health/trust/privacy","기록·개인정보 안내","navigation"
"/health/tools/gerd-appointment-prep","/health","20개 질환 안내","navigation"
"/health/tools/gerd-appointment-prep","/health/guides/danger-signals","위험 신호","navigation"
"/health/tools/gerd-appointment-prep","/health/guides/appointment-questions","진료 질문 준비","navigation"
"/health/tools/gerd-appointment-prep","/health","건강 기록 도구","navigation"
"/health/tools/gerd-appointment-prep","/health/trust/author","작성자","navigation"
"/health/tools/gerd-appointment-prep","/health/trust/sources-policy","출처 원칙","navigation"
"/health/tools/gerd-appointment-prep","/health/trust/corrections-policy","정정·문의","navigation"
"/health/tools/gerd-appointment-prep","/health/trust/ai-disclosure","AI 활용 공개","navigation"
"/health/tools/gerd-appointment-prep","/health/trust/advertising","광고 정책","navigation"
"/health/tools/gerd-appointment-prep","/health/trust/disclaimer","면책 안내","navigation"
"/health/tools/gerd-appointment-prep","/health/trust/privacy","개인정보","navigation"
"/health/tools/gerd-appointment-prep","/health/trust/terms","이용약관","navigation"
"/health/tools/gerd-everyday-patterns","/health/tools/gerd-everyday-patterns","본문으로 건너뛰기","content"
"/health/tools/gerd-everyday-patterns","/","OONURIM오누림","navigation"
"/health/tools/gerd-everyday-patterns","/health","질환 알아보기","navigation"
"/health/tools/gerd-everyday-patterns","/health/guides/danger-signals","몸이 보내는 신호","navigation"
"/health/tools/gerd-everyday-patterns","/health/guides/reading-health-results","검사·건강수치","navigation"
"/health/tools/gerd-everyday-patterns","/health/guides/family-medication-support","가족 건강","navigation"
"/health/tools/gerd-everyday-patterns","/health","건강 도구","navigation"
"/health/tools/gerd-everyday-patterns","/health/trust/about","오누림 소개","navigation"
"/health/tools/gerd-everyday-patterns","/health/gastroesophageal-reflux-disease","역류질환과 식도염, 무엇이 다를까요? 해설 읽기","navigation"
"/health/tools/gerd-everyday-patterns","/health/gastroesophageal-reflux-disease","이 질환 안내의 위험 신호와 도움 요청 행동","content"
"/health/tools/gerd-everyday-patterns","/health/tools/gerd-symptom-timing-log","식사·자세·실제 증상 시각을 적는 역류 기록표","content"
"/health/tools/gerd-everyday-patterns","/health/tools/gerd-appointment-prep","기록으로 알 수 없는 원인과 검사 목적을 묻는 카드","content"
"/health/tools/gerd-everyday-patterns","/health/trust/medical-review-policy","의료 검토 상태","navigation"
"/health/tools/gerd-everyday-patterns","/health/trust/privacy","기록·개인정보 안내","navigation"
"/health/tools/gerd-everyday-patterns","/health","20개 질환 안내","navigation"
"/health/tools/gerd-everyday-patterns","/health/guides/danger-signals","위험 신호","navigation"
"/health/tools/gerd-everyday-patterns","/health/guides/appointment-questions","진료 질문 준비","navigation"
"/health/tools/gerd-everyday-patterns","/health","건강 기록 도구","navigation"
"/health/tools/gerd-everyday-patterns","/health/trust/author","작성자","navigation"
"/health/tools/gerd-everyday-patterns","/health/trust/sources-policy","출처 원칙","navigation"
"/health/tools/gerd-everyday-patterns","/health/trust/corrections-policy","정정·문의","navigation"
"/health/tools/gerd-everyday-patterns","/health/trust/ai-disclosure","AI 활용 공개","navigation"
"/health/tools/gerd-everyday-patterns","/health/trust/advertising","광고 정책","navigation"
"/health/tools/gerd-everyday-patterns","/health/trust/disclaimer","면책 안내","navigation"
"/health/tools/gerd-everyday-patterns","/health/trust/privacy","개인정보","navigation"
"/health/tools/gerd-everyday-patterns","/health/trust/terms","이용약관","navigation"
"/health/tools/gerd-symptom-timing-log","/health/tools/gerd-symptom-timing-log","본문으로 건너뛰기","content"
"/health/tools/gerd-symptom-timing-log","/","OONURIM오누림","navigation"
"/health/tools/gerd-symptom-timing-log","/health","질환 알아보기","navigation"
"/health/tools/gerd-symptom-timing-log","/health/guides/danger-signals","몸이 보내는 신호","navigation"
"/health/tools/gerd-symptom-timing-log","/health/guides/reading-health-results","검사·건강수치","navigation"
"/health/tools/gerd-symptom-timing-log","/health/guides/family-medication-support","가족 건강","navigation"
"/health/tools/gerd-symptom-timing-log","/health","건강 도구","navigation"
"/health/tools/gerd-symptom-timing-log","/health/trust/about","오누림 소개","navigation"
"/health/tools/gerd-symptom-timing-log","/health/gastroesophageal-reflux-disease","역류질환과 식도염, 무엇이 다를까요? 해설 읽기","navigation"
"/health/tools/gerd-symptom-timing-log","/health/gastroesophageal-reflux-disease","이 질환 안내의 위험 신호와 도움 요청 행동","content"
"/health/tools/gerd-symptom-timing-log","/health/tools/gerd-appointment-prep","기록과 현재 약을 가져가 검사 목적을 묻는 카드","content"
"/health/tools/gerd-symptom-timing-log","/health/guides/medication-list","일반약까지 실제 사용법을 적는 약 목록","content"
"/health/tools/gerd-symptom-timing-log","/health/guides/danger-signals","기록보다 도움 요청이 먼저인 위험 신호","content"
"/health/tools/gerd-symptom-timing-log","/health/trust/medical-review-policy","의료 검토 상태","navigation"
"/health/tools/gerd-symptom-timing-log","/health/trust/privacy","기록·개인정보 안내","navigation"
"/health/tools/gerd-symptom-timing-log","/health","20개 질환 안내","navigation"
"/health/tools/gerd-symptom-timing-log","/health/guides/danger-signals","위험 신호","navigation"
"/health/tools/gerd-symptom-timing-log","/health/guides/appointment-questions","진료 질문 준비","navigation"
"/health/tools/gerd-symptom-timing-log","/health","건강 기록 도구","navigation"
"/health/tools/gerd-symptom-timing-log","/health/trust/author","작성자","navigation"
"/health/tools/gerd-symptom-timing-log","/health/trust/sources-policy","출처 원칙","navigation"
"/health/tools/gerd-symptom-timing-log","/health/trust/corrections-policy","정정·문의","navigation"
"/health/tools/gerd-symptom-timing-log","/health/trust/ai-disclosure","AI 활용 공개","navigation"
"/health/tools/gerd-symptom-timing-log","/health/trust/advertising","광고 정책","navigation"
"/health/tools/gerd-symptom-timing-log","/health/trust/disclaimer","면책 안내","navigation"
"/health/tools/gerd-symptom-timing-log","/health/trust/privacy","개인정보","navigation"
"/health/tools/gerd-symptom-timing-log","/health/trust/terms","이용약관","navigation"
"/health/tools/glucose-observation-log","/health/tools/glucose-observation-log","본문으로 건너뛰기","content"
"/health/tools/glucose-observation-log","/","OONURIM오누림","navigation"
"/health/tools/glucose-observation-log","/health","질환 알아보기","navigation"
"/health/tools/glucose-observation-log","/health/guides/danger-signals","몸이 보내는 신호","navigation"
"/health/tools/glucose-observation-log","/health/guides/reading-health-results","검사·건강수치","navigation"
"/health/tools/glucose-observation-log","/health/guides/family-medication-support","가족 건강","navigation"
"/health/tools/glucose-observation-log","/health","건강 도구","navigation"
"/health/tools/glucose-observation-log","/health/trust/about","오누림 소개","navigation"
"/health/tools/glucose-observation-log","/health/type-2-diabetes","제2형 당뇨병, 증상부터 혈당 검사와 기록까지 해설 읽기","navigation"
"/health/tools/glucose-observation-log","/health/guides/understanding-hba1c","한 번의 혈당 기록과 HbA1c가 다른 이유","content"
"/health/tools/glucose-observation-log","/health/tools/diabetes-questions","측정 계획과 결과를 확인할 당뇨병 진료 질문","content"
"/health/tools/glucose-observation-log","/health/guides/medication-list","기록과 함께 가져갈 현재 약 목록","content"
"/health/tools/glucose-observation-log","/health/trust/medical-review-policy","의료 검토 상태","navigation"
"/health/tools/glucose-observation-log","/health/trust/privacy","기록·개인정보 안내","navigation"
"/health/tools/glucose-observation-log","/health","20개 질환 안내","navigation"
"/health/tools/glucose-observation-log","/health/guides/danger-signals","위험 신호","navigation"
"/health/tools/glucose-observation-log","/health/guides/appointment-questions","진료 질문 준비","navigation"
"/health/tools/glucose-observation-log","/health","건강 기록 도구","navigation"
"/health/tools/glucose-observation-log","/health/trust/author","작성자","navigation"
"/health/tools/glucose-observation-log","/health/trust/sources-policy","출처 원칙","navigation"
"/health/tools/glucose-observation-log","/health/trust/corrections-policy","정정·문의","navigation"
"/health/tools/glucose-observation-log","/health/trust/ai-disclosure","AI 활용 공개","navigation"
"/health/tools/glucose-observation-log","/health/trust/advertising","광고 정책","navigation"
"/health/tools/glucose-observation-log","/health/trust/disclaimer","면책 안내","navigation"
"/health/tools/glucose-observation-log","/health/trust/privacy","개인정보","navigation"
"/health/tools/glucose-observation-log","/health/trust/terms","이용약관","navigation"
"/health/tools/gout-visit-card","/health/tools/gout-visit-card","본문으로 건너뛰기","content"
"/health/tools/gout-visit-card","/","OONURIM오누림","navigation"
"/health/tools/gout-visit-card","/health","질환 알아보기","navigation"
"/health/tools/gout-visit-card","/health/guides/danger-signals","몸이 보내는 신호","navigation"
"/health/tools/gout-visit-card","/health/guides/reading-health-results","검사·건강수치","navigation"
"/health/tools/gout-visit-card","/health/guides/family-medication-support","가족 건강","navigation"
"/health/tools/gout-visit-card","/health","건강 도구","navigation"
"/health/tools/gout-visit-card","/health/trust/about","오누림 소개","navigation"
"/health/tools/gout-visit-card","/health/gout","통풍이 걱정될 때, 요산 수치와 관절 통증을 나눠 보기 해설 읽기","navigation"
"/health/tools/gout-visit-card","/health/gout","이 질환 안내의 위험 신호와 도움 요청 행동","content"
"/health/tools/gout-visit-card","/health/guides/reading-health-results","요산 검사 원본의 이름·단위·조건을 함께 읽기","content"
"/health/tools/gout-visit-card","/health/guides/medication-list","통풍약 외 실제 복용 제품도 준비하는 약 목록","content"
"/health/tools/gout-visit-card","/health/guides/appointment-questions","이번 증상과 이후 계획의 답을 남기는 방법","content"
"/health/tools/gout-visit-card","/health/trust/medical-review-policy","의료 검토 상태","navigation"
"/health/tools/gout-visit-card","/health/trust/privacy","기록·개인정보 안내","navigation"
"/health/tools/gout-visit-card","/health","20개 질환 안내","navigation"
"/health/tools/gout-visit-card","/health/guides/danger-signals","위험 신호","navigation"
"/health/tools/gout-visit-card","/health/guides/appointment-questions","진료 질문 준비","navigation"
"/health/tools/gout-visit-card","/health","건강 기록 도구","navigation"
"/health/tools/gout-visit-card","/health/trust/author","작성자","navigation"
"/health/tools/gout-visit-card","/health/trust/sources-policy","출처 원칙","navigation"
"/health/tools/gout-visit-card","/health/trust/corrections-policy","정정·문의","navigation"
"/health/tools/gout-visit-card","/health/trust/ai-disclosure","AI 활용 공개","navigation"
"/health/tools/gout-visit-card","/health/trust/advertising","광고 정책","navigation"
"/health/tools/gout-visit-card","/health/trust/disclaimer","면책 안내","navigation"
"/health/tools/gout-visit-card","/health/trust/privacy","개인정보","navigation"
"/health/tools/gout-visit-card","/health/trust/terms","이용약관","navigation"
"/health/tools/irritable-bowel-syndrome-visit-card","/health/tools/irritable-bowel-syndrome-visit-card","본문으로 건너뛰기","content"
"/health/tools/irritable-bowel-syndrome-visit-card","/","OONURIM오누림","navigation"
"/health/tools/irritable-bowel-syndrome-visit-card","/health","질환 알아보기","navigation"
"/health/tools/irritable-bowel-syndrome-visit-card","/health/guides/danger-signals","몸이 보내는 신호","navigation"
"/health/tools/irritable-bowel-syndrome-visit-card","/health/guides/reading-health-results","검사·건강수치","navigation"
"/health/tools/irritable-bowel-syndrome-visit-card","/health/guides/family-medication-support","가족 건강","navigation"
"/health/tools/irritable-bowel-syndrome-visit-card","/health","건강 도구","navigation"
"/health/tools/irritable-bowel-syndrome-visit-card","/health/trust/about","오누림 소개","navigation"
"/health/tools/irritable-bowel-syndrome-visit-card","/health/irritable-bowel-syndrome","배가 아플 때, 배변 전후 무엇이 달라졌나요? 해설 읽기","navigation"
"/health/tools/irritable-bowel-syndrome-visit-card","/health/irritable-bowel-syndrome","이 질환 안내의 위험 신호와 도움 요청 행동","content"
"/health/tools/irritable-bowel-syndrome-visit-card","/health/guides/symptom-journal","관찰과 추측을 나눠 적는 증상 기록법","content"
"/health/tools/irritable-bowel-syndrome-visit-card","/health/guides/medication-list","장염 때 쓴 약·현재 제품을 사실대로 남기는 목록","content"
"/health/tools/irritable-bowel-syndrome-visit-card","/health/guides/appointment-questions","검사와 식사 계획에서 먼저 물을 질문 고르기","content"
"/health/tools/irritable-bowel-syndrome-visit-card","/health/trust/medical-review-policy","의료 검토 상태","navigation"
"/health/tools/irritable-bowel-syndrome-visit-card","/health/trust/privacy","기록·개인정보 안내","navigation"
"/health/tools/irritable-bowel-syndrome-visit-card","/health","20개 질환 안내","navigation"
"/health/tools/irritable-bowel-syndrome-visit-card","/health/guides/danger-signals","위험 신호","navigation"
"/health/tools/irritable-bowel-syndrome-visit-card","/health/guides/appointment-questions","진료 질문 준비","navigation"
"/health/tools/irritable-bowel-syndrome-visit-card","/health","건강 기록 도구","navigation"
"/health/tools/irritable-bowel-syndrome-visit-card","/health/trust/author","작성자","navigation"
"/health/tools/irritable-bowel-syndrome-visit-card","/health/trust/sources-policy","출처 원칙","navigation"
"/health/tools/irritable-bowel-syndrome-visit-card","/health/trust/corrections-policy","정정·문의","navigation"
"/health/tools/irritable-bowel-syndrome-visit-card","/health/trust/ai-disclosure","AI 활용 공개","navigation"
"/health/tools/irritable-bowel-syndrome-visit-card","/health/trust/advertising","광고 정책","navigation"
"/health/tools/irritable-bowel-syndrome-visit-card","/health/trust/disclaimer","면책 안내","navigation"
"/health/tools/irritable-bowel-syndrome-visit-card","/health/trust/privacy","개인정보","navigation"
"/health/tools/irritable-bowel-syndrome-visit-card","/health/trust/terms","이용약관","navigation"
"/health/tools/kidney-stones-visit-card","/health/tools/kidney-stones-visit-card","본문으로 건너뛰기","content"
"/health/tools/kidney-stones-visit-card","/","OONURIM오누림","navigation"
"/health/tools/kidney-stones-visit-card","/health","질환 알아보기","navigation"
"/health/tools/kidney-stones-visit-card","/health/guides/danger-signals","몸이 보내는 신호","navigation"
"/health/tools/kidney-stones-visit-card","/health/guides/reading-health-results","검사·건강수치","navigation"
"/health/tools/kidney-stones-visit-card","/health/guides/family-medication-support","가족 건강","navigation"
"/health/tools/kidney-stones-visit-card","/health","건강 도구","navigation"
"/health/tools/kidney-stones-visit-card","/health/trust/about","오누림 소개","navigation"
"/health/tools/kidney-stones-visit-card","/health/kidney-stones","신장결석, 소변길과 검사 결과를 함께 보기 해설 읽기","navigation"
"/health/tools/kidney-stones-visit-card","/health/kidney-stones","이 질환 안내의 위험 신호와 도움 요청 행동","content"
"/health/tools/kidney-stones-visit-card","/health/guides/reading-health-results","소변·혈액 검사 결과지의 항목과 다음 확인 계획 읽기","content"
"/health/tools/kidney-stones-visit-card","/health/guides/medication-list","결석 진료에 알릴 실제 약·보충제 목록","content"
"/health/tools/kidney-stones-visit-card","/health/guides/appointment-questions","추적 확인과 그 전에 연락할 기준을 묻는 방법","content"
"/health/tools/kidney-stones-visit-card","/health/trust/medical-review-policy","의료 검토 상태","navigation"
"/health/tools/kidney-stones-visit-card","/health/trust/privacy","기록·개인정보 안내","navigation"
"/health/tools/kidney-stones-visit-card","/health","20개 질환 안내","navigation"
"/health/tools/kidney-stones-visit-card","/health/guides/danger-signals","위험 신호","navigation"
"/health/tools/kidney-stones-visit-card","/health/guides/appointment-questions","진료 질문 준비","navigation"
"/health/tools/kidney-stones-visit-card","/health","건강 기록 도구","navigation"
"/health/tools/kidney-stones-visit-card","/health/trust/author","작성자","navigation"
"/health/tools/kidney-stones-visit-card","/health/trust/sources-policy","출처 원칙","navigation"
"/health/tools/kidney-stones-visit-card","/health/trust/corrections-policy","정정·문의","navigation"
"/health/tools/kidney-stones-visit-card","/health/trust/ai-disclosure","AI 활용 공개","navigation"
"/health/tools/kidney-stones-visit-card","/health/trust/advertising","광고 정책","navigation"
"/health/tools/kidney-stones-visit-card","/health/trust/disclaimer","면책 안내","navigation"
"/health/tools/kidney-stones-visit-card","/health/trust/privacy","개인정보","navigation"
"/health/tools/kidney-stones-visit-card","/health/trust/terms","이용약관","navigation"
"/health/tools/metabolic-dysfunction-associated-steatotic-liver-disease-visit-card","/health/tools/metabolic-dysfunction-associated-steatotic-liver-disease-visit-card","본문으로 건너뛰기","content"
"/health/tools/metabolic-dysfunction-associated-steatotic-liver-disease-visit-card","/","OONURIM오누림","navigation"
"/health/tools/metabolic-dysfunction-associated-steatotic-liver-disease-visit-card","/health","질환 알아보기","navigation"
"/health/tools/metabolic-dysfunction-associated-steatotic-liver-disease-visit-card","/health/guides/danger-signals","몸이 보내는 신호","navigation"
"/health/tools/metabolic-dysfunction-associated-steatotic-liver-disease-visit-card","/health/guides/reading-health-results","검사·건강수치","navigation"
"/health/tools/metabolic-dysfunction-associated-steatotic-liver-disease-visit-card","/health/guides/family-medication-support","가족 건강","navigation"
"/health/tools/metabolic-dysfunction-associated-steatotic-liver-disease-visit-card","/health","건강 도구","navigation"
"/health/tools/metabolic-dysfunction-associated-steatotic-liver-disease-visit-card","/health/trust/about","오누림 소개","navigation"
"/health/tools/metabolic-dysfunction-associated-steatotic-liver-disease-visit-card","/health/metabolic-dysfunction-associated-steatotic-liver-disease","지방간이라는데 간 수치는 정상, 무엇을 더 물어볼까요? 해설 읽기","navigation"
"/health/tools/metabolic-dysfunction-associated-steatotic-liver-disease-visit-card","/health/metabolic-dysfunction-associated-steatotic-liver-disease","이 질환 안내의 위험 신호와 도움 요청 행동","content"
"/health/tools/metabolic-dysfunction-associated-steatotic-liver-disease-visit-card","/health/guides/reading-health-results","검사 항목·단위·참고범위와 개인 해석의 차이","content"
"/health/tools/metabolic-dysfunction-associated-steatotic-liver-disease-visit-card","/health/guides/medication-list","보충제·생약까지 빠뜨리지 않는 실제 제품 목록","content"
"/health/tools/metabolic-dysfunction-associated-steatotic-liver-disease-visit-card","/health/guides/appointment-questions","검사 목적과 다음 연락 계획을 묻는 진료 대화","content"
"/health/tools/metabolic-dysfunction-associated-steatotic-liver-disease-visit-card","/health/trust/medical-review-policy","의료 검토 상태","navigation"
"/health/tools/metabolic-dysfunction-associated-steatotic-liver-disease-visit-card","/health/trust/privacy","기록·개인정보 안내","navigation"
"/health/tools/metabolic-dysfunction-associated-steatotic-liver-disease-visit-card","/health","20개 질환 안내","navigation"
"/health/tools/metabolic-dysfunction-associated-steatotic-liver-disease-visit-card","/health/guides/danger-signals","위험 신호","navigation"
"/health/tools/metabolic-dysfunction-associated-steatotic-liver-disease-visit-card","/health/guides/appointment-questions","진료 질문 준비","navigation"
"/health/tools/metabolic-dysfunction-associated-steatotic-liver-disease-visit-card","/health","건강 기록 도구","navigation"
"/health/tools/metabolic-dysfunction-associated-steatotic-liver-disease-visit-card","/health/trust/author","작성자","navigation"
"/health/tools/metabolic-dysfunction-associated-steatotic-liver-disease-visit-card","/health/trust/sources-policy","출처 원칙","navigation"
"/health/tools/metabolic-dysfunction-associated-steatotic-liver-disease-visit-card","/health/trust/corrections-policy","정정·문의","navigation"
"/health/tools/metabolic-dysfunction-associated-steatotic-liver-disease-visit-card","/health/trust/ai-disclosure","AI 활용 공개","navigation"
"/health/tools/metabolic-dysfunction-associated-steatotic-liver-disease-visit-card","/health/trust/advertising","광고 정책","navigation"
"/health/tools/metabolic-dysfunction-associated-steatotic-liver-disease-visit-card","/health/trust/disclaimer","면책 안내","navigation"
"/health/tools/metabolic-dysfunction-associated-steatotic-liver-disease-visit-card","/health/trust/privacy","개인정보","navigation"
"/health/tools/metabolic-dysfunction-associated-steatotic-liver-disease-visit-card","/health/trust/terms","이용약관","navigation"
"/health/tools/migraine-visit-card","/health/tools/migraine-visit-card","본문으로 건너뛰기","content"
"/health/tools/migraine-visit-card","/","OONURIM오누림","navigation"
"/health/tools/migraine-visit-card","/health","질환 알아보기","navigation"
"/health/tools/migraine-visit-card","/health/guides/danger-signals","몸이 보내는 신호","navigation"
"/health/tools/migraine-visit-card","/health/guides/reading-health-results","검사·건강수치","navigation"
"/health/tools/migraine-visit-card","/health/guides/family-medication-support","가족 건강","navigation"
"/health/tools/migraine-visit-card","/health","건강 도구","navigation"
"/health/tools/migraine-visit-card","/health/trust/about","오누림 소개","navigation"
"/health/tools/migraine-visit-card","/health/migraine","편두통이 걱정될 때, 평소 두통 패턴과 새 변화를 나눠 보기 해설 읽기","navigation"
"/health/tools/migraine-visit-card","/health/migraine","이 질환 안내의 위험 신호와 도움 요청 행동","content"
"/health/tools/migraine-visit-card","/health/guides/symptom-journal","두통 때의 관찰과 원인 추측을 구분하는 기록법","content"
"/health/tools/migraine-visit-card","/health/guides/medication-list","약 이름·사용 목적·실제 사용을 함께 알리는 목록","content"
"/health/tools/migraine-visit-card","/health/guides/appointment-questions","검사 목적과 재연락 기준의 답을 남기는 방법","content"
"/health/tools/migraine-visit-card","/health/trust/medical-review-policy","의료 검토 상태","navigation"
"/health/tools/migraine-visit-card","/health/trust/privacy","기록·개인정보 안내","navigation"
"/health/tools/migraine-visit-card","/health","20개 질환 안내","navigation"
"/health/tools/migraine-visit-card","/health/guides/danger-signals","위험 신호","navigation"
"/health/tools/migraine-visit-card","/health/guides/appointment-questions","진료 질문 준비","navigation"
"/health/tools/migraine-visit-card","/health","건강 기록 도구","navigation"
"/health/tools/migraine-visit-card","/health/trust/author","작성자","navigation"
"/health/tools/migraine-visit-card","/health/trust/sources-policy","출처 원칙","navigation"
"/health/tools/migraine-visit-card","/health/trust/corrections-policy","정정·문의","navigation"
"/health/tools/migraine-visit-card","/health/trust/ai-disclosure","AI 활용 공개","navigation"
"/health/tools/migraine-visit-card","/health/trust/advertising","광고 정책","navigation"
"/health/tools/migraine-visit-card","/health/trust/disclaimer","면책 안내","navigation"
"/health/tools/migraine-visit-card","/health/trust/privacy","개인정보","navigation"
"/health/tools/migraine-visit-card","/health/trust/terms","이용약관","navigation"
"/health/tools/oa-daily-activity-log","/health/tools/oa-daily-activity-log","본문으로 건너뛰기","content"
"/health/tools/oa-daily-activity-log","/","OONURIM오누림","navigation"
"/health/tools/oa-daily-activity-log","/health","질환 알아보기","navigation"
"/health/tools/oa-daily-activity-log","/health/guides/danger-signals","몸이 보내는 신호","navigation"
"/health/tools/oa-daily-activity-log","/health/guides/reading-health-results","검사·건강수치","navigation"
"/health/tools/oa-daily-activity-log","/health/guides/family-medication-support","가족 건강","navigation"
"/health/tools/oa-daily-activity-log","/health","건강 도구","navigation"
"/health/tools/oa-daily-activity-log","/health/trust/about","오누림 소개","navigation"
"/health/tools/oa-daily-activity-log","/health/osteoarthritis","골관절염, 통증과 일상 변화를 함께 살피기 해설 읽기","navigation"
"/health/tools/oa-daily-activity-log","/health/osteoarthritis","이 질환 안내의 위험 신호와 도움 요청 행동","content"
"/health/tools/oa-daily-activity-log","/health/tools/oa-visit-questions","기록과 원하는 활동을 가져갈 골관절염 진료 질문","content"
"/health/tools/oa-daily-activity-log","/health/guides/medication-list","바르는 약·진통제까지 사용법을 남기는 약 목록","content"
"/health/tools/oa-daily-activity-log","/health/tools/oa-family-support","당사자가 원하는 기록·진료 도움을 묻는 가족 체크","content"
"/health/tools/oa-daily-activity-log","/health/trust/medical-review-policy","의료 검토 상태","navigation"
"/health/tools/oa-daily-activity-log","/health/trust/privacy","기록·개인정보 안내","navigation"
"/health/tools/oa-daily-activity-log","/health","20개 질환 안내","navigation"
"/health/tools/oa-daily-activity-log","/health/guides/danger-signals","위험 신호","navigation"
"/health/tools/oa-daily-activity-log","/health/guides/appointment-questions","진료 질문 준비","navigation"
"/health/tools/oa-daily-activity-log","/health","건강 기록 도구","navigation"
"/health/tools/oa-daily-activity-log","/health/trust/author","작성자","navigation"
"/health/tools/oa-daily-activity-log","/health/trust/sources-policy","출처 원칙","navigation"
"/health/tools/oa-daily-activity-log","/health/trust/corrections-policy","정정·문의","navigation"
"/health/tools/oa-daily-activity-log","/health/trust/ai-disclosure","AI 활용 공개","navigation"
"/health/tools/oa-daily-activity-log","/health/trust/advertising","광고 정책","navigation"
"/health/tools/oa-daily-activity-log","/health/trust/disclaimer","면책 안내","navigation"
"/health/tools/oa-daily-activity-log","/health/trust/privacy","개인정보","navigation"
"/health/tools/oa-daily-activity-log","/health/trust/terms","이용약관","navigation"
"/health/tools/oa-family-support","/health/tools/oa-family-support","본문으로 건너뛰기","content"
"/health/tools/oa-family-support","/","OONURIM오누림","navigation"
"/health/tools/oa-family-support","/health","질환 알아보기","navigation"
"/health/tools/oa-family-support","/health/guides/danger-signals","몸이 보내는 신호","navigation"
"/health/tools/oa-family-support","/health/guides/reading-health-results","검사·건강수치","navigation"
"/health/tools/oa-family-support","/health/guides/family-medication-support","가족 건강","navigation"
"/health/tools/oa-family-support","/health","건강 도구","navigation"
"/health/tools/oa-family-support","/health/trust/about","오누림 소개","navigation"
"/health/tools/oa-family-support","/health/osteoarthritis","골관절염, 통증과 일상 변화를 함께 살피기 해설 읽기","navigation"
"/health/tools/oa-family-support","/health/osteoarthritis","이 질환 안내의 위험 신호와 도움 요청 행동","content"
"/health/tools/oa-family-support","/health/tools/oa-daily-activity-log","당사자의 실제 관절·활동 변화를 남기는 기록표","content"
"/health/tools/oa-family-support","/health/tools/oa-visit-questions","본인의 활동 목표와 치료 선택을 묻는 질문 카드","content"
"/health/tools/oa-family-support","/health/trust/medical-review-policy","의료 검토 상태","navigation"
"/health/tools/oa-family-support","/health/trust/privacy","기록·개인정보 안내","navigation"
"/health/tools/oa-family-support","/health","20개 질환 안내","navigation"
"/health/tools/oa-family-support","/health/guides/danger-signals","위험 신호","navigation"
"/health/tools/oa-family-support","/health/guides/appointment-questions","진료 질문 준비","navigation"
"/health/tools/oa-family-support","/health","건강 기록 도구","navigation"
"/health/tools/oa-family-support","/health/trust/author","작성자","navigation"
"/health/tools/oa-family-support","/health/trust/sources-policy","출처 원칙","navigation"
"/health/tools/oa-family-support","/health/trust/corrections-policy","정정·문의","navigation"
"/health/tools/oa-family-support","/health/trust/ai-disclosure","AI 활용 공개","navigation"
"/health/tools/oa-family-support","/health/trust/advertising","광고 정책","navigation"
"/health/tools/oa-family-support","/health/trust/disclaimer","면책 안내","navigation"
"/health/tools/oa-family-support","/health/trust/privacy","개인정보","navigation"
"/health/tools/oa-family-support","/health/trust/terms","이용약관","navigation"
"/health/tools/oa-visit-questions","/health/tools/oa-visit-questions","본문으로 건너뛰기","content"
"/health/tools/oa-visit-questions","/","OONURIM오누림","navigation"
"/health/tools/oa-visit-questions","/health","질환 알아보기","navigation"
"/health/tools/oa-visit-questions","/health/guides/danger-signals","몸이 보내는 신호","navigation"
"/health/tools/oa-visit-questions","/health/guides/reading-health-results","검사·건강수치","navigation"
"/health/tools/oa-visit-questions","/health/guides/family-medication-support","가족 건강","navigation"
"/health/tools/oa-visit-questions","/health","건강 도구","navigation"
"/health/tools/oa-visit-questions","/health/trust/about","오누림 소개","navigation"
"/health/tools/oa-visit-questions","/health/osteoarthritis","골관절염, 통증과 일상 변화를 함께 살피기 해설 읽기","navigation"
"/health/tools/oa-visit-questions","/health/osteoarthritis","이 질환 안내의 위험 신호와 도움 요청 행동","content"
"/health/tools/oa-visit-questions","/health/tools/oa-daily-activity-log","관절·좌우와 실제 활동 전후 느낌을 적는 관찰표","content"
"/health/tools/oa-visit-questions","/health/guides/medication-list","처방약·진통제·바르는 제품의 실제 사용 목록","content"
"/health/tools/oa-visit-questions","/health/tools/oa-family-support","본인이 원하는 진료 동행·기록 도움을 묻는 체크","content"
"/health/tools/oa-visit-questions","/health/trust/medical-review-policy","의료 검토 상태","navigation"
"/health/tools/oa-visit-questions","/health/trust/privacy","기록·개인정보 안내","navigation"
"/health/tools/oa-visit-questions","/health","20개 질환 안내","navigation"
"/health/tools/oa-visit-questions","/health/guides/danger-signals","위험 신호","navigation"
"/health/tools/oa-visit-questions","/health/guides/appointment-questions","진료 질문 준비","navigation"
"/health/tools/oa-visit-questions","/health","건강 기록 도구","navigation"
"/health/tools/oa-visit-questions","/health/trust/author","작성자","navigation"
"/health/tools/oa-visit-questions","/health/trust/sources-policy","출처 원칙","navigation"
"/health/tools/oa-visit-questions","/health/trust/corrections-policy","정정·문의","navigation"
"/health/tools/oa-visit-questions","/health/trust/ai-disclosure","AI 활용 공개","navigation"
"/health/tools/oa-visit-questions","/health/trust/advertising","광고 정책","navigation"
"/health/tools/oa-visit-questions","/health/trust/disclaimer","면책 안내","navigation"
"/health/tools/oa-visit-questions","/health/trust/privacy","개인정보","navigation"
"/health/tools/oa-visit-questions","/health/trust/terms","이용약관","navigation"
"/health/tools/obesity-visit-card","/health/tools/obesity-visit-card","본문으로 건너뛰기","content"
"/health/tools/obesity-visit-card","/","OONURIM오누림","navigation"
"/health/tools/obesity-visit-card","/health","질환 알아보기","navigation"
"/health/tools/obesity-visit-card","/health/guides/danger-signals","몸이 보내는 신호","navigation"
"/health/tools/obesity-visit-card","/health/guides/reading-health-results","검사·건강수치","navigation"
"/health/tools/obesity-visit-card","/health/guides/family-medication-support","가족 건강","navigation"
"/health/tools/obesity-visit-card","/health","건강 도구","navigation"
"/health/tools/obesity-visit-card","/health/trust/about","오누림 소개","navigation"
"/health/tools/obesity-visit-card","/health/obesity","비만 상담 전, 체중과 생활 변화를 함께 정리하기 해설 읽기","navigation"
"/health/tools/obesity-visit-card","/health/obesity","이 질환 안내의 위험 신호와 도움 요청 행동","content"
"/health/tools/obesity-visit-card","/health/guides/medication-list","약·보충제와 실제 변경 시기를 남기는 목록","content"
"/health/tools/obesity-visit-card","/health/guides/appointment-questions","먼저 물을 질문과 다음 계획을 확인하는 대화","content"
"/health/tools/obesity-visit-card","/health/trust/medical-review-policy","의료 검토 상태","navigation"
"/health/tools/obesity-visit-card","/health/trust/privacy","기록·개인정보 안내","navigation"
"/health/tools/obesity-visit-card","/health","20개 질환 안내","navigation"
"/health/tools/obesity-visit-card","/health/guides/danger-signals","위험 신호","navigation"
"/health/tools/obesity-visit-card","/health/guides/appointment-questions","진료 질문 준비","navigation"
"/health/tools/obesity-visit-card","/health","건강 기록 도구","navigation"
"/health/tools/obesity-visit-card","/health/trust/author","작성자","navigation"
"/health/tools/obesity-visit-card","/health/trust/sources-policy","출처 원칙","navigation"
"/health/tools/obesity-visit-card","/health/trust/corrections-policy","정정·문의","navigation"
"/health/tools/obesity-visit-card","/health/trust/ai-disclosure","AI 활용 공개","navigation"
"/health/tools/obesity-visit-card","/health/trust/advertising","광고 정책","navigation"
"/health/tools/obesity-visit-card","/health/trust/disclaimer","면책 안내","navigation"
"/health/tools/obesity-visit-card","/health/trust/privacy","개인정보","navigation"
"/health/tools/obesity-visit-card","/health/trust/terms","이용약관","navigation"
"/health/tools/osteoporosis-appointment-prep","/health/tools/osteoporosis-appointment-prep","본문으로 건너뛰기","content"
"/health/tools/osteoporosis-appointment-prep","/","OONURIM오누림","navigation"
"/health/tools/osteoporosis-appointment-prep","/health","질환 알아보기","navigation"
"/health/tools/osteoporosis-appointment-prep","/health/guides/danger-signals","몸이 보내는 신호","navigation"
"/health/tools/osteoporosis-appointment-prep","/health/guides/reading-health-results","검사·건강수치","navigation"
"/health/tools/osteoporosis-appointment-prep","/health/guides/family-medication-support","가족 건강","navigation"
"/health/tools/osteoporosis-appointment-prep","/health","건강 도구","navigation"
"/health/tools/osteoporosis-appointment-prep","/health/trust/about","오누림 소개","navigation"
"/health/tools/osteoporosis-appointment-prep","/health/osteoporosis","골다공증, 검사표와 낙상 예방을 함께 보기 해설 읽기","navigation"
"/health/tools/osteoporosis-appointment-prep","/health/osteoporosis","이 질환 안내의 위험 신호와 도움 요청 행동","content"
"/health/tools/osteoporosis-appointment-prep","/health/tools/osteoporosis-home-check","검사·치료와 별도로 확인할 집안 이동 환경","content"
"/health/tools/osteoporosis-appointment-prep","/health/guides/medication-list","현재 약·보충제와 과거 사용 이력을 구분하는 목록","content"
"/health/tools/osteoporosis-appointment-prep","/health/guides/reading-health-results","검사 원본의 날짜·부위·단위를 함께 읽는 방법","content"
"/health/tools/osteoporosis-appointment-prep","/health/trust/medical-review-policy","의료 검토 상태","navigation"
"/health/tools/osteoporosis-appointment-prep","/health/trust/privacy","기록·개인정보 안내","navigation"
"/health/tools/osteoporosis-appointment-prep","/health","20개 질환 안내","navigation"
"/health/tools/osteoporosis-appointment-prep","/health/guides/danger-signals","위험 신호","navigation"
"/health/tools/osteoporosis-appointment-prep","/health/guides/appointment-questions","진료 질문 준비","navigation"
"/health/tools/osteoporosis-appointment-prep","/health","건강 기록 도구","navigation"
"/health/tools/osteoporosis-appointment-prep","/health/trust/author","작성자","navigation"
"/health/tools/osteoporosis-appointment-prep","/health/trust/sources-policy","출처 원칙","navigation"
"/health/tools/osteoporosis-appointment-prep","/health/trust/corrections-policy","정정·문의","navigation"
"/health/tools/osteoporosis-appointment-prep","/health/trust/ai-disclosure","AI 활용 공개","navigation"
"/health/tools/osteoporosis-appointment-prep","/health/trust/advertising","광고 정책","navigation"
"/health/tools/osteoporosis-appointment-prep","/health/trust/disclaimer","면책 안내","navigation"
"/health/tools/osteoporosis-appointment-prep","/health/trust/privacy","개인정보","navigation"
"/health/tools/osteoporosis-appointment-prep","/health/trust/terms","이용약관","navigation"
"/health/tools/osteoporosis-home-check","/health/tools/osteoporosis-home-check","본문으로 건너뛰기","content"
"/health/tools/osteoporosis-home-check","/","OONURIM오누림","navigation"
"/health/tools/osteoporosis-home-check","/health","질환 알아보기","navigation"
"/health/tools/osteoporosis-home-check","/health/guides/danger-signals","몸이 보내는 신호","navigation"
"/health/tools/osteoporosis-home-check","/health/guides/reading-health-results","검사·건강수치","navigation"
"/health/tools/osteoporosis-home-check","/health/guides/family-medication-support","가족 건강","navigation"
"/health/tools/osteoporosis-home-check","/health","건강 도구","navigation"
"/health/tools/osteoporosis-home-check","/health/trust/about","오누림 소개","navigation"
"/health/tools/osteoporosis-home-check","/health/osteoporosis","골다공증, 검사표와 낙상 예방을 함께 보기 해설 읽기","navigation"
"/health/tools/osteoporosis-home-check","/health/osteoporosis","이 질환 안내의 위험 신호와 도움 요청 행동","content"
"/health/tools/osteoporosis-home-check","/health/tools/osteoporosis-appointment-prep","낙상 이력·검사 원본·약을 함께 가져갈 진료 준비","content"
"/health/tools/osteoporosis-home-check","/health/guides/older-parent-health-organizer","당사자와 상의해 일상 변화와 동행 도움을 정리하기","content"
"/health/tools/osteoporosis-home-check","/health/guides/medication-list","균형 변화와 함께 상담할 실제 약·보충제 목록","content"
"/health/tools/osteoporosis-home-check","/health/trust/medical-review-policy","의료 검토 상태","navigation"
"/health/tools/osteoporosis-home-check","/health/trust/privacy","기록·개인정보 안내","navigation"
"/health/tools/osteoporosis-home-check","/health","20개 질환 안내","navigation"
"/health/tools/osteoporosis-home-check","/health/guides/danger-signals","위험 신호","navigation"
"/health/tools/osteoporosis-home-check","/health/guides/appointment-questions","진료 질문 준비","navigation"
"/health/tools/osteoporosis-home-check","/health","건강 기록 도구","navigation"
"/health/tools/osteoporosis-home-check","/health/trust/author","작성자","navigation"
"/health/tools/osteoporosis-home-check","/health/trust/sources-policy","출처 원칙","navigation"
"/health/tools/osteoporosis-home-check","/health/trust/corrections-policy","정정·문의","navigation"
"/health/tools/osteoporosis-home-check","/health/trust/ai-disclosure","AI 활용 공개","navigation"
"/health/tools/osteoporosis-home-check","/health/trust/advertising","광고 정책","navigation"
"/health/tools/osteoporosis-home-check","/health/trust/disclaimer","면책 안내","navigation"
"/health/tools/osteoporosis-home-check","/health/trust/privacy","개인정보","navigation"
"/health/tools/osteoporosis-home-check","/health/trust/terms","이용약관","navigation"
"/health/tools/osteoporosis-terms","/health/tools/osteoporosis-terms","본문으로 건너뛰기","content"
"/health/tools/osteoporosis-terms","/","OONURIM오누림","navigation"
"/health/tools/osteoporosis-terms","/health","질환 알아보기","navigation"
"/health/tools/osteoporosis-terms","/health/guides/danger-signals","몸이 보내는 신호","navigation"
"/health/tools/osteoporosis-terms","/health/guides/reading-health-results","검사·건강수치","navigation"
"/health/tools/osteoporosis-terms","/health/guides/family-medication-support","가족 건강","navigation"
"/health/tools/osteoporosis-terms","/health","건강 도구","navigation"
"/health/tools/osteoporosis-terms","/health/trust/about","오누림 소개","navigation"
"/health/tools/osteoporosis-terms","/health/osteoporosis","골다공증, 검사표와 낙상 예방을 함께 보기 해설 읽기","navigation"
"/health/tools/osteoporosis-terms","/health/tools/osteoporosis-appointment-prep","결과 원본·골절 이력을 모아 질문할 진료 준비표","content"
"/health/tools/osteoporosis-terms","/health/guides/reading-health-results","검사표 이름·단위·설명과 개인 판단을 구분하기","content"
"/health/tools/osteoporosis-terms","/health/trust/medical-review-policy","의료 검토 상태","navigation"
"/health/tools/osteoporosis-terms","/health/trust/privacy","기록·개인정보 안내","navigation"
"/health/tools/osteoporosis-terms","/health","20개 질환 안내","navigation"
"/health/tools/osteoporosis-terms","/health/guides/danger-signals","위험 신호","navigation"
"/health/tools/osteoporosis-terms","/health/guides/appointment-questions","진료 질문 준비","navigation"
"/health/tools/osteoporosis-terms","/health","건강 기록 도구","navigation"
"/health/tools/osteoporosis-terms","/health/trust/author","작성자","navigation"
"/health/tools/osteoporosis-terms","/health/trust/sources-policy","출처 원칙","navigation"
"/health/tools/osteoporosis-terms","/health/trust/corrections-policy","정정·문의","navigation"
"/health/tools/osteoporosis-terms","/health/trust/ai-disclosure","AI 활용 공개","navigation"
"/health/tools/osteoporosis-terms","/health/trust/advertising","광고 정책","navigation"
"/health/tools/osteoporosis-terms","/health/trust/disclaimer","면책 안내","navigation"
"/health/tools/osteoporosis-terms","/health/trust/privacy","개인정보","navigation"
"/health/tools/osteoporosis-terms","/health/trust/terms","이용약관","navigation"
"/health/tools/sleep-apnea-visit-card","/health/tools/sleep-apnea-visit-card","본문으로 건너뛰기","content"
"/health/tools/sleep-apnea-visit-card","/","OONURIM오누림","navigation"
"/health/tools/sleep-apnea-visit-card","/health","질환 알아보기","navigation"
"/health/tools/sleep-apnea-visit-card","/health/guides/danger-signals","몸이 보내는 신호","navigation"
"/health/tools/sleep-apnea-visit-card","/health/guides/reading-health-results","검사·건강수치","navigation"
"/health/tools/sleep-apnea-visit-card","/health/guides/family-medication-support","가족 건강","navigation"
"/health/tools/sleep-apnea-visit-card","/health","건강 도구","navigation"
"/health/tools/sleep-apnea-visit-card","/health/trust/about","오누림 소개","navigation"
"/health/tools/sleep-apnea-visit-card","/health/sleep-apnea","수면무호흡증이 걱정될 때, 밤과 낮의 변화를 함께 정리하기 해설 읽기","navigation"
"/health/tools/sleep-apnea-visit-card","/health/sleep-apnea","이 질환 안내의 위험 신호와 도움 요청 행동","content"
"/health/tools/sleep-apnea-visit-card","/health/guides/symptom-journal","본인의 경험·상대 관찰·추측을 구분하는 기록법","content"
"/health/tools/sleep-apnea-visit-card","/health/guides/medication-list","수면 진료에 알릴 실제 약·보충제 목록","content"
"/health/tools/sleep-apnea-visit-card","/health/guides/reading-health-results","검사 원본과 결과 확인 계획을 함께 가져가기","content"
"/health/tools/sleep-apnea-visit-card","/health/trust/medical-review-policy","의료 검토 상태","navigation"
"/health/tools/sleep-apnea-visit-card","/health/trust/privacy","기록·개인정보 안내","navigation"
"/health/tools/sleep-apnea-visit-card","/health","20개 질환 안내","navigation"
"/health/tools/sleep-apnea-visit-card","/health/guides/danger-signals","위험 신호","navigation"
"/health/tools/sleep-apnea-visit-card","/health/guides/appointment-questions","진료 질문 준비","navigation"
"/health/tools/sleep-apnea-visit-card","/health","건강 기록 도구","navigation"
"/health/tools/sleep-apnea-visit-card","/health/trust/author","작성자","navigation"
"/health/tools/sleep-apnea-visit-card","/health/trust/sources-policy","출처 원칙","navigation"
"/health/tools/sleep-apnea-visit-card","/health/trust/corrections-policy","정정·문의","navigation"
"/health/tools/sleep-apnea-visit-card","/health/trust/ai-disclosure","AI 활용 공개","navigation"
"/health/tools/sleep-apnea-visit-card","/health/trust/advertising","광고 정책","navigation"
"/health/tools/sleep-apnea-visit-card","/health/trust/disclaimer","면책 안내","navigation"
"/health/tools/sleep-apnea-visit-card","/health/trust/privacy","개인정보","navigation"
"/health/tools/sleep-apnea-visit-card","/health/trust/terms","이용약관","navigation"
"/health/tools/stroke-visit-card","/health/tools/stroke-visit-card","본문으로 건너뛰기","content"
"/health/tools/stroke-visit-card","/","OONURIM오누림","navigation"
"/health/tools/stroke-visit-card","/health","질환 알아보기","navigation"
"/health/tools/stroke-visit-card","/health/guides/danger-signals","몸이 보내는 신호","navigation"
"/health/tools/stroke-visit-card","/health/guides/reading-health-results","검사·건강수치","navigation"
"/health/tools/stroke-visit-card","/health/guides/family-medication-support","가족 건강","navigation"
"/health/tools/stroke-visit-card","/health","건강 도구","navigation"
"/health/tools/stroke-visit-card","/health/trust/about","오누림 소개","navigation"
"/health/tools/stroke-visit-card","/health/stroke","뇌졸중 신호가 갑자기 나타나면 즉시 119 해설 읽기","navigation"
"/health/tools/stroke-visit-card","/health/stroke","이 질환 안내의 위험 신호와 도움 요청 행동","content"
"/health/tools/stroke-visit-card","/health/guides/danger-signals","기록·자가 확인보다 119가 먼저인 다른 신호","content"
"/health/tools/stroke-visit-card","/health/guides/medication-list","평소 준비할 약 목록: 찾느라 구급 대응을 늦추지 않기","content"
"/health/tools/stroke-visit-card","/health/guides/appointment-questions","응급 평가·치료 뒤 답과 다음 계획을 확인하는 질문","content"
"/health/tools/stroke-visit-card","/health/trust/medical-review-policy","의료 검토 상태","navigation"
"/health/tools/stroke-visit-card","/health/trust/privacy","기록·개인정보 안내","navigation"
"/health/tools/stroke-visit-card","/health","20개 질환 안내","navigation"
"/health/tools/stroke-visit-card","/health/guides/danger-signals","위험 신호","navigation"
"/health/tools/stroke-visit-card","/health/guides/appointment-questions","진료 질문 준비","navigation"
"/health/tools/stroke-visit-card","/health","건강 기록 도구","navigation"
"/health/tools/stroke-visit-card","/health/trust/author","작성자","navigation"
"/health/tools/stroke-visit-card","/health/trust/sources-policy","출처 원칙","navigation"
"/health/tools/stroke-visit-card","/health/trust/corrections-policy","정정·문의","navigation"
"/health/tools/stroke-visit-card","/health/trust/ai-disclosure","AI 활용 공개","navigation"
"/health/tools/stroke-visit-card","/health/trust/advertising","광고 정책","navigation"
"/health/tools/stroke-visit-card","/health/trust/disclaimer","면책 안내","navigation"
"/health/tools/stroke-visit-card","/health/trust/privacy","개인정보","navigation"
"/health/tools/stroke-visit-card","/health/trust/terms","이용약관","navigation"
"/health/tools/urinary-tract-infection-visit-card","/health/tools/urinary-tract-infection-visit-card","본문으로 건너뛰기","content"
"/health/tools/urinary-tract-infection-visit-card","/","OONURIM오누림","navigation"
"/health/tools/urinary-tract-infection-visit-card","/health","질환 알아보기","navigation"
"/health/tools/urinary-tract-infection-visit-card","/health/guides/danger-signals","몸이 보내는 신호","navigation"
"/health/tools/urinary-tract-infection-visit-card","/health/guides/reading-health-results","검사·건강수치","navigation"
"/health/tools/urinary-tract-infection-visit-card","/health/guides/family-medication-support","가족 건강","navigation"
"/health/tools/urinary-tract-infection-visit-card","/health","건강 도구","navigation"
"/health/tools/urinary-tract-infection-visit-card","/health/trust/about","오누림 소개","navigation"
"/health/tools/urinary-tract-infection-visit-card","/health/urinary-tract-infection","소변 볼 때 불편한데, 방광염일까요? 해설 읽기","navigation"
"/health/tools/urinary-tract-infection-visit-card","/health/urinary-tract-infection","이 질환 안내의 위험 신호와 도움 요청 행동","content"
"/health/tools/urinary-tract-infection-visit-card","/health/guides/medication-list","최근 항생제·알레르기와 실제 약 정보를 함께 준비","content"
"/health/tools/urinary-tract-infection-visit-card","/health/guides/reading-health-results","소변검사 결과지와 의료진 설명을 구분해 읽기","content"
"/health/tools/urinary-tract-infection-visit-card","/health/guides/appointment-questions","결과 전달 방법과 재연락 기준을 묻는 방법","content"
"/health/tools/urinary-tract-infection-visit-card","/health/trust/medical-review-policy","의료 검토 상태","navigation"
"/health/tools/urinary-tract-infection-visit-card","/health/trust/privacy","기록·개인정보 안내","navigation"
"/health/tools/urinary-tract-infection-visit-card","/health","20개 질환 안내","navigation"
"/health/tools/urinary-tract-infection-visit-card","/health/guides/danger-signals","위험 신호","navigation"
"/health/tools/urinary-tract-infection-visit-card","/health/guides/appointment-questions","진료 질문 준비","navigation"
"/health/tools/urinary-tract-infection-visit-card","/health","건강 기록 도구","navigation"
"/health/tools/urinary-tract-infection-visit-card","/health/trust/author","작성자","navigation"
"/health/tools/urinary-tract-infection-visit-card","/health/trust/sources-policy","출처 원칙","navigation"
"/health/tools/urinary-tract-infection-visit-card","/health/trust/corrections-policy","정정·문의","navigation"
"/health/tools/urinary-tract-infection-visit-card","/health/trust/ai-disclosure","AI 활용 공개","navigation"
"/health/tools/urinary-tract-infection-visit-card","/health/trust/advertising","광고 정책","navigation"
"/health/tools/urinary-tract-infection-visit-card","/health/trust/disclaimer","면책 안내","navigation"
"/health/tools/urinary-tract-infection-visit-card","/health/trust/privacy","개인정보","navigation"
"/health/tools/urinary-tract-infection-visit-card","/health/trust/terms","이용약관","navigation"
"/health/trust/about","/health/trust/about","본문으로 건너뛰기","content"
"/health/trust/about","/","OONURIM오누림","navigation"
"/health/trust/about","/health","질환 알아보기","navigation"
"/health/trust/about","/health/guides/danger-signals","몸이 보내는 신호","navigation"
"/health/trust/about","/health/guides/reading-health-results","검사·건강수치","navigation"
"/health/trust/about","/health/guides/family-medication-support","가족 건강","navigation"
"/health/trust/about","/health","건강 도구","navigation"
"/health/trust/about","/health/trust/about","오누림 소개","navigation"
"/health/trust/about","/health","질환·검사·도구 중 필요한 안내 찾기","content"
"/health/trust/about","/health/trust/medical-review-policy","의료 검토의 현재 상태와 완료 조건","content"
"/health/trust/about","/health/trust/author","박영훈 편집자의 역할과 한계","content"
"/health/trust/about","/health/trust/sources-policy","출처 선정·확인 원칙","content"
"/health/trust/about","/health/trust/ai-disclosure","AI 보조와 시각자료의 한계","content"
"/health/trust/about","/health/trust/corrections-policy","정정 정책과 공개 게시 주의사항","content"
"/health/trust/about","/health","20개 질환 안내","navigation"
"/health/trust/about","/health/guides/danger-signals","위험 신호","navigation"
"/health/trust/about","/health/guides/appointment-questions","진료 질문 준비","navigation"
"/health/trust/about","/health","건강 기록 도구","navigation"
"/health/trust/about","/health/trust/author","작성자","navigation"
"/health/trust/about","/health/trust/sources-policy","출처 원칙","navigation"
"/health/trust/about","/health/trust/corrections-policy","정정·문의","navigation"
"/health/trust/about","/health/trust/ai-disclosure","AI 활용 공개","navigation"
"/health/trust/about","/health/trust/advertising","광고 정책","navigation"
"/health/trust/about","/health/trust/disclaimer","면책 안내","navigation"
"/health/trust/about","/health/trust/privacy","개인정보","navigation"
"/health/trust/about","/health/trust/terms","이용약관","navigation"
"/health/trust/advertising","/health/trust/advertising","본문으로 건너뛰기","content"
"/health/trust/advertising","/","OONURIM오누림","navigation"
"/health/trust/advertising","/health","질환 알아보기","navigation"
"/health/trust/advertising","/health/guides/danger-signals","몸이 보내는 신호","navigation"
"/health/trust/advertising","/health/guides/reading-health-results","검사·건강수치","navigation"
"/health/trust/advertising","/health/guides/family-medication-support","가족 건강","navigation"
"/health/trust/advertising","/health","건강 도구","navigation"
"/health/trust/advertising","/health/trust/about","오누림 소개","navigation"
"/health/trust/advertising","/health/trust/editorial-policy","건강정보를 작성·수정하는 편집 원칙","content"
"/health/trust/advertising","/health/trust/medical-review-policy","현재 의료 검토 상태","content"
"/health/trust/advertising","/health/trust/privacy","Google 광고·측정 정보 처리와 설정 안내","content"
"/health/trust/advertising","/health/trust/corrections-policy","혼동되는 표시의 정정 경로와 확인 한계","content"
"/health/trust/advertising","/health","20개 질환 안내","navigation"
"/health/trust/advertising","/health/guides/danger-signals","위험 신호","navigation"
"/health/trust/advertising","/health/guides/appointment-questions","진료 질문 준비","navigation"
"/health/trust/advertising","/health","건강 기록 도구","navigation"
"/health/trust/advertising","/health/trust/author","작성자","navigation"
"/health/trust/advertising","/health/trust/sources-policy","출처 원칙","navigation"
"/health/trust/advertising","/health/trust/corrections-policy","정정·문의","navigation"
"/health/trust/advertising","/health/trust/ai-disclosure","AI 활용 공개","navigation"
"/health/trust/advertising","/health/trust/advertising","광고 정책","navigation"
"/health/trust/advertising","/health/trust/disclaimer","면책 안내","navigation"
"/health/trust/advertising","/health/trust/privacy","개인정보","navigation"
"/health/trust/advertising","/health/trust/terms","이용약관","navigation"
"/health/trust/ai-disclosure","/health/trust/ai-disclosure","본문으로 건너뛰기","content"
"/health/trust/ai-disclosure","/","OONURIM오누림","navigation"
"/health/trust/ai-disclosure","/health","질환 알아보기","navigation"
"/health/trust/ai-disclosure","/health/guides/danger-signals","몸이 보내는 신호","navigation"
"/health/trust/ai-disclosure","/health/guides/reading-health-results","검사·건강수치","navigation"
"/health/trust/ai-disclosure","/health/guides/family-medication-support","가족 건강","navigation"
"/health/trust/ai-disclosure","/health","건강 도구","navigation"
"/health/trust/ai-disclosure","/health/trust/about","오누림 소개","navigation"
"/health/trust/ai-disclosure","/health/trust/sources-policy","출처 원문을 확인하는 원칙","content"
"/health/trust/ai-disclosure","/health/trust/author","공개 작성자의 비의료 편집 역할","content"
"/health/trust/ai-disclosure","/health/trust/medical-review-policy","의료 검토가 아직 시작되지 않은 현재 상태","content"
"/health/trust/ai-disclosure","/health/trust/corrections-policy","오류·혼란 문장의 정정 안내","content"
"/health/trust/ai-disclosure","/health","20개 질환 안내","navigation"
"/health/trust/ai-disclosure","/health/guides/danger-signals","위험 신호","navigation"
"/health/trust/ai-disclosure","/health/guides/appointment-questions","진료 질문 준비","navigation"
"/health/trust/ai-disclosure","/health","건강 기록 도구","navigation"
"/health/trust/ai-disclosure","/health/trust/author","작성자","navigation"
"/health/trust/ai-disclosure","/health/trust/sources-policy","출처 원칙","navigation"
"/health/trust/ai-disclosure","/health/trust/corrections-policy","정정·문의","navigation"
"/health/trust/ai-disclosure","/health/trust/ai-disclosure","AI 활용 공개","navigation"
"/health/trust/ai-disclosure","/health/trust/advertising","광고 정책","navigation"
"/health/trust/ai-disclosure","/health/trust/disclaimer","면책 안내","navigation"
"/health/trust/ai-disclosure","/health/trust/privacy","개인정보","navigation"
"/health/trust/ai-disclosure","/health/trust/terms","이용약관","navigation"
"/health/trust/author","/health/trust/author","본문으로 건너뛰기","content"
"/health/trust/author","/","OONURIM오누림","navigation"
"/health/trust/author","/health","질환 알아보기","navigation"
"/health/trust/author","/health/guides/danger-signals","몸이 보내는 신호","navigation"
"/health/trust/author","/health/guides/reading-health-results","검사·건강수치","navigation"
"/health/trust/author","/health/guides/family-medication-support","가족 건강","navigation"
"/health/trust/author","/health","건강 도구","navigation"
"/health/trust/author","/health/trust/about","오누림 소개","navigation"
"/health/trust/author","/health/trust/editorial-policy","건강정보 작성·수정의 편집 원칙","content"
"/health/trust/author","/health/trust/ai-disclosure","AI가 사용되는 범위와 검증 한계","content"
"/health/trust/author","/health/trust/sources-policy","공식 출처를 확인하는 기준","content"
"/health/trust/author","/health/trust/medical-review-policy","면허 의료인 검토의 현재 상태","content"
"/health/trust/author","/health/trust/corrections-policy","오류 정정 정책과 접수 경로의 한계","content"
"/health/trust/author","/health","20개 질환 안내","navigation"
"/health/trust/author","/health/guides/danger-signals","위험 신호","navigation"
"/health/trust/author","/health/guides/appointment-questions","진료 질문 준비","navigation"
"/health/trust/author","/health","건강 기록 도구","navigation"
"/health/trust/author","/health/trust/author","작성자","navigation"
"/health/trust/author","/health/trust/sources-policy","출처 원칙","navigation"
"/health/trust/author","/health/trust/corrections-policy","정정·문의","navigation"
"/health/trust/author","/health/trust/ai-disclosure","AI 활용 공개","navigation"
"/health/trust/author","/health/trust/advertising","광고 정책","navigation"
"/health/trust/author","/health/trust/disclaimer","면책 안내","navigation"
"/health/trust/author","/health/trust/privacy","개인정보","navigation"
"/health/trust/author","/health/trust/terms","이용약관","navigation"
"/health/trust/contact","/health/trust/contact","본문으로 건너뛰기","content"
"/health/trust/contact","/","OONURIM오누림","navigation"
"/health/trust/contact","/health","질환 알아보기","navigation"
"/health/trust/contact","/health/guides/danger-signals","몸이 보내는 신호","navigation"
"/health/trust/contact","/health/guides/reading-health-results","검사·건강수치","navigation"
"/health/trust/contact","/health/guides/family-medication-support","가족 건강","navigation"
"/health/trust/contact","/health","건강 도구","navigation"
"/health/trust/contact","/health/trust/about","오누림 소개","navigation"
"/health/trust/contact","/health/trust/corrections-policy","정정 정책: 접수 상태·필요한 내용 확인","content"
"/health/trust/contact","/health/trust/privacy","외부 게시물과 개인정보 안내","content"
"/health/trust/contact","/health/guides/danger-signals","응급 도움을 먼저 요청해야 하는 위험 신호","content"
"/health/trust/contact","/health","20개 질환 안내","navigation"
"/health/trust/contact","/health/guides/danger-signals","위험 신호","navigation"
"/health/trust/contact","/health/guides/appointment-questions","진료 질문 준비","navigation"
"/health/trust/contact","/health","건강 기록 도구","navigation"
"/health/trust/contact","/health/trust/author","작성자","navigation"
"/health/trust/contact","/health/trust/sources-policy","출처 원칙","navigation"
"/health/trust/contact","/health/trust/corrections-policy","정정·문의","navigation"
"/health/trust/contact","/health/trust/ai-disclosure","AI 활용 공개","navigation"
"/health/trust/contact","/health/trust/advertising","광고 정책","navigation"
"/health/trust/contact","/health/trust/disclaimer","면책 안내","navigation"
"/health/trust/contact","/health/trust/privacy","개인정보","navigation"
"/health/trust/contact","/health/trust/terms","이용약관","navigation"
"/health/trust/corrections-policy","/health/trust/corrections-policy","본문으로 건너뛰기","content"
"/health/trust/corrections-policy","/","OONURIM오누림","navigation"
"/health/trust/corrections-policy","/health","질환 알아보기","navigation"
"/health/trust/corrections-policy","/health/guides/danger-signals","몸이 보내는 신호","navigation"
"/health/trust/corrections-policy","/health/guides/reading-health-results","검사·건강수치","navigation"
"/health/trust/corrections-policy","/health/guides/family-medication-support","가족 건강","navigation"
"/health/trust/corrections-policy","/health","건강 도구","navigation"
"/health/trust/corrections-policy","/health/trust/about","오누림 소개","navigation"
"/health/trust/corrections-policy","/health/trust/privacy","기록 도구와 외부 서비스의 개인정보 안내","content"
"/health/trust/corrections-policy","/health/trust/sources-policy","출처를 대조하는 기준","content"
"/health/trust/corrections-policy","/health/trust/medical-review-policy","의료 검토의 현재 상태와 한계","content"
"/health/trust/corrections-policy","/health/guides/danger-signals","온라인 정보보다 도움 요청이 먼저인 위험 신호","content"
"/health/trust/corrections-policy","/health","20개 질환 안내","navigation"
"/health/trust/corrections-policy","/health/guides/danger-signals","위험 신호","navigation"
"/health/trust/corrections-policy","/health/guides/appointment-questions","진료 질문 준비","navigation"
"/health/trust/corrections-policy","/health","건강 기록 도구","navigation"
"/health/trust/corrections-policy","/health/trust/author","작성자","navigation"
"/health/trust/corrections-policy","/health/trust/sources-policy","출처 원칙","navigation"
"/health/trust/corrections-policy","/health/trust/corrections-policy","정정·문의","navigation"
"/health/trust/corrections-policy","/health/trust/ai-disclosure","AI 활용 공개","navigation"
"/health/trust/corrections-policy","/health/trust/advertising","광고 정책","navigation"
"/health/trust/corrections-policy","/health/trust/disclaimer","면책 안내","navigation"
"/health/trust/corrections-policy","/health/trust/privacy","개인정보","navigation"
"/health/trust/corrections-policy","/health/trust/terms","이용약관","navigation"
"/health/trust/disclaimer","/health/trust/disclaimer","본문으로 건너뛰기","content"
"/health/trust/disclaimer","/","OONURIM오누림","navigation"
"/health/trust/disclaimer","/health","질환 알아보기","navigation"
"/health/trust/disclaimer","/health/guides/danger-signals","몸이 보내는 신호","navigation"
"/health/trust/disclaimer","/health/guides/reading-health-results","검사·건강수치","navigation"
"/health/trust/disclaimer","/health/guides/family-medication-support","가족 건강","navigation"
"/health/trust/disclaimer","/health","건강 도구","navigation"
"/health/trust/disclaimer","/health/trust/about","오누림 소개","navigation"
"/health/trust/disclaimer","/health/guides/appointment-questions","개인 판단 대신 진료 질문으로 정리하기","content"
"/health/trust/disclaimer","/health/guides/danger-signals","응급 위험 신호와 신고 후 전할 내용","content"
"/health/trust/disclaimer","/health/trust/medical-review-policy","현재 의료 검토 상태와 범위","content"
"/health/trust/disclaimer","/health/trust/sources-policy","출처 설명의 적용 범위","content"
"/health/trust/disclaimer","/health","20개 질환 안내","navigation"
"/health/trust/disclaimer","/health/guides/danger-signals","위험 신호","navigation"
"/health/trust/disclaimer","/health/guides/appointment-questions","진료 질문 준비","navigation"
"/health/trust/disclaimer","/health","건강 기록 도구","navigation"
"/health/trust/disclaimer","/health/trust/author","작성자","navigation"
"/health/trust/disclaimer","/health/trust/sources-policy","출처 원칙","navigation"
"/health/trust/disclaimer","/health/trust/corrections-policy","정정·문의","navigation"
"/health/trust/disclaimer","/health/trust/ai-disclosure","AI 활용 공개","navigation"
"/health/trust/disclaimer","/health/trust/advertising","광고 정책","navigation"
"/health/trust/disclaimer","/health/trust/disclaimer","면책 안내","navigation"
"/health/trust/disclaimer","/health/trust/privacy","개인정보","navigation"
"/health/trust/disclaimer","/health/trust/terms","이용약관","navigation"
"/health/trust/editorial-policy","/health/trust/editorial-policy","본문으로 건너뛰기","content"
"/health/trust/editorial-policy","/","OONURIM오누림","navigation"
"/health/trust/editorial-policy","/health","질환 알아보기","navigation"
"/health/trust/editorial-policy","/health/guides/danger-signals","몸이 보내는 신호","navigation"
"/health/trust/editorial-policy","/health/guides/reading-health-results","검사·건강수치","navigation"
"/health/trust/editorial-policy","/health/guides/family-medication-support","가족 건강","navigation"
"/health/trust/editorial-policy","/health","건강 도구","navigation"
"/health/trust/editorial-policy","/health/trust/about","오누림 소개","navigation"
"/health/trust/editorial-policy","/health/trust/sources-policy","문장에 맞는 출처 선정과 확인 기준","content"
"/health/trust/editorial-policy","/health/trust/ai-disclosure","AI 보조의 사용 범위","content"
"/health/trust/editorial-policy","/health/trust/author","비의료인 편집자의 역할","content"
"/health/trust/editorial-policy","/health/trust/medical-review-policy","의료 검토의 현재 상태","content"
"/health/trust/editorial-policy","/health/trust/corrections-policy","정정할 내용·이유·근거를 기록하는 원칙","content"
"/health/trust/editorial-policy","/health","20개 질환 안내","navigation"
"/health/trust/editorial-policy","/health/guides/danger-signals","위험 신호","navigation"
"/health/trust/editorial-policy","/health/guides/appointment-questions","진료 질문 준비","navigation"
"/health/trust/editorial-policy","/health","건강 기록 도구","navigation"
"/health/trust/editorial-policy","/health/trust/author","작성자","navigation"
"/health/trust/editorial-policy","/health/trust/sources-policy","출처 원칙","navigation"
"/health/trust/editorial-policy","/health/trust/corrections-policy","정정·문의","navigation"
"/health/trust/editorial-policy","/health/trust/ai-disclosure","AI 활용 공개","navigation"
"/health/trust/editorial-policy","/health/trust/advertising","광고 정책","navigation"
"/health/trust/editorial-policy","/health/trust/disclaimer","면책 안내","navigation"
"/health/trust/editorial-policy","/health/trust/privacy","개인정보","navigation"
"/health/trust/editorial-policy","/health/trust/terms","이용약관","navigation"
"/health/trust/medical-review-policy","/health/trust/medical-review-policy","본문으로 건너뛰기","content"
"/health/trust/medical-review-policy","/","OONURIM오누림","navigation"
"/health/trust/medical-review-policy","/health","질환 알아보기","navigation"
"/health/trust/medical-review-policy","/health/guides/danger-signals","몸이 보내는 신호","navigation"
"/health/trust/medical-review-policy","/health/guides/reading-health-results","검사·건강수치","navigation"
"/health/trust/medical-review-policy","/health/guides/family-medication-support","가족 건강","navigation"
"/health/trust/medical-review-policy","/health","건강 도구","navigation"
"/health/trust/medical-review-policy","/health/trust/about","오누림 소개","navigation"
"/health/trust/medical-review-policy","/health/trust/author","현재 작성자의 역할과 자격 범위","content"
"/health/trust/medical-review-policy","/health/trust/sources-policy","출처 대조가 확인하는 범위","content"
"/health/trust/medical-review-policy","/health/trust/disclaimer","건강정보를 이용할 때의 한계","content"
"/health/trust/medical-review-policy","/health/trust/corrections-policy","오류 제보 경로와 현재 접수 확인 상태","content"
"/health/trust/medical-review-policy","/health","20개 질환 안내","navigation"
"/health/trust/medical-review-policy","/health/guides/danger-signals","위험 신호","navigation"
"/health/trust/medical-review-policy","/health/guides/appointment-questions","진료 질문 준비","navigation"
"/health/trust/medical-review-policy","/health","건강 기록 도구","navigation"
"/health/trust/medical-review-policy","/health/trust/author","작성자","navigation"
"/health/trust/medical-review-policy","/health/trust/sources-policy","출처 원칙","navigation"
"/health/trust/medical-review-policy","/health/trust/corrections-policy","정정·문의","navigation"
"/health/trust/medical-review-policy","/health/trust/ai-disclosure","AI 활용 공개","navigation"
"/health/trust/medical-review-policy","/health/trust/advertising","광고 정책","navigation"
"/health/trust/medical-review-policy","/health/trust/disclaimer","면책 안내","navigation"
"/health/trust/medical-review-policy","/health/trust/privacy","개인정보","navigation"
"/health/trust/medical-review-policy","/health/trust/terms","이용약관","navigation"
"/health/trust/privacy","/health/trust/privacy","본문으로 건너뛰기","content"
"/health/trust/privacy","/","OONURIM오누림","navigation"
"/health/trust/privacy","/health","질환 알아보기","navigation"
"/health/trust/privacy","/health/guides/danger-signals","몸이 보내는 신호","navigation"
"/health/trust/privacy","/health/guides/reading-health-results","검사·건강수치","navigation"
"/health/trust/privacy","/health/guides/family-medication-support","가족 건강","navigation"
"/health/trust/privacy","/health","건강 도구","navigation"
"/health/trust/privacy","/health/trust/about","오누림 소개","navigation"
"/health/trust/privacy","/health/trust/corrections-policy","정정 경로의 현재 상태와 공개 게시 주의사항","content"
"/health/trust/privacy","/health/trust/contact","문의 경로와 접수 확인 한계","content"
"/health/trust/privacy","/health","20개 질환 안내","navigation"
"/health/trust/privacy","/health/guides/danger-signals","위험 신호","navigation"
"/health/trust/privacy","/health/guides/appointment-questions","진료 질문 준비","navigation"
"/health/trust/privacy","/health","건강 기록 도구","navigation"
"/health/trust/privacy","/health/trust/author","작성자","navigation"
"/health/trust/privacy","/health/trust/sources-policy","출처 원칙","navigation"
"/health/trust/privacy","/health/trust/corrections-policy","정정·문의","navigation"
"/health/trust/privacy","/health/trust/ai-disclosure","AI 활용 공개","navigation"
"/health/trust/privacy","/health/trust/advertising","광고 정책","navigation"
"/health/trust/privacy","/health/trust/disclaimer","면책 안내","navigation"
"/health/trust/privacy","/health/trust/privacy","개인정보","navigation"
"/health/trust/privacy","/health/trust/terms","이용약관","navigation"
"/health/trust/sources-policy","/health/trust/sources-policy","본문으로 건너뛰기","content"
"/health/trust/sources-policy","/","OONURIM오누림","navigation"
"/health/trust/sources-policy","/health","질환 알아보기","navigation"
"/health/trust/sources-policy","/health/guides/danger-signals","몸이 보내는 신호","navigation"
"/health/trust/sources-policy","/health/guides/reading-health-results","검사·건강수치","navigation"
"/health/trust/sources-policy","/health/guides/family-medication-support","가족 건강","navigation"
"/health/trust/sources-policy","/health","건강 도구","navigation"
"/health/trust/sources-policy","/health/trust/about","오누림 소개","navigation"
"/health/trust/sources-policy","/health/guides/understanding-hba1c","출처와 설명을 함께 읽는 예: HbA1c 안내","content"
"/health/trust/sources-policy","/health/trust/medical-review-policy","출처 대조로 대신할 수 없는 의료 검토","content"
"/health/trust/sources-policy","/health/trust/corrections-policy","출처 오류·링크 문제의 정정 안내","content"
"/health/trust/sources-policy","/health/trust/editorial-policy","작성과 수정 단계의 편집 원칙","content"
"/health/trust/sources-policy","/health","20개 질환 안내","navigation"
"/health/trust/sources-policy","/health/guides/danger-signals","위험 신호","navigation"
"/health/trust/sources-policy","/health/guides/appointment-questions","진료 질문 준비","navigation"
"/health/trust/sources-policy","/health","건강 기록 도구","navigation"
"/health/trust/sources-policy","/health/trust/author","작성자","navigation"
"/health/trust/sources-policy","/health/trust/sources-policy","출처 원칙","navigation"
"/health/trust/sources-policy","/health/trust/corrections-policy","정정·문의","navigation"
"/health/trust/sources-policy","/health/trust/ai-disclosure","AI 활용 공개","navigation"
"/health/trust/sources-policy","/health/trust/advertising","광고 정책","navigation"
"/health/trust/sources-policy","/health/trust/disclaimer","면책 안내","navigation"
"/health/trust/sources-policy","/health/trust/privacy","개인정보","navigation"
"/health/trust/sources-policy","/health/trust/terms","이용약관","navigation"
"/health/trust/terms","/health/trust/terms","본문으로 건너뛰기","content"
"/health/trust/terms","/","OONURIM오누림","navigation"
"/health/trust/terms","/health","질환 알아보기","navigation"
"/health/trust/terms","/health/guides/danger-signals","몸이 보내는 신호","navigation"
"/health/trust/terms","/health/guides/reading-health-results","검사·건강수치","navigation"
"/health/trust/terms","/health/guides/family-medication-support","가족 건강","navigation"
"/health/trust/terms","/health","건강 도구","navigation"
"/health/trust/terms","/health/trust/about","오누림 소개","navigation"
"/health/trust/terms","/health/trust/privacy","기록표·출력물과 개인정보 안내","content"
"/health/trust/terms","/health/trust/disclaimer","건강정보와 개인 의료 판단의 경계","content"
"/health/trust/terms","/health/trust/corrections-policy","정정 원칙과 접수 경로 확인","content"
"/health/trust/terms","/health","20개 질환 안내","navigation"
"/health/trust/terms","/health/guides/danger-signals","위험 신호","navigation"
"/health/trust/terms","/health/guides/appointment-questions","진료 질문 준비","navigation"
"/health/trust/terms","/health","건강 기록 도구","navigation"
"/health/trust/terms","/health/trust/author","작성자","navigation"
"/health/trust/terms","/health/trust/sources-policy","출처 원칙","navigation"
"/health/trust/terms","/health/trust/corrections-policy","정정·문의","navigation"
"/health/trust/terms","/health/trust/ai-disclosure","AI 활용 공개","navigation"
"/health/trust/terms","/health/trust/advertising","광고 정책","navigation"
"/health/trust/terms","/health/trust/disclaimer","면책 안내","navigation"
"/health/trust/terms","/health/trust/privacy","개인정보","navigation"
"/health/trust/terms","/health/trust/terms","이용약관","navigation"
"/health/type-2-diabetes","/health/type-2-diabetes","본문으로 건너뛰기","content"
"/health/type-2-diabetes","/","OONURIM오누림","navigation"
"/health/type-2-diabetes","/health","질환 알아보기","navigation"
"/health/type-2-diabetes","/health/guides/danger-signals","몸이 보내는 신호","navigation"
"/health/type-2-diabetes","/health/guides/reading-health-results","검사·건강수치","navigation"
"/health/type-2-diabetes","/health/guides/family-medication-support","가족 건강","navigation"
"/health/type-2-diabetes","/health","건강 도구","navigation"
"/health/type-2-diabetes","/health/trust/about","오누림 소개","navigation"
"/health/type-2-diabetes","/health/trust/author","박영훈 · 비의료인 건강정보 편집자","navigation"
"/health/type-2-diabetes","/health/type-2-diabetes","응급 신호와 119 안내 바로 보기","content"
"/health/type-2-diabetes","/health/type-2-diabetes","SRC-KDCA-DIA","content"
"/health/type-2-diabetes","/health/type-2-diabetes","SRC-NIDDK-T2D","content"
"/health/type-2-diabetes","/health/guides/understanding-hba1c","HbA1c 결과지의 NGSP·IFCC 단위 읽기","content"
"/health/type-2-diabetes","/health/guides/reading-health-results","검사표에서 이름·단위·후속 안내 찾기","content"
"/health/type-2-diabetes","/health/type-2-diabetes","NIH/NIDDK","content"
"/health/type-2-diabetes","/health/type-2-diabetes","NIH/NIDDK","content"
"/health/type-2-diabetes","/health/type-2-diabetes","NIH/NIDDK","content"
"/health/type-2-diabetes","/health/type-2-diabetes","질병관리청 국가건강정보포털","content"
"/health/type-2-diabetes","/health/type-2-diabetes","NIH/NIDDK","content"
"/health/type-2-diabetes","/health/type-2-diabetes","NIH/NIDDK","content"
"/health/type-2-diabetes","/health/hypertension","함께 살피는 혈압과 가정 측정","content"
"/health/type-2-diabetes","/health/type-2-diabetes","질병관리청 국가건강정보포털","content"
"/health/type-2-diabetes","/health/type-2-diabetes","NIH/NIDDK","content"
"/health/type-2-diabetes","/health/type-2-diabetes","NHS","content"
"/health/type-2-diabetes","/health/tools/diabetes-questions","저혈당·아픈 날의 계획을 물을 진료 질문 카드","content"
"/health/type-2-diabetes","/health/type-2-diabetes","CDC","content"
"/health/type-2-diabetes","/health/type-2-diabetes","NHS","content"
"/health/type-2-diabetes","/health/type-2-diabetes","CDC","content"
"/health/type-2-diabetes","/health/guides/danger-signals","그 밖의 즉시 도움을 요청해야 하는 위험 신호","content"
"/health/type-2-diabetes","/health/type-2-diabetes","CDC","content"
"/health/type-2-diabetes","/health/type-2-diabetes","NHS","content"
"/health/type-2-diabetes","/health/type-2-diabetes","CDC","content"
"/health/type-2-diabetes","/health/type-2-diabetes","질병관리청 국가건강정보포털","content"
"/health/type-2-diabetes","/health/tools/glucose-observation-log","혈당과 생활 맥락을 함께 적는 관찰 기록표","content"
"/health/type-2-diabetes","/health/guides/medication-list","처방약·일반약·보충제를 빠뜨리지 않는 복용약 목록","content"
"/health/type-2-diabetes","/health/type-2-diabetes","NIH/NIDDK","content"
"/health/type-2-diabetes","/health/type-2-diabetes","CDC","content"
"/health/type-2-diabetes","/health/type-2-diabetes","NIH/NIDDK","content"
"/health/type-2-diabetes","/health/type-2-diabetes","NIH/NIDDK","content"
"/health/type-2-diabetes","/health/type-2-diabetes","NIH/NIDDK","content"
"/health/type-2-diabetes","/health/type-2-diabetes","NHS","content"
"/health/type-2-diabetes","/health/type-2-diabetes","CDC","content"
"/health/type-2-diabetes","/health/type-2-diabetes","NIH/NIDDK","content"
"/health/type-2-diabetes","/health/type-2-diabetes","NIH/NIDDK","content"
"/health/type-2-diabetes","/health/type-2-diabetes","NIH/NIDDK","content"
"/health/type-2-diabetes","/health/type-2-diabetes","NIH/NIDDK","content"
"/health/type-2-diabetes","/health/type-2-diabetes","CDC","content"
"/health/type-2-diabetes","/health/type-2-diabetes","NHS","content"
"/health/type-2-diabetes","/health/type-2-diabetes","질병관리청 국가건강정보포털","content"
"/health/type-2-diabetes","/health/trust/sources-policy","출처 선정 기준","content"
"/health/type-2-diabetes","/health/trust/editorial-policy","편집 원칙","content"
"/health/type-2-diabetes","/health/trust/medical-review-policy","의료 검수 현재 상태","content"
"/health/type-2-diabetes","/health","건강 가이드 전체 보기","content"
"/health/type-2-diabetes","/health/tools/glucose-observation-log","혈당 관찰 기록표이미 측정 중인 사람이 숫자와 생활 맥락을 함께 적는 기록지입니다.","content"
"/health/type-2-diabetes","/health/tools/diabetes-questions","제2형 당뇨병 진료 질문지검사 의미와 다음 행동을 의료진에게 확인하기 위한 질문지입니다.","content"
"/health/type-2-diabetes","/health/tools/family-support-checklist","가족 지원 체크리스트감시와 비난을 줄이고 당사자가 원하는 도움을 확인합니다.","content"
"/health/type-2-diabetes","/health/tools/diabetes-test-terms","혈당 검사 용어 한 장공복혈당과 HbA1c가 보는 시간 범위를 구분합니다.","content"
"/health/type-2-diabetes","/health","20개 질환 안내","navigation"
"/health/type-2-diabetes","/health/guides/danger-signals","위험 신호","navigation"
"/health/type-2-diabetes","/health/guides/appointment-questions","진료 질문 준비","navigation"
"/health/type-2-diabetes","/health","건강 기록 도구","navigation"
"/health/type-2-diabetes","/health/trust/author","작성자","navigation"
"/health/type-2-diabetes","/health/trust/sources-policy","출처 원칙","navigation"
"/health/type-2-diabetes","/health/trust/corrections-policy","정정·문의","navigation"
"/health/type-2-diabetes","/health/trust/ai-disclosure","AI 활용 공개","navigation"
"/health/type-2-diabetes","/health/trust/advertising","광고 정책","navigation"
"/health/type-2-diabetes","/health/trust/disclaimer","면책 안내","navigation"
"/health/type-2-diabetes","/health/trust/privacy","개인정보","navigation"
"/health/type-2-diabetes","/health/trust/terms","이용약관","navigation"
"/health/urinary-tract-infection","/health/urinary-tract-infection","본문으로 건너뛰기","content"
"/health/urinary-tract-infection","/","OONURIM오누림","navigation"
"/health/urinary-tract-infection","/health","질환 알아보기","navigation"
"/health/urinary-tract-infection","/health/guides/danger-signals","몸이 보내는 신호","navigation"
"/health/urinary-tract-infection","/health/guides/reading-health-results","검사·건강수치","navigation"
"/health/urinary-tract-infection","/health/guides/family-medication-support","가족 건강","navigation"
"/health/urinary-tract-infection","/health","건강 도구","navigation"
"/health/urinary-tract-infection","/health/trust/about","오누림 소개","navigation"
"/health/urinary-tract-infection","/health/trust/author","박영훈 · 비의료인 건강정보 편집자","navigation"
"/health/urinary-tract-infection","/health/urinary-tract-infection","응급 신호와 119 안내 바로 보기","content"
"/health/urinary-tract-infection","/health/urinary-tract-infection","SRC-NIDDK-UTI-DEFINITION","content"
"/health/urinary-tract-infection","/health/urinary-tract-infection","SRC-NIDDK-UTI-SYMPTOMS","content"
"/health/urinary-tract-infection","/health/guides/danger-signals","호흡·의식 등 갑작스러운 위험 신호와 도움 요청","content"
"/health/urinary-tract-infection","/health/urinary-tract-infection","NHS","content"
"/health/urinary-tract-infection","/health/urinary-tract-infection","NHS","content"
"/health/urinary-tract-infection","/health/urinary-tract-infection","NIH/NIDDK","content"
"/health/urinary-tract-infection","/health/urinary-tract-infection","질병관리청 국가건강정보포털","content"
"/health/urinary-tract-infection","/health/urinary-tract-infection","NIH/NIDDK","content"
"/health/urinary-tract-infection","/health/urinary-tract-infection","NIH/NIDDK","content"
"/health/urinary-tract-infection","/health/urinary-tract-infection","NIH/NIDDK","content"
"/health/urinary-tract-infection","/health/urinary-tract-infection","질병관리청 국가건강정보포털","content"
"/health/urinary-tract-infection","/health/kidney-stones","결석의 소변길 위치와 검사 후 확인할 내용","content"
"/health/urinary-tract-infection","/health/guides/symptom-journal","기억나는 변화와 모르는 부분을 나눠 적는 증상 일지","content"
"/health/urinary-tract-infection","/health/urinary-tract-infection","질병관리청 국가건강정보포털","content"
"/health/urinary-tract-infection","/health/urinary-tract-infection","NHS","content"
"/health/urinary-tract-infection","/health/urinary-tract-infection","NIH/NIDDK","content"
"/health/urinary-tract-infection","/health/guides/reading-health-results","검사 표시와 진단·다음 계획을 구분해 읽기","content"
"/health/urinary-tract-infection","/health/urinary-tract-infection","NIH/NIDDK","content"
"/health/urinary-tract-infection","/health/urinary-tract-infection","질병관리청 국가건강정보포털","content"
"/health/urinary-tract-infection","/health/urinary-tract-infection","NHS","content"
"/health/urinary-tract-infection","/health/urinary-tract-infection","MedlinePlus / A.D.A.M.","content"
"/health/urinary-tract-infection","/health/guides/medication-list","최근 항생제와 알레르기 정보를 포함할 약 목록","content"
"/health/urinary-tract-infection","/health/urinary-tract-infection","CDC","content"
"/health/urinary-tract-infection","/health/urinary-tract-infection","NIH/NIDDK","content"
"/health/urinary-tract-infection","/health/urinary-tract-infection","NHS","content"
"/health/urinary-tract-infection","/health/urinary-tract-infection","NHS","content"
"/health/urinary-tract-infection","/health/tools/urinary-tract-infection-visit-card","요로감염 관찰·진료 질문 카드","content"
"/health/urinary-tract-infection","/health/guides/appointment-questions","진료 답변을 다음 행동과 연결하는 질문","content"
"/health/urinary-tract-infection","/health/urinary-tract-infection","NHS","content"
"/health/urinary-tract-infection","/health/urinary-tract-infection","NIH/NIDDK","content"
"/health/urinary-tract-infection","/health/urinary-tract-infection","NIH/NIDDK","content"
"/health/urinary-tract-infection","/health/urinary-tract-infection","질병관리청 국가건강정보포털","content"
"/health/urinary-tract-infection","/health/urinary-tract-infection","NIH/NIDDK","content"
"/health/urinary-tract-infection","/health/urinary-tract-infection","NIH/NIDDK","content"
"/health/urinary-tract-infection","/health/urinary-tract-infection","질병관리청 국가건강정보포털","content"
"/health/urinary-tract-infection","/health/urinary-tract-infection","NHS","content"
"/health/urinary-tract-infection","/health/urinary-tract-infection","질병관리청 국가건강정보포털","content"
"/health/urinary-tract-infection","/health/urinary-tract-infection","질병관리청 국가건강정보포털","content"
"/health/urinary-tract-infection","/health/urinary-tract-infection","NIH/NIDDK","content"
"/health/urinary-tract-infection","/health/urinary-tract-infection","질병관리청 국가건강정보포털","content"
"/health/urinary-tract-infection","/health/urinary-tract-infection","NIH/NIDDK","content"
"/health/urinary-tract-infection","/health/urinary-tract-infection","NIH/NIDDK","content"
"/health/urinary-tract-infection","/health/urinary-tract-infection","NHS","content"
"/health/urinary-tract-infection","/health/urinary-tract-infection","질병관리청 국가건강정보포털","content"
"/health/urinary-tract-infection","/health/urinary-tract-infection","NIH/NIDDK","content"
"/health/urinary-tract-infection","/health/urinary-tract-infection","CDC","content"
"/health/urinary-tract-infection","/health/urinary-tract-infection","NIH/NIDDK","content"
"/health/urinary-tract-infection","/health/trust/sources-policy","출처 선정 기준","content"
"/health/urinary-tract-infection","/health/trust/editorial-policy","편집 원칙","content"
"/health/urinary-tract-infection","/health/trust/medical-review-policy","의료 검수 현재 상태","content"
"/health/urinary-tract-infection","/health","건강 가이드 전체 보기","content"
"/health/urinary-tract-infection","/health/tools/urinary-tract-infection-visit-card","요로감염 진료 메모배뇨·몸 상태 변화와 개인 상황·최근 검사·항생제를 정리해 결과 전달과 재연락 계획을 묻는 인쇄 보조표입니다.","content"
"/health/urinary-tract-infection","/health","20개 질환 안내","navigation"
"/health/urinary-tract-infection","/health/guides/danger-signals","위험 신호","navigation"
"/health/urinary-tract-infection","/health/guides/appointment-questions","진료 질문 준비","navigation"
"/health/urinary-tract-infection","/health","건강 기록 도구","navigation"
"/health/urinary-tract-infection","/health/trust/author","작성자","navigation"
"/health/urinary-tract-infection","/health/trust/sources-policy","출처 원칙","navigation"
"/health/urinary-tract-infection","/health/trust/corrections-policy","정정·문의","navigation"
"/health/urinary-tract-infection","/health/trust/ai-disclosure","AI 활용 공개","navigation"
"/health/urinary-tract-infection","/health/trust/advertising","광고 정책","navigation"
"/health/urinary-tract-infection","/health/trust/disclaimer","면책 안내","navigation"
"/health/urinary-tract-infection","/health/trust/privacy","개인정보","navigation"
"/health/urinary-tract-infection","/health/trust/terms","이용약관","navigation"
